job_id,job_title,domain,company,location,state,employment_type,seniority,salary_min_lpa,salary_max_lpa,experience_min_years,experience_max_years,job_description,skills,skills_count,source_type,source_note
SKL100001,Machine Learning Engineer,AI & Machine Learning,DataBridge,Pune,Maharashtra,Full-time,Mid Level,8.7,10.2,2,4,"Develop, test, deploy, and maintain machine-learning pipelines and production models. The role is based in Pune and works with cross-functional teams.","JavaScript, Scikit-learn, Docker, Sensors, Python, TensorFlow, PyTorch, Machine Learning",8,Synthetic demo data,Generated for SKILLYNTRA prototype; not live job-posting data.
SKL100002,Predictive Maintenance Engineer,Engineering & Manufacturing,TechNova Solutions,Delhi,Delhi,Full-time,Senior,11.3,15.8,4,6,Use machine and sensor data to identify failure patterns and improve maintenance planning. The role is based in Delhi and works with cross-functional teams.,"PLC, IoT, Communication, Python, Machine Learning, Predictive Maintenance, Sensor Analytics",7,Synthetic demo data,Generated for SKILLYNTRA prototype; not live job-posting data.
SKL100003,Cybersecurity Analyst,Cybersecurity,Vertex Systems,Nashik,Maharashtra,Full-time,Mid Level,4.8,6.3,2,3,"Monitor security events, investigate incidents, assess risks, and support security controls. The role is based in Nashik and works with cross-functional teams.","Market Research, Python, Linux, Incident Response, SIEM, Cybersecurity, Networking",7,Synthetic demo data,Generated for SKILLYNTRA prototype; not live job-posting data.
SKL100004,Electronics Engineer,Electronics & Embedded,Quantix Labs,Kolkata,West Bengal,Full-time,Senior,8.1,9.3,4,6,"Design, test, and troubleshoot electronic systems, PCBs, and embedded hardware. The role is based in Kolkata and works with cross-functional teams.","Testing, MATLAB, C, Embedded Systems, Circuit Design, PCB Design",6,Synthetic demo data,Generated for SKILLYNTRA prototype; not live job-posting data.
SKL100005,Automation Engineer,Engineering & Automation,Quantix Labs,Noida,Uttar Pradesh,Contract,Junior,6.8,11.2,1,4,"Design and maintain industrial automation systems, PLC programs, sensors, and control workflows. The role is based in Noida and works with cross-functional teams.","Industrial Automation, IoT, PLC, TensorFlow, Node.js, Sensors, Python, SCADA",8,Synthetic demo data,Generated for SKILLYNTRA prototype; not live job-posting data.
SKL100006,Cybersecurity Analyst,Cybersecurity,CoreStack,Kolkata,West Bengal,Full-time,Junior,11.6,16.5,1,4,"Monitor security events, investigate incidents, assess risks, and support security controls. The role is based in Kolkata and works with cross-functional teams.","Python, Incident Response, Linux, SIEM, Networking, Cybersecurity",6,Synthetic demo data,Generated for SKILLYNTRA prototype; not live job-posting data.
SKL100007,Embedded Systems Engineer,Electronics & Embedded,SmartFab Technologies,Kolkata,West Bengal,Contract,Junior,7.6,13.1,1,5,Develop firmware and embedded applications for microcontrollers and connected devices. The role is based in Kolkata and works with cross-functional teams.,"C, RTOS, Microcontrollers, CI/CD, Git, C++, Embedded Systems",7,Synthetic demo data,Generated for SKILLYNTRA prototype; not live job-posting data.
SKL100008,HR Analyst,HR & Operations,IndusWorks,Nagpur,Maharashtra,Full-time,Senior,3.5,4.8,4,8,"Analyze workforce data, prepare HR reports, and support evidence-based people and talent decisions. The role is based in Nagpur and works with cross-functional teams.","Excel, Communication, Power BI, Data Analysis, HR Analytics",5,Synthetic demo data,Generated for SKILLYNTRA prototype; not live job-posting data.
SKL100009,Game Developer,Gaming & Interactive,SkillTech,Bengaluru,Karnataka,Full-time,Mid Level,12.7,18.0,3,6,"Develop gameplay systems, implement mechanics, optimize performance, and collaborate with design teams. The role is based in Bengaluru and works with cross-functional teams.","Git, Unity, Game Development, C#, C++, 3D Mathematics",6,Synthetic demo data,Generated for SKILLYNTRA prototype; not live job-posting data.
SKL100010,Product Manager,Product & Business,Nova Mobility,Bengaluru,Karnataka,Full-time,Senior,19.4,24.8,5,6,"Define product priorities, analyze user and market needs, coordinate teams, and measure product outcomes. The role is based in Bengaluru and works with cross-functional teams.","SQL, Communication, Agile, Product Management, Analytics, Market Research, JavaScript",7,Synthetic demo data,Generated for SKILLYNTRA prototype; not live job-posting data.
SKL100011,Software Engineer,Software & IT,Nova Mobility,Thane,Maharashtra,Full-time,Senior,11.0,14.4,4,5,"Design, develop, test, and maintain software services while collaborating with engineering teams. The role is based in Thane and works with cross-functional teams.","Git, REST API, Python, Java, Data Structures, SQL",6,Synthetic demo data,Generated for SKILLYNTRA prototype; not live job-posting data.
SKL100012,AI Engineer,AI & Machine Learning,AutoNext,Gurugram,Haryana,Contract,Junior,8.7,12.0,1,3,"Develop and deploy AI solutions, integrate machine-learning models into applications, and improve production performance. The role is based in Gurugram and works with cross-functional teams.","Python, PyTorch, SQL, Deep Learning, Cybersecurity, TensorFlow, Machine Learning, CAD",8,Synthetic demo data,Generated for SKILLYNTRA prototype; not live job-posting data.
SKL100013,Predictive Maintenance Engineer,Engineering & Manufacturing,Apex Digital,Hyderabad,Telangana,Full-time,Junior,5.1,6.2,1,3,Use machine and sensor data to identify failure patterns and improve maintenance planning. The role is based in Hyderabad and works with cross-functional teams.,"MATLAB, Machine Learning, Predictive Maintenance, IoT, PLC, Communication, Python, Sensor Analytics",8,Synthetic demo data,Generated for SKILLYNTRA prototype; not live job-posting data.
SKL100014,AI Engineer,AI & Machine Learning,CloudSphere,Chennai,Tamil Nadu,Contract,Mid Level,9.8,11.4,3,7,"Develop and deploy AI solutions, integrate machine-learning models into applications, and improve production performance. The role is based in Chennai and works with cross-functional teams.","TensorFlow, Deep Learning, Python, Machine Learning, SQL, Industrial AI, Linux, PyTorch",8,Synthetic demo data,Generated for SKILLYNTRA prototype; not live job-posting data.
SKL100015,HR Analyst,HR & Operations,Prime Automation,Bengaluru,Karnataka,Full-time,Mid Level,7.0,13.0,3,4,"Analyze workforce data, prepare HR reports, and support evidence-based people and talent decisions. The role is based in Bengaluru and works with cross-functional teams.","Data Analysis, HR Analytics, Power BI, Communication, Excel",5,Synthetic demo data,Generated for SKILLYNTRA prototype; not live job-posting data.
SKL100016,DevOps Engineer,Cloud & DevOps,Vertex Systems,Nagpur,Maharashtra,Full-time,Senior,7.7,9.6,5,9,"Automate software delivery, maintain CI/CD pipelines, monitor systems, and improve deployment reliability. The role is based in Nagpur and works with cross-functional teams.","Docker, Kubernetes, CI/CD, Git, AWS, Linux, Data Analysis",7,Synthetic demo data,Generated for SKILLYNTRA prototype; not live job-posting data.
SKL100017,DevOps Engineer,Cloud & DevOps,Prime Automation,Nashik,Maharashtra,Contract,Senior,8.6,11.6,4,8,"Automate software delivery, maintain CI/CD pipelines, monitor systems, and improve deployment reliability. The role is based in Nashik and works with cross-functional teams.","CI/CD, Kubernetes, Git, Linux, AWS, Docker",6,Synthetic demo data,Generated for SKILLYNTRA prototype; not live job-posting data.
SKL100018,Product Manager,Product & Business,CoreStack,Bengaluru,Karnataka,Full-time,Senior,9.0,11.5,7,11,"Define product priorities, analyze user and market needs, coordinate teams, and measure product outcomes. The role is based in Bengaluru and works with cross-functional teams.","SQL, Market Research, Agile, Product Management, Communication, Analytics",6,Synthetic demo data,Generated for SKILLYNTRA prototype; not live job-posting data.
SKL100019,Data Scientist,AI & Data,AutoNext,Delhi,Delhi,Contract,Senior,6.6,10.1,5,7,"Build statistical and machine-learning models, prepare datasets, evaluate model performance, and communicate findings. The role is based in Delhi and works with cross-functional teams.","SQL, Statistics, Machine Learning, Scikit-learn, Pandas, Python",6,Synthetic demo data,Generated for SKILLYNTRA prototype; not live job-posting data.
SKL100020,Machine Learning Engineer,AI & Machine Learning,InsightWorks,Kolkata,West Bengal,Full-time,Mid Level,14.4,17.5,2,3,"Develop, test, deploy, and maintain machine-learning pipelines and production models. The role is based in Kolkata and works with cross-functional teams.","Python, PyTorch, TensorFlow, Java, Linux, Machine Learning, Scikit-learn, Docker",8,Synthetic demo data,Generated for SKILLYNTRA prototype; not live job-posting data.
SKL100021,Product Manager,Product & Business,SmartFab Technologies,Hyderabad,Telangana,Full-time,Mid Level,13.0,18.9,2,3,"Define product priorities, analyze user and market needs, coordinate teams, and measure product outcomes. The role is based in Hyderabad and works with cross-functional teams.","Communication, SQL, Agile, Market Research, Analytics, Product Management",6,Synthetic demo data,Generated for SKILLYNTRA prototype; not live job-posting data.
SKL100022,HR Analyst,HR & Operations,NextGen Analytics,Kolkata,West Bengal,Full-time,Junior,4.7,7.9,1,4,"Analyze workforce data, prepare HR reports, and support evidence-based people and talent decisions. The role is based in Kolkata and works with cross-functional teams.","Communication, HR Analytics, Power BI, Excel, Docker, Predictive Maintenance, Data Analysis",7,Synthetic demo data,Generated for SKILLYNTRA prototype; not live job-posting data.
SKL100023,Software Engineer,Software & IT,Apex Digital,Aurangabad,Maharashtra,Full-time,Entry Level,7.7,11.7,0,2,"Design, develop, test, and maintain software services while collaborating with engineering teams. The role is based in Aurangabad and works with cross-functional teams.","EV Analytics, Java, Data Structures, Python, SQL, Git, Circuit Design, REST API",8,Synthetic demo data,Generated for SKILLYNTRA prototype; not live job-posting data.
SKL100024,Data Scientist,AI & Data,SmartFab Technologies,Pune,Maharashtra,Contract,Mid Level,7.6,10.8,2,5,"Build statistical and machine-learning models, prepare datasets, evaluate model performance, and communicate findings. The role is based in Pune and works with cross-functional teams.","Machine Learning, Statistics, Pandas, Scikit-learn, SQL, Git, JavaScript, Python",8,Synthetic demo data,Generated for SKILLYNTRA prototype; not live job-posting data.
SKL100025,Software Engineer,Software & IT,FutureGrid,Pune,Maharashtra,Full-time,Mid Level,14.0,16.0,2,3,"Design, develop, test, and maintain software services while collaborating with engineering teams. The role is based in Pune and works with cross-functional teams.","REST API, Java, Git, SQL, Python, Data Structures",6,Synthetic demo data,Generated for SKILLYNTRA prototype; not live job-posting data.
SKL100026,DevOps Engineer,Cloud & DevOps,Nova Mobility,Jaipur,Rajasthan,Contract,Mid Level,6.3,11.0,2,6,"Automate software delivery, maintain CI/CD pipelines, monitor systems, and improve deployment reliability. The role is based in Jaipur and works with cross-functional teams.","CI/CD, React, Linux, Kubernetes, Docker, Git, AWS",7,Synthetic demo data,Generated for SKILLYNTRA prototype; not live job-posting data.
SKL100027,Data Scientist,AI & Data,AutoNext,Jaipur,Rajasthan,Contract,Mid Level,14.2,17.5,2,4,"Build statistical and machine-learning models, prepare datasets, evaluate model performance, and communicate findings. The role is based in Jaipur and works with cross-functional teams.","Pandas, Statistics, Machine Learning, Python, Scikit-learn, SQL, RTOS",7,Synthetic demo data,Generated for SKILLYNTRA prototype; not live job-posting data.
SKL100028,Business Analyst,Business & Analytics,NextGen Analytics,Aurangabad,Maharashtra,Contract,Mid Level,9.1,12.1,2,5,"Gather business requirements, analyze operational data, create reports, and support decision-making. The role is based in Aurangabad and works with cross-functional teams.","Communication, Business Analysis, Embedded Systems, Statistics, Excel, Power BI, Testing, SQL",8,Synthetic demo data,Generated for SKILLYNTRA prototype; not live job-posting data.
SKL100029,HR Analyst,HR & Operations,SmartFab Technologies,Gurugram,Haryana,Full-time,Mid Level,5.3,9.2,3,4,"Analyze workforce data, prepare HR reports, and support evidence-based people and talent decisions. The role is based in Gurugram and works with cross-functional teams.","HR Analytics, Data Analysis, Power BI, Excel, Communication, Agile",6,Synthetic demo data,Generated for SKILLYNTRA prototype; not live job-posting data.
SKL100030,Mechanical Design Engineer,Engineering & Manufacturing,SmartFab Technologies,Mumbai,Maharashtra,Full-time,Senior,7.8,9.4,4,7,"Create and validate mechanical designs, prepare CAD models and drawings, and support manufacturing. The role is based in Mumbai and works with cross-functional teams.","AutoCAD, Manufacturing, SolidWorks, JavaScript, CAD, Mechanical Design, GD&T",7,Synthetic demo data,Generated for SKILLYNTRA prototype; not live job-posting data.
SKL100031,Cloud Engineer,Cloud & DevOps,InnoSoft,Bengaluru,Karnataka,Contract,Senior,12.8,15.3,6,8,"Design and maintain cloud infrastructure, automate deployments, and improve reliability and scalability. The role is based in Bengaluru and works with cross-functional teams.","AWS, 3D Mathematics, CI/CD, SQL, Docker, Azure, Linux, Kubernetes",8,Synthetic demo data,Generated for SKILLYNTRA prototype; not live job-posting data.
SKL100032,Cloud Engineer,Cloud & DevOps,AutoNext,Chennai,Tamil Nadu,Full-time,Senior,13.2,15.7,6,8,"Design and maintain cloud infrastructure, automate deployments, and improve reliability and scalability. The role is based in Chennai and works with cross-functional teams.","Docker, Kubernetes, PCB Design, Node.js, Linux, Azure, AWS, CI/CD",8,Synthetic demo data,Generated for SKILLYNTRA prototype; not live job-posting data.
SKL100033,Data Scientist,AI & Data,AutoNext,Nagpur,Maharashtra,Full-time,Senior,10.6,16.0,5,6,"Build statistical and machine-learning models, prepare datasets, evaluate model performance, and communicate findings. The role is based in Nagpur and works with cross-functional teams.","Scikit-learn, Python, Machine Learning, Pandas, SQL, PCB Design, Statistics, CSS",8,Synthetic demo data,Generated for SKILLYNTRA prototype; not live job-posting data.
SKL100034,Mechanical Design Engineer,Engineering & Manufacturing,Nova Mobility,Nagpur,Maharashtra,Contract,Senior,3.8,6.1,5,9,"Create and validate mechanical designs, prepare CAD models and drawings, and support manufacturing. The role is based in Nagpur and works with cross-functional teams.","AutoCAD, Manufacturing, GD&T, Mechanical Design, SolidWorks, CAD",6,Synthetic demo data,Generated for SKILLYNTRA prototype; not live job-posting data.
SKL100035,Electronics Engineer,Electronics & Embedded,BluePeak Consulting,Jaipur,Rajasthan,Full-time,Mid Level,9.3,14.1,3,7,"Design, test, and troubleshoot electronic systems, PCBs, and embedded hardware. The role is based in Jaipur and works with cross-functional teams.","Testing, Circuit Design, C, MATLAB, Industrial AI, Embedded Systems, PCB Design",7,Synthetic demo data,Generated for SKILLYNTRA prototype; not live job-posting data.
SKL100036,Automation Engineer,Engineering & Automation,FutureGrid,Mumbai,Maharashtra,Full-time,Junior,6.7,12.2,1,4,"Design and maintain industrial automation systems, PLC programs, sensors, and control workflows. The role is based in Mumbai and works with cross-functional teams.","Industrial Automation, PLC, IoT, Python, Sensors, SCADA",6,Synthetic demo data,Generated for SKILLYNTRA prototype; not live job-posting data.
SKL100037,AI Engineer,AI & Machine Learning,Prime Automation,Bengaluru,Karnataka,Full-time,Mid Level,12.4,14.4,3,7,"Develop and deploy AI solutions, integrate machine-learning models into applications, and improve production performance. The role is based in Bengaluru and works with cross-functional teams.","Deep Learning, SQL, Machine Learning, PyTorch, Python, TensorFlow, GD&T",7,Synthetic demo data,Generated for SKILLYNTRA prototype; not live job-posting data.
SKL100038,Product Manager,Product & Business,InnoSoft,Ahmedabad,Gujarat,Full-time,Senior,13.3,15.7,5,7,"Define product priorities, analyze user and market needs, coordinate teams, and measure product outcomes. The role is based in Ahmedabad and works with cross-functional teams.","Communication, Product Management, Analytics, Market Research, AWS, Agile, SQL",7,Synthetic demo data,Generated for SKILLYNTRA prototype; not live job-posting data.
SKL100039,Game Developer,Gaming & Interactive,InsightWorks,Delhi,Delhi,Full-time,Senior,4.8,7.9,5,6,"Develop gameplay systems, implement mechanics, optimize performance, and collaborate with design teams. The role is based in Delhi and works with cross-functional teams.","Git, Unity, Communication, 3D Mathematics, Game Development, C#, C++",7,Synthetic demo data,Generated for SKILLYNTRA prototype; not live job-posting data.
SKL100040,Business Analyst,Business & Analytics,InnoSoft,Ahmedabad,Gujarat,Full-time,Mid Level,6.0,7.4,2,6,"Gather business requirements, analyze operational data, create reports, and support decision-making. The role is based in Ahmedabad and works with cross-functional teams.","Power BI, Business Analysis, Excel, SQL, Communication, Statistics",6,Synthetic demo data,Generated for SKILLYNTRA prototype; not live job-posting data.
SKL100041,Data Scientist,AI & Data,TechNova Solutions,Ahmedabad,Gujarat,Contract,Mid Level,14.4,18.5,2,4,"Build statistical and machine-learning models, prepare datasets, evaluate model performance, and communicate findings. The role is based in Ahmedabad and works with cross-functional teams.","Scikit-learn, Pandas, Machine Learning, Python, Statistics, SQL",6,Synthetic demo data,Generated for SKILLYNTRA prototype; not live job-posting data.
SKL100042,Cybersecurity Analyst,Cybersecurity,Quantix Labs,Ahmedabad,Gujarat,Full-time,Junior,11.0,12.8,1,2,"Monitor security events, investigate incidents, assess risks, and support security controls. The role is based in Ahmedabad and works with cross-functional teams.","Business Analysis, Incident Response, Linux, SIEM, Networking, Cybersecurity, Python",7,Synthetic demo data,Generated for SKILLYNTRA prototype; not live job-posting data.
SKL100043,Embedded Systems Engineer,Electronics & Embedded,CloudSphere,Gurugram,Haryana,Full-time,Entry Level,11.7,15.7,0,3,Develop firmware and embedded applications for microcontrollers and connected devices. The role is based in Gurugram and works with cross-functional teams.,"Git, C++, Microcontrollers, Embedded Systems, C, RTOS",6,Synthetic demo data,Generated for SKILLYNTRA prototype; not live job-posting data.
SKL100044,AI Engineer,AI & Machine Learning,SmartFab Technologies,Chennai,Tamil Nadu,Contract,Junior,17.7,19.2,1,5,"Develop and deploy AI solutions, integrate machine-learning models into applications, and improve production performance. The role is based in Chennai and works with cross-functional teams.","Deep Learning, TensorFlow, Python, SQL, Machine Learning, PyTorch, Mechanical Design",7,Synthetic demo data,Generated for SKILLYNTRA prototype; not live job-posting data.
SKL100045,Automation Engineer,Engineering & Automation,InsightWorks,Bengaluru,Karnataka,Full-time,Mid Level,10.8,16.0,2,5,"Design and maintain industrial automation systems, PLC programs, sensors, and control workflows. The role is based in Bengaluru and works with cross-functional teams.","PLC, Sensors, Python, SCADA, IoT, Industrial Automation",6,Synthetic demo data,Generated for SKILLYNTRA prototype; not live job-posting data.
SKL100046,Data Analyst,Data & Analytics,SmartFab Technologies,Hyderabad,Telangana,Full-time,Junior,4.6,9.5,1,5,"Analyze business data, build dashboards, identify trends, and communicate actionable insights to stakeholders. The role is based in Hyderabad and works with cross-functional teams.","SQL, Excel, Data Analysis, Python, Power BI, Data Visualization, Statistics",7,Synthetic demo data,Generated for SKILLYNTRA prototype; not live job-posting data.
SKL100047,DevOps Engineer,Cloud & DevOps,Prime Automation,Gurugram,Haryana,Full-time,Senior,14.3,18.5,4,6,"Automate software delivery, maintain CI/CD pipelines, monitor systems, and improve deployment reliability. The role is based in Gurugram and works with cross-functional teams.","AWS, Docker, CI/CD, Kubernetes, Git, Linux, Industrial Automation",7,Synthetic demo data,Generated for SKILLYNTRA prototype; not live job-posting data.
SKL100048,Product Manager,Product & Business,InsightWorks,Noida,Uttar Pradesh,Full-time,Senior,14.2,16.9,4,8,"Define product priorities, analyze user and market needs, coordinate teams, and measure product outcomes. The role is based in Noida and works with cross-functional teams.","MATLAB, Product Management, Market Research, Analytics, Agile, SQL, Excel, Communication",8,Synthetic demo data,Generated for SKILLYNTRA prototype; not live job-posting data.
SKL100049,Cloud Engineer,Cloud & DevOps,Apex Digital,Thane,Maharashtra,Full-time,Senior,8.1,12.8,6,8,"Design and maintain cloud infrastructure, automate deployments, and improve reliability and scalability. The role is based in Thane and works with cross-functional teams.","Azure, Docker, AWS, Linux, CI/CD, PyTorch, Kubernetes",7,Synthetic demo data,Generated for SKILLYNTRA prototype; not live job-posting data.
SKL100050,DevOps Engineer,Cloud & DevOps,Nova Mobility,Thane,Maharashtra,Contract,Mid Level,14.5,16.1,3,4,"Automate software delivery, maintain CI/CD pipelines, monitor systems, and improve deployment reliability. The role is based in Thane and works with cross-functional teams.","Docker, Git, AWS, Kubernetes, CI/CD, Linux",6,Synthetic demo data,Generated for SKILLYNTRA prototype; not live job-posting data.
SKL100051,Machine Learning Engineer,AI & Machine Learning,TechNova Solutions,Jaipur,Rajasthan,Contract,Senior,12.6,15.8,5,8,"Develop, test, deploy, and maintain machine-learning pipelines and production models. The role is based in Jaipur and works with cross-functional teams.","Machine Learning, PyTorch, Docker, TensorFlow, Scikit-learn, Python",6,Synthetic demo data,Generated for SKILLYNTRA prototype; not live job-posting data.
SKL100052,Industrial AI Engineer,Engineering & AI,InsightWorks,Mumbai,Maharashtra,Contract,Senior,7.7,12.7,6,7,"Apply AI and computer vision to industrial processes, sensor data, and intelligent automation systems. The role is based in Mumbai and works with cross-functional teams.","Azure, SQL, IoT, Computer Vision, Industrial AI, Python, Machine Learning",7,Synthetic demo data,Generated for SKILLYNTRA prototype; not live job-posting data.
SKL100053,Automation Engineer,Engineering & Automation,VisionEdge,Kolkata,West Bengal,Full-time,Mid Level,6.4,10.5,2,6,"Design and maintain industrial automation systems, PLC programs, sensors, and control workflows. The role is based in Kolkata and works with cross-functional teams.","Python, PLC, IoT, Industrial Automation, Sensors, Predictive Maintenance, Unity, SCADA",8,Synthetic demo data,Generated for SKILLYNTRA prototype; not live job-posting data.
SKL100054,DevOps Engineer,Cloud & DevOps,CoreStack,Nashik,Maharashtra,Full-time,Junior,6.0,9.3,1,3,"Automate software delivery, maintain CI/CD pipelines, monitor systems, and improve deployment reliability. The role is based in Nashik and works with cross-functional teams.","Java, CI/CD, Deep Learning, AWS, Git, Kubernetes, Docker, Linux",8,Synthetic demo data,Generated for SKILLYNTRA prototype; not live job-posting data.
SKL100055,Embedded Systems Engineer,Electronics & Embedded,Vertex Systems,Noida,Uttar Pradesh,Contract,Mid Level,8.9,13.1,3,4,Develop firmware and embedded applications for microcontrollers and connected devices. The role is based in Noida and works with cross-functional teams.,"RTOS, Embedded Systems, Microcontrollers, SIEM, Git, C, C++",7,Synthetic demo data,Generated for SKILLYNTRA prototype; not live job-posting data.
SKL100056,Machine Learning Engineer,AI & Machine Learning,FutureGrid,Hyderabad,Telangana,Full-time,Senior,18.3,21.8,6,10,"Develop, test, deploy, and maintain machine-learning pipelines and production models. The role is based in Hyderabad and works with cross-functional teams.","Docker, Machine Learning, Scikit-learn, TensorFlow, HTML, PyTorch, Python",7,Synthetic demo data,Generated for SKILLYNTRA prototype; not live job-posting data.
SKL100057,Data Analyst,Data & Analytics,CloudSphere,Mumbai,Maharashtra,Contract,Senior,8.5,12.9,4,5,"Analyze business data, build dashboards, identify trends, and communicate actionable insights to stakeholders. The role is based in Mumbai and works with cross-functional teams.","Power BI, MATLAB, Data Visualization, Statistics, Excel, SQL, Python",7,Synthetic demo data,Generated for SKILLYNTRA prototype; not live job-posting data.
SKL100058,Industrial AI Engineer,Engineering & AI,AutoNext,Mumbai,Maharashtra,Full-time,Mid Level,9.7,14.0,3,7,"Apply AI and computer vision to industrial processes, sensor data, and intelligent automation systems. The role is based in Mumbai and works with cross-functional teams.","Python, SQL, Machine Learning, Industrial AI, Computer Vision, IoT",6,Synthetic demo data,Generated for SKILLYNTRA prototype; not live job-posting data.
SKL100059,Automation Engineer,Engineering & Automation,SmartFab Technologies,Mumbai,Maharashtra,Contract,Mid Level,4.9,9.8,2,5,"Design and maintain industrial automation systems, PLC programs, sensors, and control workflows. The role is based in Mumbai and works with cross-functional teams.","Sensors, Python, React, Industrial Automation, SCADA, PLC, IoT, 3D Mathematics",8,Synthetic demo data,Generated for SKILLYNTRA prototype; not live job-posting data.
SKL100060,Data Scientist,AI & Data,DataBridge,Nagpur,Maharashtra,Contract,Senior,15.3,18.5,5,7,"Build statistical and machine-learning models, prepare datasets, evaluate model performance, and communicate findings. The role is based in Nagpur and works with cross-functional teams.","Machine Learning, C, Statistics, Industrial AI, SQL, Pandas, Scikit-learn, Python",8,Synthetic demo data,Generated for SKILLYNTRA prototype; not live job-posting data.
SKL100061,AI Engineer,AI & Machine Learning,Apex Digital,Nagpur,Maharashtra,Contract,Senior,15.4,17.2,4,5,"Develop and deploy AI solutions, integrate machine-learning models into applications, and improve production performance. The role is based in Nagpur and works with cross-functional teams.","Deep Learning, Python, IoT, Machine Learning, SQL, Data Structures, PyTorch, TensorFlow",8,Synthetic demo data,Generated for SKILLYNTRA prototype; not live job-posting data.
SKL100062,Cloud Engineer,Cloud & DevOps,SkillTech,Kolkata,West Bengal,Contract,Senior,15.5,17.9,5,7,"Design and maintain cloud infrastructure, automate deployments, and improve reliability and scalability. The role is based in Kolkata and works with cross-functional teams.","Docker, CI/CD, Azure, AWS, Linux, Kubernetes, GD&T",7,Synthetic demo data,Generated for SKILLYNTRA prototype; not live job-posting data.
SKL100063,Software Engineer,Software & IT,CoreStack,Hyderabad,Telangana,Full-time,Mid Level,8.3,13.1,3,6,"Design, develop, test, and maintain software services while collaborating with engineering teams. The role is based in Hyderabad and works with cross-functional teams.","Industrial AI, REST API, Python, Git, Data Structures, Java, SQL",7,Synthetic demo data,Generated for SKILLYNTRA prototype; not live job-posting data.
SKL100064,Business Analyst,Business & Analytics,AutoNext,Gurugram,Haryana,Full-time,Senior,7.1,11.4,5,9,"Gather business requirements, analyze operational data, create reports, and support decision-making. The role is based in Gurugram and works with cross-functional teams.","Business Analysis, CAD, Java, Power BI, Statistics, Communication, Excel, SQL",8,Synthetic demo data,Generated for SKILLYNTRA prototype; not live job-posting data.
SKL100065,Predictive Maintenance Engineer,Engineering & Manufacturing,VisionEdge,Kolkata,West Bengal,Full-time,Entry Level,8.4,12.7,0,2,Use machine and sensor data to identify failure patterns and improve maintenance planning. The role is based in Kolkata and works with cross-functional teams.,"PLC, Predictive Maintenance, IoT, Machine Learning, Sensor Analytics, Python",6,Synthetic demo data,Generated for SKILLYNTRA prototype; not live job-posting data.
SKL100066,Business Analyst,Business & Analytics,CoreStack,Jaipur,Rajasthan,Full-time,Mid Level,9.0,14.5,3,6,"Gather business requirements, analyze operational data, create reports, and support decision-making. The role is based in Jaipur and works with cross-functional teams.","Power BI, Excel, Business Analysis, Statistics, Scikit-learn, SQL, Communication",7,Synthetic demo data,Generated for SKILLYNTRA prototype; not live job-posting data.
SKL100067,AI Engineer,AI & Machine Learning,Apex Digital,Bengaluru,Karnataka,Full-time,Senior,12.8,17.2,6,7,"Develop and deploy AI solutions, integrate machine-learning models into applications, and improve production performance. The role is based in Bengaluru and works with cross-functional teams.","PyTorch, TensorFlow, Machine Learning, SQL, Deep Learning, Python",6,Synthetic demo data,Generated for SKILLYNTRA prototype; not live job-posting data.
SKL100068,Mechanical Design Engineer,Engineering & Manufacturing,CloudSphere,Nashik,Maharashtra,Contract,Senior,7.2,12.1,4,8,"Create and validate mechanical designs, prepare CAD models and drawings, and support manufacturing. The role is based in Nashik and works with cross-functional teams.","Mechanical Design, Manufacturing, GD&T, CAD, AutoCAD, SolidWorks",6,Synthetic demo data,Generated for SKILLYNTRA prototype; not live job-posting data.
SKL100069,Embedded Systems Engineer,Electronics & Embedded,CloudSphere,Nashik,Maharashtra,Full-time,Mid Level,8.1,12.5,3,6,Develop firmware and embedded applications for microcontrollers and connected devices. The role is based in Nashik and works with cross-functional teams.,"SolidWorks, Microcontrollers, C, C++, RTOS, Git, Embedded Systems",7,Synthetic demo data,Generated for SKILLYNTRA prototype; not live job-posting data.
SKL100070,Embedded Systems Engineer,Electronics & Embedded,Prime Automation,Aurangabad,Maharashtra,Full-time,Senior,8.1,10.6,5,8,Develop firmware and embedded applications for microcontrollers and connected devices. The role is based in Aurangabad and works with cross-functional teams.,"Git, RTOS, Embedded Systems, Scikit-learn, C++, C, Microcontrollers",7,Synthetic demo data,Generated for SKILLYNTRA prototype; not live job-posting data.
SKL100071,Product Manager,Product & Business,InnoSoft,Pune,Maharashtra,Full-time,Senior,14.4,18.8,4,5,"Define product priorities, analyze user and market needs, coordinate teams, and measure product outcomes. The role is based in Pune and works with cross-functional teams.","Analytics, SQL, Product Management, Communication, Market Research, Agile, Azure, Statistics",8,Synthetic demo data,Generated for SKILLYNTRA prototype; not live job-posting data.
SKL100072,Software Engineer,Software & IT,Apex Digital,Noida,Uttar Pradesh,Full-time,Senior,8.1,11.3,5,6,"Design, develop, test, and maintain software services while collaborating with engineering teams. The role is based in Noida and works with cross-functional teams.","Java, REST API, Excel, Git, Data Structures, Power BI, Python, SQL",8,Synthetic demo data,Generated for SKILLYNTRA prototype; not live job-posting data.
SKL100073,EV Data Analyst,Automotive & EV,Quantix Labs,Kolkata,West Bengal,Full-time,Senior,10.6,12.9,4,7,"Analyze electric-vehicle data, create dashboards, and identify operational and market trends. The role is based in Kolkata and works with cross-functional teams.","EV Analytics, Statistics, SQL, Python, Excel, Power BI, Unity",7,Synthetic demo data,Generated for SKILLYNTRA prototype; not live job-posting data.
SKL100074,DevOps Engineer,Cloud & DevOps,InnoSoft,Jaipur,Rajasthan,Full-time,Senior,7.1,10.1,5,8,"Automate software delivery, maintain CI/CD pipelines, monitor systems, and improve deployment reliability. The role is based in Jaipur and works with cross-functional teams.","Manufacturing, Docker, Git, CI/CD, Kubernetes, AWS, Linux",7,Synthetic demo data,Generated for SKILLYNTRA prototype; not live job-posting data.
SKL100075,Machine Learning Engineer,AI & Machine Learning,CloudSphere,Noida,Uttar Pradesh,Contract,Senior,14.4,20.2,4,5,"Develop, test, deploy, and maintain machine-learning pipelines and production models. The role is based in Noida and works with cross-functional teams.","SolidWorks, Docker, Scikit-learn, TensorFlow, Python, Machine Learning, PyTorch",7,Synthetic demo data,Generated for SKILLYNTRA prototype; not live job-posting data.
SKL100076,Machine Learning Engineer,AI & Machine Learning,MahaTech Industries,Nashik,Maharashtra,Contract,Junior,19.0,20.5,1,4,"Develop, test, deploy, and maintain machine-learning pipelines and production models. The role is based in Nashik and works with cross-functional teams.","Python, Scikit-learn, Docker, TensorFlow, Machine Learning, PyTorch",6,Synthetic demo data,Generated for SKILLYNTRA prototype; not live job-posting data.
SKL100077,Embedded Systems Engineer,Electronics & Embedded,IndusWorks,Gurugram,Haryana,Full-time,Mid Level,11.5,15.6,3,4,Develop firmware and embedded applications for microcontrollers and connected devices. The role is based in Gurugram and works with cross-functional teams.,"Agile, C, RTOS, Microcontrollers, C++, Embedded Systems, Git",7,Synthetic demo data,Generated for SKILLYNTRA prototype; not live job-posting data.
SKL100078,Machine Learning Engineer,AI & Machine Learning,Quantix Labs,Noida,Uttar Pradesh,Full-time,Senior,7.7,10.1,5,8,"Develop, test, deploy, and maintain machine-learning pipelines and production models. The role is based in Noida and works with cross-functional teams.","Docker, PyTorch, Scikit-learn, Machine Learning, Python, TensorFlow",6,Synthetic demo data,Generated for SKILLYNTRA prototype; not live job-posting data.
SKL100079,Business Analyst,Business & Analytics,IndusWorks,Nagpur,Maharashtra,Full-time,Senior,4.5,9.4,4,6,"Gather business requirements, analyze operational data, create reports, and support decision-making. The role is based in Nagpur and works with cross-functional teams.","Power BI, SQL, Business Analysis, Statistics, Excel, Communication",6,Synthetic demo data,Generated for SKILLYNTRA prototype; not live job-posting data.
SKL100080,Cybersecurity Analyst,Cybersecurity,IndusWorks,Jaipur,Rajasthan,Full-time,Junior,11.2,12.7,1,4,"Monitor security events, investigate incidents, assess risks, and support security controls. The role is based in Jaipur and works with cross-functional teams.","SIEM, Incident Response, Python, Networking, Cybersecurity, Linux",6,Synthetic demo data,Generated for SKILLYNTRA prototype; not live job-posting data.
SKL100081,Full Stack Developer,Software & IT,MahaTech Industries,Aurangabad,Maharashtra,Full-time,Junior,9.5,14.2,1,5,Build responsive web applications across frontend and backend services and integrate APIs and databases. The role is based in Aurangabad and works with cross-functional teams.,"React, Industrial AI, Node.js, SQL, JavaScript, Git, HTML, CSS",8,Synthetic demo data,Generated for SKILLYNTRA prototype; not live job-posting data.
SKL100082,Predictive Maintenance Engineer,Engineering & Manufacturing,VisionEdge,Aurangabad,Maharashtra,Full-time,Senior,5.1,8.5,5,6,Use machine and sensor data to identify failure patterns and improve maintenance planning. The role is based in Aurangabad and works with cross-functional teams.,"IoT, Machine Learning, Git, Predictive Maintenance, Sensor Analytics, Python, PLC",7,Synthetic demo data,Generated for SKILLYNTRA prototype; not live job-posting data.
SKL100083,Electronics Engineer,Electronics & Embedded,NextGen Analytics,Nashik,Maharashtra,Full-time,Junior,7.6,11.5,1,4,"Design, test, and troubleshoot electronic systems, PCBs, and embedded hardware. The role is based in Nashik and works with cross-functional teams.","Embedded Systems, PCB Design, Circuit Design, EV Analytics, Testing, Git, MATLAB, C",8,Synthetic demo data,Generated for SKILLYNTRA prototype; not live job-posting data.
SKL100084,Mechanical Design Engineer,Engineering & Manufacturing,CloudSphere,Hyderabad,Telangana,Full-time,Mid Level,8.9,11.9,3,6,"Create and validate mechanical designs, prepare CAD models and drawings, and support manufacturing. The role is based in Hyderabad and works with cross-functional teams.","CAD, SolidWorks, AutoCAD, Manufacturing, EV Analytics, Mechanical Design, GD&T, C",8,Synthetic demo data,Generated for SKILLYNTRA prototype; not live job-posting data.
SKL100085,AI Engineer,AI & Machine Learning,NextGen Analytics,Jaipur,Rajasthan,Contract,Junior,8.3,12.9,1,5,"Develop and deploy AI solutions, integrate machine-learning models into applications, and improve production performance. The role is based in Jaipur and works with cross-functional teams.","Machine Learning, SQL, PyTorch, Deep Learning, Python, TensorFlow",6,Synthetic demo data,Generated for SKILLYNTRA prototype; not live job-posting data.
SKL100086,HR Analyst,HR & Operations,Prime Automation,Jaipur,Rajasthan,Full-time,Entry Level,6.6,9.4,0,3,"Analyze workforce data, prepare HR reports, and support evidence-based people and talent decisions. The role is based in Jaipur and works with cross-functional teams.","Power BI, Data Analysis, Excel, Circuit Design, Communication, Kubernetes, HR Analytics",7,Synthetic demo data,Generated for SKILLYNTRA prototype; not live job-posting data.
SKL100087,Machine Learning Engineer,AI & Machine Learning,DataBridge,Ahmedabad,Gujarat,Full-time,Senior,16.7,21.9,5,7,"Develop, test, deploy, and maintain machine-learning pipelines and production models. The role is based in Ahmedabad and works with cross-functional teams.","Market Research, Machine Learning, TensorFlow, Node.js, Scikit-learn, Docker, PyTorch, Python",8,Synthetic demo data,Generated for SKILLYNTRA prototype; not live job-posting data.
SKL100088,Business Analyst,Business & Analytics,TechNova Solutions,Thane,Maharashtra,Contract,Junior,8.5,11.5,1,3,"Gather business requirements, analyze operational data, create reports, and support decision-making. The role is based in Thane and works with cross-functional teams.","Excel, Business Analysis, Power BI, Communication, SQL, Statistics",6,Synthetic demo data,Generated for SKILLYNTRA prototype; not live job-posting data.
SKL100089,Mechanical Design Engineer,Engineering & Manufacturing,SmartFab Technologies,Hyderabad,Telangana,Full-time,Junior,5.5,8.1,1,4,"Create and validate mechanical designs, prepare CAD models and drawings, and support manufacturing. The role is based in Hyderabad and works with cross-functional teams.","Mechanical Design, CAD, GD&T, Business Analysis, Manufacturing, Microcontrollers, SolidWorks, AutoCAD",8,Synthetic demo data,Generated for SKILLYNTRA prototype; not live job-posting data.
SKL100090,Automation Engineer,Engineering & Automation,Prime Automation,Noida,Uttar Pradesh,Full-time,Mid Level,7.3,9.4,3,7,"Design and maintain industrial automation systems, PLC programs, sensors, and control workflows. The role is based in Noida and works with cross-functional teams.","EV Analytics, SCADA, Sensors, IoT, Python, Industrial Automation, PLC, C",8,Synthetic demo data,Generated for SKILLYNTRA prototype; not live job-posting data.
SKL100091,DevOps Engineer,Cloud & DevOps,SkillTech,Bengaluru,Karnataka,Contract,Junior,8.5,14.2,1,2,"Automate software delivery, maintain CI/CD pipelines, monitor systems, and improve deployment reliability. The role is based in Bengaluru and works with cross-functional teams.","Docker, AWS, Linux, CI/CD, Git, Kubernetes",6,Synthetic demo data,Generated for SKILLYNTRA prototype; not live job-posting data.
SKL100092,Mechanical Design Engineer,Engineering & Manufacturing,IndusWorks,Nashik,Maharashtra,Full-time,Mid Level,6.8,11.9,3,5,"Create and validate mechanical designs, prepare CAD models and drawings, and support manufacturing. The role is based in Nashik and works with cross-functional teams.","GD&T, SolidWorks, Manufacturing, Azure, AutoCAD, Mechanical Design, CAD",7,Synthetic demo data,Generated for SKILLYNTRA prototype; not live job-posting data.
SKL100093,Business Analyst,Business & Analytics,Prime Automation,Delhi,Delhi,Full-time,Senior,9.7,12.8,4,8,"Gather business requirements, analyze operational data, create reports, and support decision-making. The role is based in Delhi and works with cross-functional teams.","Statistics, Excel, Communication, Power BI, SQL, Business Analysis",6,Synthetic demo data,Generated for SKILLYNTRA prototype; not live job-posting data.
SKL100094,AI Engineer,AI & Machine Learning,Apex Digital,Bengaluru,Karnataka,Full-time,Mid Level,14.7,18.3,2,6,"Develop and deploy AI solutions, integrate machine-learning models into applications, and improve production performance. The role is based in Bengaluru and works with cross-functional teams.","TensorFlow, Python, PyTorch, Machine Learning, Scikit-learn, SQL, Deep Learning",7,Synthetic demo data,Generated for SKILLYNTRA prototype; not live job-posting data.
SKL100095,Predictive Maintenance Engineer,Engineering & Manufacturing,Apex Digital,Noida,Uttar Pradesh,Full-time,Senior,13.1,15.9,4,6,Use machine and sensor data to identify failure patterns and improve maintenance planning. The role is based in Noida and works with cross-functional teams.,"Predictive Maintenance, Sensor Analytics, PLC, SCADA, Unity, Python, IoT, Machine Learning",8,Synthetic demo data,Generated for SKILLYNTRA prototype; not live job-posting data.
SKL100096,AI Engineer,AI & Machine Learning,AutoNext,Nashik,Maharashtra,Contract,Senior,15.9,21.3,4,8,"Develop and deploy AI solutions, integrate machine-learning models into applications, and improve production performance. The role is based in Nashik and works with cross-functional teams.","TensorFlow, Python, PyTorch, Machine Learning, Deep Learning, Market Research, Mechanical Design, SQL",8,Synthetic demo data,Generated for SKILLYNTRA prototype; not live job-posting data.
SKL100097,Automation Engineer,Engineering & Automation,FutureGrid,Noida,Uttar Pradesh,Contract,Mid Level,6.8,8.2,2,3,"Design and maintain industrial automation systems, PLC programs, sensors, and control workflows. The role is based in Noida and works with cross-functional teams.","SCADA, IoT, Sensors, Python, Industrial Automation, HR Analytics, PLC",7,Synthetic demo data,Generated for SKILLYNTRA prototype; not live job-posting data.
SKL100098,Automation Engineer,Engineering & Automation,CoreStack,Delhi,Delhi,Full-time,Senior,7.6,12.6,5,6,"Design and maintain industrial automation systems, PLC programs, sensors, and control workflows. The role is based in Delhi and works with cross-functional teams.","Industrial Automation, Sensors, CSS, IoT, PLC, SCADA, Python, Deep Learning",8,Synthetic demo data,Generated for SKILLYNTRA prototype; not live job-posting data.
SKL100099,Predictive Maintenance Engineer,Engineering & Manufacturing,Nova Mobility,Noida,Uttar Pradesh,Full-time,Entry Level,11.2,17.2,0,2,Use machine and sensor data to identify failure patterns and improve maintenance planning. The role is based in Noida and works with cross-functional teams.,"Python, Predictive Maintenance, IoT, Sensor Analytics, PLC, Java, Market Research, Machine Learning",8,Synthetic demo data,Generated for SKILLYNTRA prototype; not live job-posting data.
SKL100100,Business Analyst,Business & Analytics,SmartFab Technologies,Mumbai,Maharashtra,Contract,Entry Level,6.3,10.9,0,4,"Gather business requirements, analyze operational data, create reports, and support decision-making. The role is based in Mumbai and works with cross-functional teams.","Statistics, Unity, Business Analysis, Excel, Communication, SQL, SolidWorks, Power BI",8,Synthetic demo data,Generated for SKILLYNTRA prototype; not live job-posting data.
SKL100101,Software Engineer,Software & IT,NextGen Analytics,Delhi,Delhi,Full-time,Mid Level,11.4,14.1,2,6,"Design, develop, test, and maintain software services while collaborating with engineering teams. The role is based in Delhi and works with cross-functional teams.","Git, Java, SQL, Python, REST API, Data Structures",6,Synthetic demo data,Generated for SKILLYNTRA prototype; not live job-posting data.
SKL100102,Data Analyst,Data & Analytics,FutureGrid,Thane,Maharashtra,Full-time,Junior,5.2,10.0,1,3,"Analyze business data, build dashboards, identify trends, and communicate actionable insights to stakeholders. The role is based in Thane and works with cross-functional teams.","Power BI, Excel, Python, Statistics, Data Visualization, SQL",6,Synthetic demo data,Generated for SKILLYNTRA prototype; not live job-posting data.
SKL100103,Predictive Maintenance Engineer,Engineering & Manufacturing,CoreStack,Ahmedabad,Gujarat,Full-time,Senior,10.8,16.2,5,6,Use machine and sensor data to identify failure patterns and improve maintenance planning. The role is based in Ahmedabad and works with cross-functional teams.,"Python, Sensor Analytics, Machine Learning, Predictive Maintenance, PLC, Manufacturing, IoT, C#",8,Synthetic demo data,Generated for SKILLYNTRA prototype; not live job-posting data.
SKL100104,Mechanical Design Engineer,Engineering & Manufacturing,CloudSphere,Thane,Maharashtra,Full-time,Mid Level,8.4,13.3,3,6,"Create and validate mechanical designs, prepare CAD models and drawings, and support manufacturing. The role is based in Thane and works with cross-functional teams.","CAD, AutoCAD, Mechanical Design, GD&T, SolidWorks, Manufacturing",6,Synthetic demo data,Generated for SKILLYNTRA prototype; not live job-posting data.
SKL100105,Embedded Systems Engineer,Electronics & Embedded,VisionEdge,Hyderabad,Telangana,Contract,Mid Level,8.5,11.6,2,6,Develop firmware and embedded applications for microcontrollers and connected devices. The role is based in Hyderabad and works with cross-functional teams.,"Embedded Systems, C, Microcontrollers, Git, RTOS, C++",6,Synthetic demo data,Generated for SKILLYNTRA prototype; not live job-posting data.
SKL100106,HR Analyst,HR & Operations,Apex Digital,Chennai,Tamil Nadu,Contract,Senior,4.7,9.5,4,5,"Analyze workforce data, prepare HR reports, and support evidence-based people and talent decisions. The role is based in Chennai and works with cross-functional teams.","Industrial Automation, Power BI, Excel, Communication, HR Analytics, Data Analysis",6,Synthetic demo data,Generated for SKILLYNTRA prototype; not live job-posting data.
SKL100107,HR Analyst,HR & Operations,TechNova Solutions,Kolkata,West Bengal,Full-time,Mid Level,5.4,8.2,3,4,"Analyze workforce data, prepare HR reports, and support evidence-based people and talent decisions. The role is based in Kolkata and works with cross-functional teams.","Azure, Communication, Data Analysis, Excel, HR Analytics, Power BI",6,Synthetic demo data,Generated for SKILLYNTRA prototype; not live job-posting data.
SKL100108,Software Engineer,Software & IT,MahaTech Industries,Nashik,Maharashtra,Full-time,Mid Level,12.0,13.7,2,6,"Design, develop, test, and maintain software services while collaborating with engineering teams. The role is based in Nashik and works with cross-functional teams.","REST API, Git, Data Structures, Java, SQL, Industrial Automation, Incident Response, Python",8,Synthetic demo data,Generated for SKILLYNTRA prototype; not live job-posting data.
SKL100109,Product Manager,Product & Business,FutureGrid,Nagpur,Maharashtra,Full-time,Mid Level,10.1,14.3,2,3,"Define product priorities, analyze user and market needs, coordinate teams, and measure product outcomes. The role is based in Nagpur and works with cross-functional teams.","Business Analysis, Communication, Agile, Product Management, Analytics, SQL, Industrial Automation, Market Research",8,Synthetic demo data,Generated for SKILLYNTRA prototype; not live job-posting data.
SKL100110,Product Manager,Product & Business,TechNova Solutions,Bengaluru,Karnataka,Full-time,Senior,10.1,13.2,6,9,"Define product priorities, analyze user and market needs, coordinate teams, and measure product outcomes. The role is based in Bengaluru and works with cross-functional teams.","SQL, Agile, Market Research, PCB Design, C, Analytics, Product Management, Communication",8,Synthetic demo data,Generated for SKILLYNTRA prototype; not live job-posting data.
SKL100111,Game Developer,Gaming & Interactive,DataBridge,Thane,Maharashtra,Full-time,Senior,7.2,8.6,5,6,"Develop gameplay systems, implement mechanics, optimize performance, and collaborate with design teams. The role is based in Thane and works with cross-functional teams.","Unity, Game Development, Git, C#, C++, 3D Mathematics",6,Synthetic demo data,Generated for SKILLYNTRA prototype; not live job-posting data.
SKL100112,EV Data Analyst,Automotive & EV,Nova Mobility,Thane,Maharashtra,Full-time,Senior,11.8,15.2,5,9,"Analyze electric-vehicle data, create dashboards, and identify operational and market trends. The role is based in Thane and works with cross-functional teams.","Power BI, Excel, EV Analytics, Statistics, Python, SQL",6,Synthetic demo data,Generated for SKILLYNTRA prototype; not live job-posting data.
SKL100113,Data Scientist,AI & Data,Vertex Systems,Ahmedabad,Gujarat,Full-time,Junior,15.3,18.9,1,4,"Build statistical and machine-learning models, prepare datasets, evaluate model performance, and communicate findings. The role is based in Ahmedabad and works with cross-functional teams.","Statistics, Cybersecurity, Pandas, Machine Learning, SQL, Scikit-learn, Incident Response, Python",8,Synthetic demo data,Generated for SKILLYNTRA prototype; not live job-posting data.
SKL100114,Cybersecurity Analyst,Cybersecurity,Quantix Labs,Mumbai,Maharashtra,Full-time,Mid Level,10.7,16.2,3,7,"Monitor security events, investigate incidents, assess risks, and support security controls. The role is based in Mumbai and works with cross-functional teams.","Cybersecurity, EV Analytics, Python, Networking, Incident Response, SIEM, Linux",7,Synthetic demo data,Generated for SKILLYNTRA prototype; not live job-posting data.
SKL100115,Mechanical Design Engineer,Engineering & Manufacturing,Prime Automation,Mumbai,Maharashtra,Full-time,Senior,7.0,9.7,4,6,"Create and validate mechanical designs, prepare CAD models and drawings, and support manufacturing. The role is based in Mumbai and works with cross-functional teams.","AutoCAD, CAD, SolidWorks, Manufacturing, Mechanical Design, GD&T",6,Synthetic demo data,Generated for SKILLYNTRA prototype; not live job-posting data.
SKL100116,Automation Engineer,Engineering & Automation,VisionEdge,Thane,Maharashtra,Full-time,Entry Level,8.9,12.1,0,3,"Design and maintain industrial automation systems, PLC programs, sensors, and control workflows. The role is based in Thane and works with cross-functional teams.","SCADA, REST API, Python, Industrial Automation, IoT, Sensors, Testing, PLC",8,Synthetic demo data,Generated for SKILLYNTRA prototype; not live job-posting data.
SKL100117,Software Engineer,Software & IT,SkillTech,Jaipur,Rajasthan,Full-time,Senior,5.3,6.7,5,9,"Design, develop, test, and maintain software services while collaborating with engineering teams. The role is based in Jaipur and works with cross-functional teams.","GD&T, Excel, Data Structures, SQL, Git, Java, REST API, Python",8,Synthetic demo data,Generated for SKILLYNTRA prototype; not live job-posting data.
SKL100118,Embedded Systems Engineer,Electronics & Embedded,BluePeak Consulting,Nashik,Maharashtra,Full-time,Mid Level,6.8,9.2,2,6,Develop firmware and embedded applications for microcontrollers and connected devices. The role is based in Nashik and works with cross-functional teams.,"Git, RTOS, Embedded Systems, Microcontrollers, C++, C",6,Synthetic demo data,Generated for SKILLYNTRA prototype; not live job-posting data.
SKL100119,Cybersecurity Analyst,Cybersecurity,DataBridge,Ahmedabad,Gujarat,Full-time,Senior,5.9,10.0,5,9,"Monitor security events, investigate incidents, assess risks, and support security controls. The role is based in Ahmedabad and works with cross-functional teams.","Networking, Incident Response, Python, IoT, Statistics, Linux, Cybersecurity, SIEM",8,Synthetic demo data,Generated for SKILLYNTRA prototype; not live job-posting data.
SKL100120,Business Analyst,Business & Analytics,Quantix Labs,Noida,Uttar Pradesh,Full-time,Senior,8.4,10.9,5,6,"Gather business requirements, analyze operational data, create reports, and support decision-making. The role is based in Noida and works with cross-functional teams.","Communication, SQL, Business Analysis, Power BI, SIEM, Statistics, Excel",7,Synthetic demo data,Generated for SKILLYNTRA prototype; not live job-posting data.
SKL100121,Cloud Engineer,Cloud & DevOps,IndusWorks,Ahmedabad,Gujarat,Contract,Mid Level,6.3,10.1,2,6,"Design and maintain cloud infrastructure, automate deployments, and improve reliability and scalability. The role is based in Ahmedabad and works with cross-functional teams.","Linux, CI/CD, Docker, AWS, Azure, Kubernetes, IoT",7,Synthetic demo data,Generated for SKILLYNTRA prototype; not live job-posting data.
SKL100122,Industrial AI Engineer,Engineering & AI,Prime Automation,Chennai,Tamil Nadu,Full-time,Senior,7.4,10.0,4,5,"Apply AI and computer vision to industrial processes, sensor data, and intelligent automation systems. The role is based in Chennai and works with cross-functional teams.","Machine Learning, Industrial AI, Python, IoT, SQL, Computer Vision",6,Synthetic demo data,Generated for SKILLYNTRA prototype; not live job-posting data.
SKL100123,Mechanical Design Engineer,Engineering & Manufacturing,MahaTech Industries,Chennai,Tamil Nadu,Full-time,Entry Level,5.5,7.3,0,2,"Create and validate mechanical designs, prepare CAD models and drawings, and support manufacturing. The role is based in Chennai and works with cross-functional teams.","Mechanical Design, CAD, Excel, SolidWorks, GD&T, AutoCAD, Cybersecurity, Manufacturing",8,Synthetic demo data,Generated for SKILLYNTRA prototype; not live job-posting data.
SKL100124,Product Manager,Product & Business,CoreStack,Delhi,Delhi,Full-time,Mid Level,14.7,18.6,2,4,"Define product priorities, analyze user and market needs, coordinate teams, and measure product outcomes. The role is based in Delhi and works with cross-functional teams.","Market Research, Product Management, SQL, Agile, Analytics, Communication",6,Synthetic demo data,Generated for SKILLYNTRA prototype; not live job-posting data.
SKL100125,AI Engineer,AI & Machine Learning,InsightWorks,Pune,Maharashtra,Full-time,Mid Level,17.0,20.1,3,5,"Develop and deploy AI solutions, integrate machine-learning models into applications, and improve production performance. The role is based in Pune and works with cross-functional teams.","Python, Industrial Automation, AWS, Machine Learning, PyTorch, Deep Learning, SQL, TensorFlow",8,Synthetic demo data,Generated for SKILLYNTRA prototype; not live job-posting data.
SKL100126,Automation Engineer,Engineering & Automation,MahaTech Industries,Mumbai,Maharashtra,Full-time,Junior,7.3,10.6,1,5,"Design and maintain industrial automation systems, PLC programs, sensors, and control workflows. The role is based in Mumbai and works with cross-functional teams.","IoT, PLC, Manufacturing, Python, Sensors, Industrial Automation, SCADA",7,Synthetic demo data,Generated for SKILLYNTRA prototype; not live job-posting data.
SKL100127,Predictive Maintenance Engineer,Engineering & Manufacturing,Apex Digital,Chennai,Tamil Nadu,Contract,Mid Level,8.9,11.3,2,4,Use machine and sensor data to identify failure patterns and improve maintenance planning. The role is based in Chennai and works with cross-functional teams.,"Sensor Analytics, Machine Learning, PLC, Predictive Maintenance, Python, IoT",6,Synthetic demo data,Generated for SKILLYNTRA prototype; not live job-posting data.
SKL100128,DevOps Engineer,Cloud & DevOps,Nova Mobility,Jaipur,Rajasthan,Full-time,Mid Level,8.3,10.1,3,6,"Automate software delivery, maintain CI/CD pipelines, monitor systems, and improve deployment reliability. The role is based in Jaipur and works with cross-functional teams.","JavaScript, Docker, Kubernetes, IoT, Git, Linux, AWS, CI/CD",8,Synthetic demo data,Generated for SKILLYNTRA prototype; not live job-posting data.
SKL100129,Cloud Engineer,Cloud & DevOps,Quantix Labs,Delhi,Delhi,Full-time,Junior,9.1,13.1,1,2,"Design and maintain cloud infrastructure, automate deployments, and improve reliability and scalability. The role is based in Delhi and works with cross-functional teams.","Linux, Azure, Power BI, Docker, CI/CD, AWS, Java, Kubernetes",8,Synthetic demo data,Generated for SKILLYNTRA prototype; not live job-posting data.
SKL100130,Game Developer,Gaming & Interactive,MahaTech Industries,Thane,Maharashtra,Full-time,Mid Level,9.1,11.1,3,4,"Develop gameplay systems, implement mechanics, optimize performance, and collaborate with design teams. The role is based in Thane and works with cross-functional teams.","Unity, C++, 3D Mathematics, C#, Azure, Game Development, Git, Docker",8,Synthetic demo data,Generated for SKILLYNTRA prototype; not live job-posting data.
SKL100131,Machine Learning Engineer,AI & Machine Learning,Quantix Labs,Bengaluru,Karnataka,Full-time,Mid Level,16.1,18.1,3,6,"Develop, test, deploy, and maintain machine-learning pipelines and production models. The role is based in Bengaluru and works with cross-functional teams.","Docker, TensorFlow, PyTorch, Scikit-learn, Machine Learning, Game Development, IoT, Python",8,Synthetic demo data,Generated for SKILLYNTRA prototype; not live job-posting data.
SKL100132,Electronics Engineer,Electronics & Embedded,BluePeak Consulting,Kolkata,West Bengal,Full-time,Junior,9.6,12.1,1,4,"Design, test, and troubleshoot electronic systems, PCBs, and embedded hardware. The role is based in Kolkata and works with cross-functional teams.","Circuit Design, Embedded Systems, MATLAB, Microcontrollers, C, PCB Design, Testing",7,Synthetic demo data,Generated for SKILLYNTRA prototype; not live job-posting data.
SKL100133,Industrial AI Engineer,Engineering & AI,TechNova Solutions,Jaipur,Rajasthan,Contract,Mid Level,13.4,19.3,3,6,"Apply AI and computer vision to industrial processes, sensor data, and intelligent automation systems. The role is based in Jaipur and works with cross-functional teams.","SQL, RTOS, Deep Learning, Machine Learning, IoT, Computer Vision, Industrial AI, Python",8,Synthetic demo data,Generated for SKILLYNTRA prototype; not live job-posting data.
SKL100134,Full Stack Developer,Software & IT,SkillTech,Chennai,Tamil Nadu,Full-time,Mid Level,12.3,14.5,3,5,Build responsive web applications across frontend and backend services and integrate APIs and databases. The role is based in Chennai and works with cross-functional teams.,"HTML, Power BI, Git, CSS, Node.js, Unity, JavaScript, SQL, React",9,Synthetic demo data,Generated for SKILLYNTRA prototype; not live job-posting data.
SKL100135,Mechanical Design Engineer,Engineering & Manufacturing,SkillTech,Chennai,Tamil Nadu,Full-time,Mid Level,8.1,11.7,3,4,"Create and validate mechanical designs, prepare CAD models and drawings, and support manufacturing. The role is based in Chennai and works with cross-functional teams.","AutoCAD, EV Analytics, Mechanical Design, SolidWorks, GD&T, CAD, Manufacturing, PLC",8,Synthetic demo data,Generated for SKILLYNTRA prototype; not live job-posting data.
SKL100136,Cybersecurity Analyst,Cybersecurity,AutoNext,Delhi,Delhi,Full-time,Junior,6.5,9.0,1,3,"Monitor security events, investigate incidents, assess risks, and support security controls. The role is based in Delhi and works with cross-functional teams.","Cybersecurity, REST API, Python, SIEM, Linux, Incident Response, Networking",7,Synthetic demo data,Generated for SKILLYNTRA prototype; not live job-posting data.
SKL100137,EV Data Analyst,Automotive & EV,DataBridge,Kolkata,West Bengal,Full-time,Mid Level,8.6,12.3,2,3,"Analyze electric-vehicle data, create dashboards, and identify operational and market trends. The role is based in Kolkata and works with cross-functional teams.","EV Analytics, Statistics, Excel, Python, React, SQL, Power BI",7,Synthetic demo data,Generated for SKILLYNTRA prototype; not live job-posting data.
SKL100138,Automation Engineer,Engineering & Automation,DataBridge,Noida,Uttar Pradesh,Full-time,Senior,5.7,10.9,5,9,"Design and maintain industrial automation systems, PLC programs, sensors, and control workflows. The role is based in Noida and works with cross-functional teams.","IoT, TensorFlow, PLC, SCADA, Industrial Automation, Sensors, Python",7,Synthetic demo data,Generated for SKILLYNTRA prototype; not live job-posting data.
SKL100139,Data Scientist,AI & Data,BluePeak Consulting,Noida,Uttar Pradesh,Contract,Mid Level,6.5,9.6,2,4,"Build statistical and machine-learning models, prepare datasets, evaluate model performance, and communicate findings. The role is based in Noida and works with cross-functional teams.","Incident Response, Scikit-learn, Business Analysis, Statistics, SQL, Pandas, Python, Machine Learning",8,Synthetic demo data,Generated for SKILLYNTRA prototype; not live job-posting data.
SKL100140,Cloud Engineer,Cloud & DevOps,FutureGrid,Ahmedabad,Gujarat,Full-time,Mid Level,13.1,18.6,3,6,"Design and maintain cloud infrastructure, automate deployments, and improve reliability and scalability. The role is based in Ahmedabad and works with cross-functional teams.","Docker, AWS, Linux, Azure, Kubernetes, CI/CD",6,Synthetic demo data,Generated for SKILLYNTRA prototype; not live job-posting data.
SKL100141,Mechanical Design Engineer,Engineering & Manufacturing,Nova Mobility,Kolkata,West Bengal,Contract,Entry Level,8.6,10.6,0,4,"Create and validate mechanical designs, prepare CAD models and drawings, and support manufacturing. The role is based in Kolkata and works with cross-functional teams.","CAD, Scikit-learn, SolidWorks, Mechanical Design, GD&T, Unity, AutoCAD, Manufacturing",8,Synthetic demo data,Generated for SKILLYNTRA prototype; not live job-posting data.
SKL100142,EV Data Analyst,Automotive & EV,AutoNext,Chennai,Tamil Nadu,Full-time,Junior,6.2,11.2,1,5,"Analyze electric-vehicle data, create dashboards, and identify operational and market trends. The role is based in Chennai and works with cross-functional teams.","EV Analytics, CAD, Python, SQL, Power BI, Statistics, Excel",7,Synthetic demo data,Generated for SKILLYNTRA prototype; not live job-posting data.
SKL100143,Embedded Systems Engineer,Electronics & Embedded,Vertex Systems,Noida,Uttar Pradesh,Full-time,Junior,11.4,15.0,1,5,Develop firmware and embedded applications for microcontrollers and connected devices. The role is based in Noida and works with cross-functional teams.,"Embedded Systems, Git, RTOS, C++, C, Microcontrollers",6,Synthetic demo data,Generated for SKILLYNTRA prototype; not live job-posting data.
SKL100144,DevOps Engineer,Cloud & DevOps,DataBridge,Pune,Maharashtra,Full-time,Senior,11.4,13.7,4,6,"Automate software delivery, maintain CI/CD pipelines, monitor systems, and improve deployment reliability. The role is based in Pune and works with cross-functional teams.","AWS, Kubernetes, Docker, Linux, EV Analytics, Git, CI/CD",7,Synthetic demo data,Generated for SKILLYNTRA prototype; not live job-posting data.
SKL100145,Data Scientist,AI & Data,Apex Digital,Noida,Uttar Pradesh,Contract,Senior,7.6,12.0,4,7,"Build statistical and machine-learning models, prepare datasets, evaluate model performance, and communicate findings. The role is based in Noida and works with cross-functional teams.","Statistics, Pandas, Python, Data Visualization, Product Management, Machine Learning, Scikit-learn, SQL",8,Synthetic demo data,Generated for SKILLYNTRA prototype; not live job-posting data.
SKL100146,Software Engineer,Software & IT,SkillTech,Hyderabad,Telangana,Full-time,Mid Level,12.0,17.6,2,6,"Design, develop, test, and maintain software services while collaborating with engineering teams. The role is based in Hyderabad and works with cross-functional teams.","Node.js, Data Structures, SQL, Python, REST API, Java, React, Git",8,Synthetic demo data,Generated for SKILLYNTRA prototype; not live job-posting data.
SKL100147,AI Engineer,AI & Machine Learning,InsightWorks,Kolkata,West Bengal,Contract,Junior,17.8,23.3,1,2,"Develop and deploy AI solutions, integrate machine-learning models into applications, and improve production performance. The role is based in Kolkata and works with cross-functional teams.","Deep Learning, PyTorch, Python, Machine Learning, SQL, TensorFlow",6,Synthetic demo data,Generated for SKILLYNTRA prototype; not live job-posting data.
SKL100148,Machine Learning Engineer,AI & Machine Learning,Vertex Systems,Noida,Uttar Pradesh,Contract,Senior,8.1,11.6,6,10,"Develop, test, deploy, and maintain machine-learning pipelines and production models. The role is based in Noida and works with cross-functional teams.","Scikit-learn, Python, PyTorch, Docker, Machine Learning, TensorFlow",6,Synthetic demo data,Generated for SKILLYNTRA prototype; not live job-posting data.
SKL100149,Product Manager,Product & Business,TechNova Solutions,Gurugram,Haryana,Full-time,Senior,17.6,22.3,5,8,"Define product priorities, analyze user and market needs, coordinate teams, and measure product outcomes. The role is based in Gurugram and works with cross-functional teams.","AutoCAD, Market Research, SQL, Analytics, Product Management, Communication, Agile, Business Analysis",8,Synthetic demo data,Generated for SKILLYNTRA prototype; not live job-posting data.
SKL100150,Product Manager,Product & Business,Nova Mobility,Bengaluru,Karnataka,Full-time,Mid Level,11.9,17.3,3,7,"Define product priorities, analyze user and market needs, coordinate teams, and measure product outcomes. The role is based in Bengaluru and works with cross-functional teams.","Analytics, Communication, Agile, Market Research, Product Management, Sensor Analytics, SQL",7,Synthetic demo data,Generated for SKILLYNTRA prototype; not live job-posting data.
SKL100151,Full Stack Developer,Software & IT,InnoSoft,Chennai,Tamil Nadu,Contract,Senior,11.4,13.5,4,6,Build responsive web applications across frontend and backend services and integrate APIs and databases. The role is based in Chennai and works with cross-functional teams.,"CSS, React, HTML, SQL, Node.js, JavaScript, Git",7,Synthetic demo data,Generated for SKILLYNTRA prototype; not live job-posting data.
SKL100152,DevOps Engineer,Cloud & DevOps,VisionEdge,Nagpur,Maharashtra,Full-time,Mid Level,9.3,15.0,3,5,"Automate software delivery, maintain CI/CD pipelines, monitor systems, and improve deployment reliability. The role is based in Nagpur and works with cross-functional teams.","Docker, Kubernetes, CI/CD, C#, AWS, Git, REST API, Linux",8,Synthetic demo data,Generated for SKILLYNTRA prototype; not live job-posting data.
SKL100153,Machine Learning Engineer,AI & Machine Learning,MahaTech Industries,Delhi,Delhi,Full-time,Senior,9.9,11.2,4,5,"Develop, test, deploy, and maintain machine-learning pipelines and production models. The role is based in Delhi and works with cross-functional teams.","Communication, TensorFlow, Scikit-learn, Docker, Python, Machine Learning, PyTorch",7,Synthetic demo data,Generated for SKILLYNTRA prototype; not live job-posting data.
SKL100154,Embedded Systems Engineer,Electronics & Embedded,InsightWorks,Thane,Maharashtra,Contract,Senior,6.1,11.5,4,7,Develop firmware and embedded applications for microcontrollers and connected devices. The role is based in Thane and works with cross-functional teams.,"RTOS, Microcontrollers, Git, C++, C, Cybersecurity, Embedded Systems, Linux",8,Synthetic demo data,Generated for SKILLYNTRA prototype; not live job-posting data.
SKL100155,Data Scientist,AI & Data,InnoSoft,Thane,Maharashtra,Full-time,Senior,13.0,16.0,5,8,"Build statistical and machine-learning models, prepare datasets, evaluate model performance, and communicate findings. The role is based in Thane and works with cross-functional teams.","Machine Learning, Scikit-learn, Python, Excel, Statistics, Pandas, SQL",7,Synthetic demo data,Generated for SKILLYNTRA prototype; not live job-posting data.
SKL100156,Automation Engineer,Engineering & Automation,MahaTech Industries,Kolkata,West Bengal,Full-time,Senior,11.7,15.5,4,8,"Design and maintain industrial automation systems, PLC programs, sensors, and control workflows. The role is based in Kolkata and works with cross-functional teams.","Sensors, Python, PLC, Industrial Automation, SCADA, IoT",6,Synthetic demo data,Generated for SKILLYNTRA prototype; not live job-posting data.
SKL100157,Automation Engineer,Engineering & Automation,Quantix Labs,Jaipur,Rajasthan,Full-time,Entry Level,4.4,7.3,0,2,"Design and maintain industrial automation systems, PLC programs, sensors, and control workflows. The role is based in Jaipur and works with cross-functional teams.","Industrial Automation, PLC, IoT, Manufacturing, Sensors, Python, Agile, SCADA",8,Synthetic demo data,Generated for SKILLYNTRA prototype; not live job-posting data.
SKL100158,Product Manager,Product & Business,TechNova Solutions,Kolkata,West Bengal,Full-time,Mid Level,19.5,21.1,3,5,"Define product priorities, analyze user and market needs, coordinate teams, and measure product outcomes. The role is based in Kolkata and works with cross-functional teams.","Agile, Product Management, SQL, Statistics, Analytics, Communication, Market Research",7,Synthetic demo data,Generated for SKILLYNTRA prototype; not live job-posting data.
SKL100159,Product Manager,Product & Business,VisionEdge,Bengaluru,Karnataka,Full-time,Senior,11.0,13.8,6,9,"Define product priorities, analyze user and market needs, coordinate teams, and measure product outcomes. The role is based in Bengaluru and works with cross-functional teams.","Analytics, Market Research, Industrial Automation, Agile, SQL, Communication, Product Management",7,Synthetic demo data,Generated for SKILLYNTRA prototype; not live job-posting data.
SKL100160,Mechanical Design Engineer,Engineering & Manufacturing,InsightWorks,Pune,Maharashtra,Full-time,Junior,3.6,7.4,1,3,"Create and validate mechanical designs, prepare CAD models and drawings, and support manufacturing. The role is based in Pune and works with cross-functional teams.","CAD, Manufacturing, AutoCAD, Product Management, Mechanical Design, SolidWorks, GD&T, Market Research",8,Synthetic demo data,Generated for SKILLYNTRA prototype; not live job-posting data.
SKL100161,Industrial AI Engineer,Engineering & AI,SmartFab Technologies,Chennai,Tamil Nadu,Full-time,Mid Level,16.6,20.8,3,7,"Apply AI and computer vision to industrial processes, sensor data, and intelligent automation systems. The role is based in Chennai and works with cross-functional teams.","Industrial AI, Computer Vision, Python, Incident Response, IoT, SQL, Machine Learning",7,Synthetic demo data,Generated for SKILLYNTRA prototype; not live job-posting data.
SKL100162,EV Data Analyst,Automotive & EV,MahaTech Industries,Noida,Uttar Pradesh,Full-time,Senior,10.7,12.1,4,5,"Analyze electric-vehicle data, create dashboards, and identify operational and market trends. The role is based in Noida and works with cross-functional teams.","EV Analytics, Analytics, Power BI, Product Management, Excel, SQL, Statistics, Python",8,Synthetic demo data,Generated for SKILLYNTRA prototype; not live job-posting data.
SKL100163,Cloud Engineer,Cloud & DevOps,VisionEdge,Chennai,Tamil Nadu,Full-time,Mid Level,12.8,17.1,3,4,"Design and maintain cloud infrastructure, automate deployments, and improve reliability and scalability. The role is based in Chennai and works with cross-functional teams.","Azure, Linux, CI/CD, Docker, Kubernetes, Statistics, AWS, Java",8,Synthetic demo data,Generated for SKILLYNTRA prototype; not live job-posting data.
SKL100164,EV Data Analyst,Automotive & EV,TechNova Solutions,Aurangabad,Maharashtra,Full-time,Senior,10.4,16.0,4,8,"Analyze electric-vehicle data, create dashboards, and identify operational and market trends. The role is based in Aurangabad and works with cross-functional teams.","Statistics, Power BI, Excel, SQL, EV Analytics, Python",6,Synthetic demo data,Generated for SKILLYNTRA prototype; not live job-posting data.
SKL100165,HR Analyst,HR & Operations,InnoSoft,Aurangabad,Maharashtra,Full-time,Entry Level,8.8,12.1,0,3,"Analyze workforce data, prepare HR reports, and support evidence-based people and talent decisions. The role is based in Aurangabad and works with cross-functional teams.","Data Analysis, Excel, Communication, Power BI, HR Analytics",5,Synthetic demo data,Generated for SKILLYNTRA prototype; not live job-posting data.
SKL100166,AI Engineer,AI & Machine Learning,InnoSoft,Bengaluru,Karnataka,Full-time,Senior,7.7,8.8,4,8,"Develop and deploy AI solutions, integrate machine-learning models into applications, and improve production performance. The role is based in Bengaluru and works with cross-functional teams.","SQL, Machine Learning, Deep Learning, TensorFlow, PyTorch, Python",6,Synthetic demo data,Generated for SKILLYNTRA prototype; not live job-posting data.
SKL100167,Predictive Maintenance Engineer,Engineering & Manufacturing,MahaTech Industries,Kolkata,West Bengal,Full-time,Junior,13.1,17.5,1,3,Use machine and sensor data to identify failure patterns and improve maintenance planning. The role is based in Kolkata and works with cross-functional teams.,"Predictive Maintenance, IoT, Sensor Analytics, Incident Response, Machine Learning, PLC, Data Analysis, Python",8,Synthetic demo data,Generated for SKILLYNTRA prototype; not live job-posting data.
SKL100168,Cloud Engineer,Cloud & DevOps,IndusWorks,Delhi,Delhi,Full-time,Senior,16.2,18.7,6,10,"Design and maintain cloud infrastructure, automate deployments, and improve reliability and scalability. The role is based in Delhi and works with cross-functional teams.","Azure, AWS, Mechanical Design, Docker, Linux, Kubernetes, CI/CD, Data Structures",8,Synthetic demo data,Generated for SKILLYNTRA prototype; not live job-posting data.
SKL100169,Predictive Maintenance Engineer,Engineering & Manufacturing,Quantix Labs,Gurugram,Haryana,Full-time,Entry Level,8.7,13.8,0,1,Use machine and sensor data to identify failure patterns and improve maintenance planning. The role is based in Gurugram and works with cross-functional teams.,"Machine Learning, Python, IoT, Sensor Analytics, PLC, Predictive Maintenance, Manufacturing",7,Synthetic demo data,Generated for SKILLYNTRA prototype; not live job-posting data.
SKL100170,Automation Engineer,Engineering & Automation,CloudSphere,Hyderabad,Telangana,Contract,Mid Level,7.5,11.9,2,6,"Design and maintain industrial automation systems, PLC programs, sensors, and control workflows. The role is based in Hyderabad and works with cross-functional teams.","Industrial Automation, IoT, Sensors, Azure, PLC, SCADA, Excel, Python",8,Synthetic demo data,Generated for SKILLYNTRA prototype; not live job-posting data.
SKL100171,Software Engineer,Software & IT,InnoSoft,Gurugram,Haryana,Contract,Mid Level,6.1,7.1,2,5,"Design, develop, test, and maintain software services while collaborating with engineering teams. The role is based in Gurugram and works with cross-functional teams.","Git, Data Structures, REST API, Java, Python, Incident Response, SQL",7,Synthetic demo data,Generated for SKILLYNTRA prototype; not live job-posting data.
SKL100172,Automation Engineer,Engineering & Automation,CoreStack,Chennai,Tamil Nadu,Full-time,Senior,4.8,6.3,4,8,"Design and maintain industrial automation systems, PLC programs, sensors, and control workflows. The role is based in Chennai and works with cross-functional teams.","Python, Manufacturing, SCADA, Industrial Automation, PLC, IoT, Azure, Sensors",8,Synthetic demo data,Generated for SKILLYNTRA prototype; not live job-posting data.
SKL100173,EV Data Analyst,Automotive & EV,CloudSphere,Kolkata,West Bengal,Full-time,Senior,9.5,11.3,4,6,"Analyze electric-vehicle data, create dashboards, and identify operational and market trends. The role is based in Kolkata and works with cross-functional teams.","Data Visualization, EV Analytics, Excel, Python, SQL, Statistics, Power BI",7,Synthetic demo data,Generated for SKILLYNTRA prototype; not live job-posting data.
SKL100174,Mechanical Design Engineer,Engineering & Manufacturing,AutoNext,Aurangabad,Maharashtra,Full-time,Entry Level,5.1,7.4,0,3,"Create and validate mechanical designs, prepare CAD models and drawings, and support manufacturing. The role is based in Aurangabad and works with cross-functional teams.","Java, Manufacturing, Mechanical Design, GD&T, SolidWorks, AutoCAD, Microcontrollers, CAD",8,Synthetic demo data,Generated for SKILLYNTRA prototype; not live job-posting data.
SKL100175,Electronics Engineer,Electronics & Embedded,SmartFab Technologies,Bengaluru,Karnataka,Contract,Mid Level,6.3,11.4,3,6,"Design, test, and troubleshoot electronic systems, PCBs, and embedded hardware. The role is based in Bengaluru and works with cross-functional teams.","Mechanical Design, Circuit Design, Testing, MATLAB, Embedded Systems, C++, PCB Design, C",8,Synthetic demo data,Generated for SKILLYNTRA prototype; not live job-posting data.
SKL100176,Business Analyst,Business & Analytics,AutoNext,Aurangabad,Maharashtra,Contract,Senior,6.6,9.0,4,6,"Gather business requirements, analyze operational data, create reports, and support decision-making. The role is based in Aurangabad and works with cross-functional teams.","Business Analysis, Game Development, Power BI, Statistics, Excel, Communication, SQL",7,Synthetic demo data,Generated for SKILLYNTRA prototype; not live job-posting data.
SKL100177,Cloud Engineer,Cloud & DevOps,FutureGrid,Hyderabad,Telangana,Contract,Senior,15.0,20.0,6,7,"Design and maintain cloud infrastructure, automate deployments, and improve reliability and scalability. The role is based in Hyderabad and works with cross-functional teams.","Kubernetes, AWS, Power BI, CI/CD, Linux, Azure, Docker",7,Synthetic demo data,Generated for SKILLYNTRA prototype; not live job-posting data.
SKL100178,Game Developer,Gaming & Interactive,VisionEdge,Mumbai,Maharashtra,Full-time,Senior,9.2,12.9,4,8,"Develop gameplay systems, implement mechanics, optimize performance, and collaborate with design teams. The role is based in Mumbai and works with cross-functional teams.","Unity, 3D Mathematics, Game Development, Machine Learning, Git, C#, Industrial AI, C++",8,Synthetic demo data,Generated for SKILLYNTRA prototype; not live job-posting data.
SKL100179,Full Stack Developer,Software & IT,SkillTech,Noida,Uttar Pradesh,Contract,Entry Level,13.7,16.3,0,4,Build responsive web applications across frontend and backend services and integrate APIs and databases. The role is based in Noida and works with cross-functional teams.,"Git, CSS, SQL, HTML, React, Node.js, Business Analysis, JavaScript",8,Synthetic demo data,Generated for SKILLYNTRA prototype; not live job-posting data.
SKL100180,Automation Engineer,Engineering & Automation,InsightWorks,Ahmedabad,Gujarat,Full-time,Senior,6.8,7.9,5,7,"Design and maintain industrial automation systems, PLC programs, sensors, and control workflows. The role is based in Ahmedabad and works with cross-functional teams.","SCADA, Sensors, Python, PLC, IoT, Industrial Automation",6,Synthetic demo data,Generated for SKILLYNTRA prototype; not live job-posting data.
SKL100181,Product Manager,Product & Business,VisionEdge,Thane,Maharashtra,Full-time,Mid Level,11.5,13.0,3,7,"Define product priorities, analyze user and market needs, coordinate teams, and measure product outcomes. The role is based in Thane and works with cross-functional teams.","Industrial AI, Market Research, SQL, Analytics, Pandas, Agile, Product Management, Communication",8,Synthetic demo data,Generated for SKILLYNTRA prototype; not live job-posting data.
SKL100182,Full Stack Developer,Software & IT,CloudSphere,Kolkata,West Bengal,Contract,Senior,9.7,12.4,4,6,Build responsive web applications across frontend and backend services and integrate APIs and databases. The role is based in Kolkata and works with cross-functional teams.,"JavaScript, CSS, Node.js, HTML, React, Industrial Automation, Git, SQL",8,Synthetic demo data,Generated for SKILLYNTRA prototype; not live job-posting data.
SKL100183,Data Analyst,Data & Analytics,SkillTech,Gurugram,Haryana,Full-time,Junior,6.5,9.4,1,5,"Analyze business data, build dashboards, identify trends, and communicate actionable insights to stakeholders. The role is based in Gurugram and works with cross-functional teams.","Data Visualization, Power BI, Excel, Data Analysis, Circuit Design, Python, Statistics, SQL",8,Synthetic demo data,Generated for SKILLYNTRA prototype; not live job-posting data.
SKL100184,Automation Engineer,Engineering & Automation,DataBridge,Mumbai,Maharashtra,Full-time,Senior,8.2,12.4,5,9,"Design and maintain industrial automation systems, PLC programs, sensors, and control workflows. The role is based in Mumbai and works with cross-functional teams.","IoT, Sensors, SCADA, Market Research, Industrial Automation, PLC, Python, Excel",8,Synthetic demo data,Generated for SKILLYNTRA prototype; not live job-posting data.
SKL100185,Electronics Engineer,Electronics & Embedded,NextGen Analytics,Delhi,Delhi,Contract,Senior,5.5,7.7,5,7,"Design, test, and troubleshoot electronic systems, PCBs, and embedded hardware. The role is based in Delhi and works with cross-functional teams.","Circuit Design, MATLAB, C, Testing, PCB Design, Embedded Systems",6,Synthetic demo data,Generated for SKILLYNTRA prototype; not live job-posting data.
SKL100186,Electronics Engineer,Electronics & Embedded,InsightWorks,Nashik,Maharashtra,Full-time,Mid Level,4.7,8.9,3,7,"Design, test, and troubleshoot electronic systems, PCBs, and embedded hardware. The role is based in Nashik and works with cross-functional teams.","Testing, SolidWorks, Circuit Design, Node.js, MATLAB, Embedded Systems, C, PCB Design",8,Synthetic demo data,Generated for SKILLYNTRA prototype; not live job-posting data.
SKL100187,Automation Engineer,Engineering & Automation,MahaTech Industries,Delhi,Delhi,Contract,Mid Level,7.9,9.9,2,3,"Design and maintain industrial automation systems, PLC programs, sensors, and control workflows. The role is based in Delhi and works with cross-functional teams.","PLC, SCADA, Industrial Automation, Sensors, IoT, Unity, Python",7,Synthetic demo data,Generated for SKILLYNTRA prototype; not live job-posting data.
SKL100188,Automation Engineer,Engineering & Automation,Nova Mobility,Hyderabad,Telangana,Contract,Entry Level,10.4,12.5,0,1,"Design and maintain industrial automation systems, PLC programs, sensors, and control workflows. The role is based in Hyderabad and works with cross-functional teams.","IoT, Python, PLC, Sensors, SCADA, Industrial Automation",6,Synthetic demo data,Generated for SKILLYNTRA prototype; not live job-posting data.
SKL100189,EV Data Analyst,Automotive & EV,Apex Digital,Chennai,Tamil Nadu,Full-time,Senior,6.1,9.9,4,5,"Analyze electric-vehicle data, create dashboards, and identify operational and market trends. The role is based in Chennai and works with cross-functional teams.","Power BI, Excel, EV Analytics, SQL, Statistics, Python, Kubernetes",7,Synthetic demo data,Generated for SKILLYNTRA prototype; not live job-posting data.
SKL100190,Product Manager,Product & Business,MahaTech Industries,Jaipur,Rajasthan,Full-time,Senior,11.5,16.6,5,8,"Define product priorities, analyze user and market needs, coordinate teams, and measure product outcomes. The role is based in Jaipur and works with cross-functional teams.","Sensor Analytics, Analytics, SQL, Agile, Communication, Market Research, Product Management",7,Synthetic demo data,Generated for SKILLYNTRA prototype; not live job-posting data.
SKL100191,Electronics Engineer,Electronics & Embedded,Vertex Systems,Nashik,Maharashtra,Full-time,Junior,7.2,10.9,1,2,"Design, test, and troubleshoot electronic systems, PCBs, and embedded hardware. The role is based in Nashik and works with cross-functional teams.","Embedded Systems, Circuit Design, MATLAB, C, Linux, PCB Design, CI/CD, Testing",8,Synthetic demo data,Generated for SKILLYNTRA prototype; not live job-posting data.
SKL100192,Mechanical Design Engineer,Engineering & Manufacturing,MahaTech Industries,Kolkata,West Bengal,Contract,Mid Level,8.1,9.7,2,4,"Create and validate mechanical designs, prepare CAD models and drawings, and support manufacturing. The role is based in Kolkata and works with cross-functional teams.","AutoCAD, CAD, Manufacturing, SolidWorks, GD&T, Mechanical Design",6,Synthetic demo data,Generated for SKILLYNTRA prototype; not live job-posting data.
SKL100193,Software Engineer,Software & IT,DataBridge,Delhi,Delhi,Contract,Senior,8.8,10.1,5,9,"Design, develop, test, and maintain software services while collaborating with engineering teams. The role is based in Delhi and works with cross-functional teams.","Python, Java, Data Structures, SQL, REST API, Git",6,Synthetic demo data,Generated for SKILLYNTRA prototype; not live job-posting data.
SKL100194,Industrial AI Engineer,Engineering & AI,InsightWorks,Thane,Maharashtra,Contract,Junior,14.0,17.3,1,2,"Apply AI and computer vision to industrial processes, sensor data, and intelligent automation systems. The role is based in Thane and works with cross-functional teams.","IoT, Python, SQL, Embedded Systems, Computer Vision, Industrial AI, Pandas, Machine Learning",8,Synthetic demo data,Generated for SKILLYNTRA prototype; not live job-posting data.
SKL100195,Cybersecurity Analyst,Cybersecurity,FutureGrid,Thane,Maharashtra,Full-time,Mid Level,9.1,12.5,2,4,"Monitor security events, investigate incidents, assess risks, and support security controls. The role is based in Thane and works with cross-functional teams.","SIEM, Linux, Networking, Python, SolidWorks, Cybersecurity, Incident Response",7,Synthetic demo data,Generated for SKILLYNTRA prototype; not live job-posting data.
SKL100196,Machine Learning Engineer,AI & Machine Learning,Nova Mobility,Kolkata,West Bengal,Full-time,Senior,7.0,12.8,4,8,"Develop, test, deploy, and maintain machine-learning pipelines and production models. The role is based in Kolkata and works with cross-functional teams.","TensorFlow, PyTorch, Python, Scikit-learn, Machine Learning, Docker",6,Synthetic demo data,Generated for SKILLYNTRA prototype; not live job-posting data.
SKL100197,HR Analyst,HR & Operations,NextGen Analytics,Aurangabad,Maharashtra,Contract,Mid Level,3.3,7.4,2,4,"Analyze workforce data, prepare HR reports, and support evidence-based people and talent decisions. The role is based in Aurangabad and works with cross-functional teams.","Python, Power BI, Pandas, Data Analysis, Excel, Communication, HR Analytics",7,Synthetic demo data,Generated for SKILLYNTRA prototype; not live job-posting data.
SKL100198,AI Engineer,AI & Machine Learning,InsightWorks,Nashik,Maharashtra,Contract,Mid Level,7.1,11.6,2,6,"Develop and deploy AI solutions, integrate machine-learning models into applications, and improve production performance. The role is based in Nashik and works with cross-functional teams.","TensorFlow, Deep Learning, Python, SQL, Machine Learning, PyTorch",6,Synthetic demo data,Generated for SKILLYNTRA prototype; not live job-posting data.
SKL100199,AI Engineer,AI & Machine Learning,Apex Digital,Gurugram,Haryana,Full-time,Junior,11.8,14.3,1,4,"Develop and deploy AI solutions, integrate machine-learning models into applications, and improve production performance. The role is based in Gurugram and works with cross-functional teams.","TensorFlow, PyTorch, Deep Learning, Python, SQL, Machine Learning, Product Management",7,Synthetic demo data,Generated for SKILLYNTRA prototype; not live job-posting data.
SKL100200,Automation Engineer,Engineering & Automation,Vertex Systems,Thane,Maharashtra,Full-time,Senior,11.4,15.4,5,7,"Design and maintain industrial automation systems, PLC programs, sensors, and control workflows. The role is based in Thane and works with cross-functional teams.","Industrial Automation, IoT, Python, Scikit-learn, Sensors, PLC, SCADA",7,Synthetic demo data,Generated for SKILLYNTRA prototype; not live job-posting data.
SKL100201,Mechanical Design Engineer,Engineering & Manufacturing,IndusWorks,Thane,Maharashtra,Contract,Junior,7.7,9.9,1,4,"Create and validate mechanical designs, prepare CAD models and drawings, and support manufacturing. The role is based in Thane and works with cross-functional teams.","SolidWorks, CAD, Product Management, GD&T, AutoCAD, Mechanical Design, Microcontrollers, Manufacturing",8,Synthetic demo data,Generated for SKILLYNTRA prototype; not live job-posting data.
SKL100202,Product Manager,Product & Business,MahaTech Industries,Noida,Uttar Pradesh,Full-time,Mid Level,12.0,14.2,3,7,"Define product priorities, analyze user and market needs, coordinate teams, and measure product outcomes. The role is based in Noida and works with cross-functional teams.","Business Analysis, Analytics, Communication, SQL, Market Research, Mechanical Design, Agile, Product Management",8,Synthetic demo data,Generated for SKILLYNTRA prototype; not live job-posting data.
SKL100203,EV Data Analyst,Automotive & EV,Nova Mobility,Noida,Uttar Pradesh,Contract,Mid Level,4.1,5.5,3,4,"Analyze electric-vehicle data, create dashboards, and identify operational and market trends. The role is based in Noida and works with cross-functional teams.","Excel, SQL, EV Analytics, Power BI, Statistics, Circuit Design, Python",7,Synthetic demo data,Generated for SKILLYNTRA prototype; not live job-posting data.
SKL100204,Game Developer,Gaming & Interactive,CoreStack,Mumbai,Maharashtra,Full-time,Senior,6.5,9.0,4,6,"Develop gameplay systems, implement mechanics, optimize performance, and collaborate with design teams. The role is based in Mumbai and works with cross-functional teams.","SolidWorks, 3D Mathematics, Unity, C++, Game Development, Cybersecurity, Git, C#",8,Synthetic demo data,Generated for SKILLYNTRA prototype; not live job-posting data.
SKL100205,Data Scientist,AI & Data,NextGen Analytics,Nagpur,Maharashtra,Full-time,Senior,10.5,14.6,4,5,"Build statistical and machine-learning models, prepare datasets, evaluate model performance, and communicate findings. The role is based in Nagpur and works with cross-functional teams.","Pandas, Machine Learning, Statistics, Python, SQL, Microcontrollers, Scikit-learn",7,Synthetic demo data,Generated for SKILLYNTRA prototype; not live job-posting data.
SKL100206,Full Stack Developer,Software & IT,Quantix Labs,Hyderabad,Telangana,Full-time,Senior,6.1,7.7,4,7,Build responsive web applications across frontend and backend services and integrate APIs and databases. The role is based in Hyderabad and works with cross-functional teams.,"HTML, CSS, Product Management, SQL, Node.js, JavaScript, Git, React",8,Synthetic demo data,Generated for SKILLYNTRA prototype; not live job-posting data.
SKL100207,Embedded Systems Engineer,Electronics & Embedded,NextGen Analytics,Noida,Uttar Pradesh,Full-time,Mid Level,8.6,9.9,3,7,Develop firmware and embedded applications for microcontrollers and connected devices. The role is based in Noida and works with cross-functional teams.,"C++, CSS, Microcontrollers, Git, RTOS, C, Game Development, Embedded Systems",8,Synthetic demo data,Generated for SKILLYNTRA prototype; not live job-posting data.
SKL100208,Data Analyst,Data & Analytics,MahaTech Industries,Nagpur,Maharashtra,Contract,Mid Level,5.4,7.2,3,6,"Analyze business data, build dashboards, identify trends, and communicate actionable insights to stakeholders. The role is based in Nagpur and works with cross-functional teams.","Power BI, Python, Data Visualization, SQL, Excel, Statistics",6,Synthetic demo data,Generated for SKILLYNTRA prototype; not live job-posting data.
SKL100209,Business Analyst,Business & Analytics,NextGen Analytics,Aurangabad,Maharashtra,Contract,Senior,5.0,9.3,4,7,"Gather business requirements, analyze operational data, create reports, and support decision-making. The role is based in Aurangabad and works with cross-functional teams.","Power BI, Business Analysis, Communication, SQL, Statistics, Excel",6,Synthetic demo data,Generated for SKILLYNTRA prototype; not live job-posting data.
SKL100210,Product Manager,Product & Business,FutureGrid,Ahmedabad,Gujarat,Contract,Senior,14.2,15.2,4,5,"Define product priorities, analyze user and market needs, coordinate teams, and measure product outcomes. The role is based in Ahmedabad and works with cross-functional teams.","Market Research, Product Management, SQL, Communication, Analytics, Agile",6,Synthetic demo data,Generated for SKILLYNTRA prototype; not live job-posting data.
SKL100211,HR Analyst,HR & Operations,AutoNext,Delhi,Delhi,Full-time,Junior,3.9,9.6,1,3,"Analyze workforce data, prepare HR reports, and support evidence-based people and talent decisions. The role is based in Delhi and works with cross-functional teams.","Data Analysis, Excel, Communication, Power BI, HR Analytics",5,Synthetic demo data,Generated for SKILLYNTRA prototype; not live job-posting data.
SKL100212,Data Analyst,Data & Analytics,InnoSoft,Ahmedabad,Gujarat,Contract,Mid Level,4.5,10.4,2,3,"Analyze business data, build dashboards, identify trends, and communicate actionable insights to stakeholders. The role is based in Ahmedabad and works with cross-functional teams.","Data Visualization, Statistics, Excel, IoT, Power BI, SQL, Python",7,Synthetic demo data,Generated for SKILLYNTRA prototype; not live job-posting data.
SKL100213,HR Analyst,HR & Operations,NextGen Analytics,Hyderabad,Telangana,Full-time,Senior,6.0,10.2,4,5,"Analyze workforce data, prepare HR reports, and support evidence-based people and talent decisions. The role is based in Hyderabad and works with cross-functional teams.","Power BI, Communication, HR Analytics, Excel, AutoCAD, Data Analysis",6,Synthetic demo data,Generated for SKILLYNTRA prototype; not live job-posting data.
SKL100214,Product Manager,Product & Business,SmartFab Technologies,Aurangabad,Maharashtra,Full-time,Senior,11.1,13.5,5,8,"Define product priorities, analyze user and market needs, coordinate teams, and measure product outcomes. The role is based in Aurangabad and works with cross-functional teams.","Analytics, Agile, SQL, Product Management, Communication, Market Research",6,Synthetic demo data,Generated for SKILLYNTRA prototype; not live job-posting data.
SKL100215,Automation Engineer,Engineering & Automation,SmartFab Technologies,Hyderabad,Telangana,Full-time,Mid Level,8.3,14.1,3,4,"Design and maintain industrial automation systems, PLC programs, sensors, and control workflows. The role is based in Hyderabad and works with cross-functional teams.","Python, PLC, SCADA, Sensors, Industrial Automation, IoT",6,Synthetic demo data,Generated for SKILLYNTRA prototype; not live job-posting data.
SKL100216,Full Stack Developer,Software & IT,FutureGrid,Ahmedabad,Gujarat,Full-time,Senior,6.5,11.8,5,6,Build responsive web applications across frontend and backend services and integrate APIs and databases. The role is based in Ahmedabad and works with cross-functional teams.,"SQL, Git, HTML, Node.js, React, CSS, JavaScript",7,Synthetic demo data,Generated for SKILLYNTRA prototype; not live job-posting data.
SKL100217,Cybersecurity Analyst,Cybersecurity,Nova Mobility,Jaipur,Rajasthan,Full-time,Entry Level,11.7,15.5,0,4,"Monitor security events, investigate incidents, assess risks, and support security controls. The role is based in Jaipur and works with cross-functional teams.","Incident Response, Networking, SIEM, Python, Computer Vision, Linux, Cybersecurity, Business Analysis",8,Synthetic demo data,Generated for SKILLYNTRA prototype; not live job-posting data.
SKL100218,Cloud Engineer,Cloud & DevOps,InnoSoft,Jaipur,Rajasthan,Full-time,Mid Level,12.4,14.7,3,4,"Design and maintain cloud infrastructure, automate deployments, and improve reliability and scalability. The role is based in Jaipur and works with cross-functional teams.","Kubernetes, Docker, Linux, Azure, CI/CD, AWS",6,Synthetic demo data,Generated for SKILLYNTRA prototype; not live job-posting data.
SKL100219,AI Engineer,AI & Machine Learning,SmartFab Technologies,Kolkata,West Bengal,Full-time,Junior,19.2,20.5,1,2,"Develop and deploy AI solutions, integrate machine-learning models into applications, and improve production performance. The role is based in Kolkata and works with cross-functional teams.","Deep Learning, Machine Learning, SQL, TensorFlow, React, Python, PyTorch, HR Analytics",8,Synthetic demo data,Generated for SKILLYNTRA prototype; not live job-posting data.
SKL100220,Full Stack Developer,Software & IT,DataBridge,Aurangabad,Maharashtra,Full-time,Mid Level,4.8,8.9,3,5,Build responsive web applications across frontend and backend services and integrate APIs and databases. The role is based in Aurangabad and works with cross-functional teams.,"JavaScript, React, Git, HTML, SQL, Node.js, CSS",7,Synthetic demo data,Generated for SKILLYNTRA prototype; not live job-posting data.
SKL100221,AI Engineer,AI & Machine Learning,InnoSoft,Aurangabad,Maharashtra,Full-time,Mid Level,9.6,15.0,2,6,"Develop and deploy AI solutions, integrate machine-learning models into applications, and improve production performance. The role is based in Aurangabad and works with cross-functional teams.","Mechanical Design, Machine Learning, TensorFlow, Computer Vision, Deep Learning, SQL, PyTorch, Python",8,Synthetic demo data,Generated for SKILLYNTRA prototype; not live job-posting data.
SKL100222,Embedded Systems Engineer,Electronics & Embedded,SmartFab Technologies,Chennai,Tamil Nadu,Full-time,Mid Level,5.6,8.2,3,6,Develop firmware and embedded applications for microcontrollers and connected devices. The role is based in Chennai and works with cross-functional teams.,"Microcontrollers, RTOS, C++, Git, Embedded Systems, C",6,Synthetic demo data,Generated for SKILLYNTRA prototype; not live job-posting data.
SKL100223,Full Stack Developer,Software & IT,CloudSphere,Mumbai,Maharashtra,Full-time,Senior,7.0,12.1,5,7,Build responsive web applications across frontend and backend services and integrate APIs and databases. The role is based in Mumbai and works with cross-functional teams.,"JavaScript, Python, Analytics, HTML, CSS, React, Node.js, Git, SQL",9,Synthetic demo data,Generated for SKILLYNTRA prototype; not live job-posting data.
SKL100224,Embedded Systems Engineer,Electronics & Embedded,Quantix Labs,Pune,Maharashtra,Full-time,Senior,9.1,11.0,4,6,Develop firmware and embedded applications for microcontrollers and connected devices. The role is based in Pune and works with cross-functional teams.,"Git, MATLAB, RTOS, C, Microcontrollers, C++, Embedded Systems",7,Synthetic demo data,Generated for SKILLYNTRA prototype; not live job-posting data.
SKL100225,Electronics Engineer,Electronics & Embedded,TechNova Solutions,Nagpur,Maharashtra,Full-time,Senior,3.5,9.1,4,8,"Design, test, and troubleshoot electronic systems, PCBs, and embedded hardware. The role is based in Nagpur and works with cross-functional teams.","C, Circuit Design, MATLAB, Testing, PCB Design, Embedded Systems",6,Synthetic demo data,Generated for SKILLYNTRA prototype; not live job-posting data.
SKL100226,Software Engineer,Software & IT,IndusWorks,Delhi,Delhi,Contract,Entry Level,14.6,17.5,0,3,"Design, develop, test, and maintain software services while collaborating with engineering teams. The role is based in Delhi and works with cross-functional teams.","REST API, Git, Python, Manufacturing, Data Structures, Game Development, SQL, Java",8,Synthetic demo data,Generated for SKILLYNTRA prototype; not live job-posting data.
SKL100227,Business Analyst,Business & Analytics,CoreStack,Nashik,Maharashtra,Full-time,Senior,5.8,9.7,5,8,"Gather business requirements, analyze operational data, create reports, and support decision-making. The role is based in Nashik and works with cross-functional teams.","Excel, Statistics, SQL, Communication, Power BI, Business Analysis",6,Synthetic demo data,Generated for SKILLYNTRA prototype; not live job-posting data.
SKL100228,Embedded Systems Engineer,Electronics & Embedded,InsightWorks,Bengaluru,Karnataka,Full-time,Entry Level,9.4,15.0,0,2,Develop firmware and embedded applications for microcontrollers and connected devices. The role is based in Bengaluru and works with cross-functional teams.,"RTOS, Git, Cybersecurity, C, Embedded Systems, Node.js, Microcontrollers, C++",8,Synthetic demo data,Generated for SKILLYNTRA prototype; not live job-posting data.
SKL100229,Full Stack Developer,Software & IT,NextGen Analytics,Noida,Uttar Pradesh,Full-time,Senior,8.7,11.1,5,8,Build responsive web applications across frontend and backend services and integrate APIs and databases. The role is based in Noida and works with cross-functional teams.,"React, SQL, Git, HTML, Node.js, JavaScript, CSS",7,Synthetic demo data,Generated for SKILLYNTRA prototype; not live job-posting data.
SKL100230,Game Developer,Gaming & Interactive,Prime Automation,Hyderabad,Telangana,Full-time,Junior,8.4,11.3,1,5,"Develop gameplay systems, implement mechanics, optimize performance, and collaborate with design teams. The role is based in Hyderabad and works with cross-functional teams.","C#, C++, Game Development, 3D Mathematics, Unity, Git, HTML, C",8,Synthetic demo data,Generated for SKILLYNTRA prototype; not live job-posting data.
SKL100231,Product Manager,Product & Business,SmartFab Technologies,Pune,Maharashtra,Full-time,Senior,8.0,9.8,4,5,"Define product priorities, analyze user and market needs, coordinate teams, and measure product outcomes. The role is based in Pune and works with cross-functional teams.","SQL, Agile, Market Research, CSS, Analytics, Product Management, Communication",7,Synthetic demo data,Generated for SKILLYNTRA prototype; not live job-posting data.
SKL100232,Mechanical Design Engineer,Engineering & Manufacturing,Nova Mobility,Noida,Uttar Pradesh,Full-time,Senior,4.5,6.0,4,8,"Create and validate mechanical designs, prepare CAD models and drawings, and support manufacturing. The role is based in Noida and works with cross-functional teams.","AutoCAD, Mechanical Design, Manufacturing, GD&T, CAD, SolidWorks",6,Synthetic demo data,Generated for SKILLYNTRA prototype; not live job-posting data.
SKL100233,DevOps Engineer,Cloud & DevOps,MahaTech Industries,Mumbai,Maharashtra,Full-time,Senior,7.8,10.6,4,8,"Automate software delivery, maintain CI/CD pipelines, monitor systems, and improve deployment reliability. The role is based in Mumbai and works with cross-functional teams.","Docker, Business Analysis, Linux, AWS, CI/CD, Git, Kubernetes",7,Synthetic demo data,Generated for SKILLYNTRA prototype; not live job-posting data.
SKL100234,Cloud Engineer,Cloud & DevOps,FutureGrid,Nashik,Maharashtra,Full-time,Junior,15.3,17.8,1,5,"Design and maintain cloud infrastructure, automate deployments, and improve reliability and scalability. The role is based in Nashik and works with cross-functional teams.","Java, Azure, Kubernetes, AWS, Linux, CI/CD, Docker",7,Synthetic demo data,Generated for SKILLYNTRA prototype; not live job-posting data.
SKL100235,HR Analyst,HR & Operations,InnoSoft,Kolkata,West Bengal,Full-time,Mid Level,5.7,8.0,2,4,"Analyze workforce data, prepare HR reports, and support evidence-based people and talent decisions. The role is based in Kolkata and works with cross-functional teams.","Data Structures, Data Analysis, Communication, Excel, Power BI, HR Analytics",6,Synthetic demo data,Generated for SKILLYNTRA prototype; not live job-posting data.
SKL100236,HR Analyst,HR & Operations,CoreStack,Ahmedabad,Gujarat,Full-time,Mid Level,6.3,11.5,3,5,"Analyze workforce data, prepare HR reports, and support evidence-based people and talent decisions. The role is based in Ahmedabad and works with cross-functional teams.","Excel, Power BI, Testing, HR Analytics, Communication, Incident Response, Data Analysis",7,Synthetic demo data,Generated for SKILLYNTRA prototype; not live job-posting data.
SKL100237,Game Developer,Gaming & Interactive,MahaTech Industries,Kolkata,West Bengal,Contract,Senior,5.1,9.9,4,6,"Develop gameplay systems, implement mechanics, optimize performance, and collaborate with design teams. The role is based in Kolkata and works with cross-functional teams.","Game Development, C#, C++, Git, 3D Mathematics, Unity",6,Synthetic demo data,Generated for SKILLYNTRA prototype; not live job-posting data.
SKL100238,AI Engineer,AI & Machine Learning,Prime Automation,Noida,Uttar Pradesh,Full-time,Mid Level,17.8,20.1,2,4,"Develop and deploy AI solutions, integrate machine-learning models into applications, and improve production performance. The role is based in Noida and works with cross-functional teams.","SolidWorks, RTOS, Deep Learning, SQL, TensorFlow, PyTorch, Python, Machine Learning",8,Synthetic demo data,Generated for SKILLYNTRA prototype; not live job-posting data.
SKL100239,Predictive Maintenance Engineer,Engineering & Manufacturing,TechNova Solutions,Hyderabad,Telangana,Contract,Senior,5.6,7.3,5,9,Use machine and sensor data to identify failure patterns and improve maintenance planning. The role is based in Hyderabad and works with cross-functional teams.,"PLC, PyTorch, Sensor Analytics, Machine Learning, MATLAB, Predictive Maintenance, Python, IoT",8,Synthetic demo data,Generated for SKILLYNTRA prototype; not live job-posting data.
SKL100240,Cybersecurity Analyst,Cybersecurity,AutoNext,Bengaluru,Karnataka,Full-time,Senior,4.3,6.7,4,8,"Monitor security events, investigate incidents, assess risks, and support security controls. The role is based in Bengaluru and works with cross-functional teams.","Networking, Linux, Cybersecurity, SIEM, Incident Response, Python",6,Synthetic demo data,Generated for SKILLYNTRA prototype; not live job-posting data.
SKL100241,DevOps Engineer,Cloud & DevOps,AutoNext,Pune,Maharashtra,Contract,Mid Level,6.2,11.3,3,6,"Automate software delivery, maintain CI/CD pipelines, monitor systems, and improve deployment reliability. The role is based in Pune and works with cross-functional teams.","EV Analytics, Git, CI/CD, Docker, Linux, AWS, Kubernetes",7,Synthetic demo data,Generated for SKILLYNTRA prototype; not live job-posting data.
SKL100242,Business Analyst,Business & Analytics,Prime Automation,Aurangabad,Maharashtra,Full-time,Senior,5.5,7.6,4,5,"Gather business requirements, analyze operational data, create reports, and support decision-making. The role is based in Aurangabad and works with cross-functional teams.","Excel, Product Management, Statistics, SQL, Power BI, Communication, Business Analysis",7,Synthetic demo data,Generated for SKILLYNTRA prototype; not live job-posting data.
SKL100243,Product Manager,Product & Business,BluePeak Consulting,Gurugram,Haryana,Full-time,Senior,17.1,20.8,5,7,"Define product priorities, analyze user and market needs, coordinate teams, and measure product outcomes. The role is based in Gurugram and works with cross-functional teams.","Agile, Circuit Design, Analytics, Communication, Product Management, Market Research, AWS, SQL",8,Synthetic demo data,Generated for SKILLYNTRA prototype; not live job-posting data.
SKL100244,HR Analyst,HR & Operations,Vertex Systems,Gurugram,Haryana,Full-time,Mid Level,7.9,11.5,2,5,"Analyze workforce data, prepare HR reports, and support evidence-based people and talent decisions. The role is based in Gurugram and works with cross-functional teams.","C, Communication, Data Analysis, Power BI, HR Analytics, Excel, Statistics",7,Synthetic demo data,Generated for SKILLYNTRA prototype; not live job-posting data.
SKL100245,Industrial AI Engineer,Engineering & AI,CoreStack,Delhi,Delhi,Full-time,Mid Level,7.8,13.3,3,6,"Apply AI and computer vision to industrial processes, sensor data, and intelligent automation systems. The role is based in Delhi and works with cross-functional teams.","Pandas, SIEM, Industrial AI, SQL, Computer Vision, Python, IoT, Machine Learning",8,Synthetic demo data,Generated for SKILLYNTRA prototype; not live job-posting data.
SKL100246,DevOps Engineer,Cloud & DevOps,Vertex Systems,Noida,Uttar Pradesh,Full-time,Mid Level,12.2,17.5,3,7,"Automate software delivery, maintain CI/CD pipelines, monitor systems, and improve deployment reliability. The role is based in Noida and works with cross-functional teams.","Java, 3D Mathematics, AWS, Linux, CI/CD, Docker, Git, Kubernetes",8,Synthetic demo data,Generated for SKILLYNTRA prototype; not live job-posting data.
SKL100247,Cybersecurity Analyst,Cybersecurity,InnoSoft,Bengaluru,Karnataka,Full-time,Mid Level,6.3,9.6,2,6,"Monitor security events, investigate incidents, assess risks, and support security controls. The role is based in Bengaluru and works with cross-functional teams.","SCADA, Linux, SIEM, Networking, Incident Response, Cybersecurity, Python, JavaScript",8,Synthetic demo data,Generated for SKILLYNTRA prototype; not live job-posting data.
SKL100248,Machine Learning Engineer,AI & Machine Learning,NextGen Analytics,Hyderabad,Telangana,Full-time,Mid Level,14.7,20.0,3,6,"Develop, test, deploy, and maintain machine-learning pipelines and production models. The role is based in Hyderabad and works with cross-functional teams.","TensorFlow, PyTorch, Python, Machine Learning, Scikit-learn, Microcontrollers, Docker",7,Synthetic demo data,Generated for SKILLYNTRA prototype; not live job-posting data.
SKL100249,Electronics Engineer,Electronics & Embedded,SmartFab Technologies,Bengaluru,Karnataka,Full-time,Senior,8.2,12.5,5,7,"Design, test, and troubleshoot electronic systems, PCBs, and embedded hardware. The role is based in Bengaluru and works with cross-functional teams.","Embedded Systems, C, PCB Design, Circuit Design, Testing, Data Structures, MATLAB",7,Synthetic demo data,Generated for SKILLYNTRA prototype; not live job-posting data.
SKL100250,DevOps Engineer,Cloud & DevOps,CoreStack,Noida,Uttar Pradesh,Contract,Senior,16.9,21.2,6,10,"Automate software delivery, maintain CI/CD pipelines, monitor systems, and improve deployment reliability. The role is based in Noida and works with cross-functional teams.","Scikit-learn, Linux, AWS, Docker, CI/CD, Git, EV Analytics, Kubernetes",8,Synthetic demo data,Generated for SKILLYNTRA prototype; not live job-posting data.
SKL100251,Software Engineer,Software & IT,DataBridge,Gurugram,Haryana,Full-time,Senior,14.5,20.0,5,7,"Design, develop, test, and maintain software services while collaborating with engineering teams. The role is based in Gurugram and works with cross-functional teams.","Python, REST API, Azure, Git, SQL, Communication, Java, Data Structures",8,Synthetic demo data,Generated for SKILLYNTRA prototype; not live job-posting data.
SKL100252,Embedded Systems Engineer,Electronics & Embedded,VisionEdge,Aurangabad,Maharashtra,Full-time,Entry Level,4.5,8.7,0,4,Develop firmware and embedded applications for microcontrollers and connected devices. The role is based in Aurangabad and works with cross-functional teams.,"Testing, Git, Embedded Systems, C, RTOS, Networking, Microcontrollers, C++",8,Synthetic demo data,Generated for SKILLYNTRA prototype; not live job-posting data.
SKL100253,Mechanical Design Engineer,Engineering & Manufacturing,IndusWorks,Pune,Maharashtra,Full-time,Junior,5.7,11.7,1,3,"Create and validate mechanical designs, prepare CAD models and drawings, and support manufacturing. The role is based in Pune and works with cross-functional teams.","CAD, CI/CD, Manufacturing, AutoCAD, SolidWorks, Mechanical Design, GD&T",7,Synthetic demo data,Generated for SKILLYNTRA prototype; not live job-posting data.
SKL100254,Business Analyst,Business & Analytics,MahaTech Industries,Noida,Uttar Pradesh,Contract,Entry Level,6.2,11.0,0,4,"Gather business requirements, analyze operational data, create reports, and support decision-making. The role is based in Noida and works with cross-functional teams.","Statistics, Power BI, SQL, Business Analysis, Excel, Communication",6,Synthetic demo data,Generated for SKILLYNTRA prototype; not live job-posting data.
SKL100255,Mechanical Design Engineer,Engineering & Manufacturing,Prime Automation,Bengaluru,Karnataka,Full-time,Mid Level,3.5,7.2,3,7,"Create and validate mechanical designs, prepare CAD models and drawings, and support manufacturing. The role is based in Bengaluru and works with cross-functional teams.","Mechanical Design, CAD, Game Development, Testing, SolidWorks, Manufacturing, GD&T, AutoCAD",8,Synthetic demo data,Generated for SKILLYNTRA prototype; not live job-posting data.
SKL100256,DevOps Engineer,Cloud & DevOps,Quantix Labs,Gurugram,Haryana,Contract,Mid Level,7.2,10.7,3,5,"Automate software delivery, maintain CI/CD pipelines, monitor systems, and improve deployment reliability. The role is based in Gurugram and works with cross-functional teams.","Git, AWS, Docker, CI/CD, Kubernetes, CSS, Linux",7,Synthetic demo data,Generated for SKILLYNTRA prototype; not live job-posting data.
SKL100257,Software Engineer,Software & IT,AutoNext,Thane,Maharashtra,Full-time,Mid Level,6.6,12.2,2,4,"Design, develop, test, and maintain software services while collaborating with engineering teams. The role is based in Thane and works with cross-functional teams.","Git, Python, SQL, REST API, Data Structures, AWS, Java",7,Synthetic demo data,Generated for SKILLYNTRA prototype; not live job-posting data.
SKL100258,Machine Learning Engineer,AI & Machine Learning,MahaTech Industries,Thane,Maharashtra,Contract,Senior,16.3,20.4,4,7,"Develop, test, deploy, and maintain machine-learning pipelines and production models. The role is based in Thane and works with cross-functional teams.","TensorFlow, Scikit-learn, Networking, PyTorch, Analytics, Python, Docker, Machine Learning",8,Synthetic demo data,Generated for SKILLYNTRA prototype; not live job-posting data.
SKL100259,Machine Learning Engineer,AI & Machine Learning,DataBridge,Chennai,Tamil Nadu,Full-time,Senior,9.5,13.9,4,6,"Develop, test, deploy, and maintain machine-learning pipelines and production models. The role is based in Chennai and works with cross-functional teams.","PyTorch, Machine Learning, Docker, Python, TensorFlow, Scikit-learn",6,Synthetic demo data,Generated for SKILLYNTRA prototype; not live job-posting data.
SKL100260,Mechanical Design Engineer,Engineering & Manufacturing,Apex Digital,Jaipur,Rajasthan,Full-time,Senior,5.3,10.3,4,5,"Create and validate mechanical designs, prepare CAD models and drawings, and support manufacturing. The role is based in Jaipur and works with cross-functional teams.","AutoCAD, Communication, CAD, Mechanical Design, GD&T, SolidWorks, Manufacturing",7,Synthetic demo data,Generated for SKILLYNTRA prototype; not live job-posting data.
SKL100261,Full Stack Developer,Software & IT,CoreStack,Pune,Maharashtra,Full-time,Mid Level,11.0,14.4,3,5,Build responsive web applications across frontend and backend services and integrate APIs and databases. The role is based in Pune and works with cross-functional teams.,"SQL, React, Node.js, HTML, CSS, Git, JavaScript",7,Synthetic demo data,Generated for SKILLYNTRA prototype; not live job-posting data.
SKL100262,AI Engineer,AI & Machine Learning,BluePeak Consulting,Ahmedabad,Gujarat,Full-time,Junior,18.8,23.0,1,2,"Develop and deploy AI solutions, integrate machine-learning models into applications, and improve production performance. The role is based in Ahmedabad and works with cross-functional teams.","Machine Learning, Data Structures, SQL, TensorFlow, Python, PyTorch, Deep Learning",7,Synthetic demo data,Generated for SKILLYNTRA prototype; not live job-posting data.
SKL100263,HR Analyst,HR & Operations,SmartFab Technologies,Ahmedabad,Gujarat,Full-time,Mid Level,3.6,8.4,3,4,"Analyze workforce data, prepare HR reports, and support evidence-based people and talent decisions. The role is based in Ahmedabad and works with cross-functional teams.","Communication, Data Analysis, Power BI, HR Analytics, Excel",5,Synthetic demo data,Generated for SKILLYNTRA prototype; not live job-posting data.
SKL100264,HR Analyst,HR & Operations,VisionEdge,Kolkata,West Bengal,Contract,Senior,8.3,9.7,4,7,"Analyze workforce data, prepare HR reports, and support evidence-based people and talent decisions. The role is based in Kolkata and works with cross-functional teams.","CI/CD, Power BI, HR Analytics, Data Analysis, Communication, Excel",6,Synthetic demo data,Generated for SKILLYNTRA prototype; not live job-posting data.
SKL100265,Industrial AI Engineer,Engineering & AI,Prime Automation,Ahmedabad,Gujarat,Contract,Senior,7.2,11.7,6,8,"Apply AI and computer vision to industrial processes, sensor data, and intelligent automation systems. The role is based in Ahmedabad and works with cross-functional teams.","Industrial AI, SQL, IoT, Computer Vision, Python, Machine Learning",6,Synthetic demo data,Generated for SKILLYNTRA prototype; not live job-posting data.
SKL100266,Full Stack Developer,Software & IT,InnoSoft,Delhi,Delhi,Full-time,Mid Level,12.7,18.1,2,3,Build responsive web applications across frontend and backend services and integrate APIs and databases. The role is based in Delhi and works with cross-functional teams.,"Node.js, React, HTML, Git, CSS, SQL, JavaScript, C#, Statistics",9,Synthetic demo data,Generated for SKILLYNTRA prototype; not live job-posting data.
SKL100267,Data Analyst,Data & Analytics,BluePeak Consulting,Gurugram,Haryana,Contract,Senior,8.4,12.7,4,6,"Analyze business data, build dashboards, identify trends, and communicate actionable insights to stakeholders. The role is based in Gurugram and works with cross-functional teams.","Power BI, Excel, SQL, Python, JavaScript, Data Visualization, Statistics",7,Synthetic demo data,Generated for SKILLYNTRA prototype; not live job-posting data.
SKL100268,HR Analyst,HR & Operations,InnoSoft,Noida,Uttar Pradesh,Full-time,Junior,3.1,8.7,1,2,"Analyze workforce data, prepare HR reports, and support evidence-based people and talent decisions. The role is based in Noida and works with cross-functional teams.","SQL, Power BI, Data Analysis, Excel, HR Analytics, Communication, Java",7,Synthetic demo data,Generated for SKILLYNTRA prototype; not live job-posting data.
SKL100269,Business Analyst,Business & Analytics,MahaTech Industries,Aurangabad,Maharashtra,Full-time,Senior,8.4,11.3,4,6,"Gather business requirements, analyze operational data, create reports, and support decision-making. The role is based in Aurangabad and works with cross-functional teams.","Statistics, Excel, Power BI, Communication, Business Analysis, SQL",6,Synthetic demo data,Generated for SKILLYNTRA prototype; not live job-posting data.
SKL100270,Industrial AI Engineer,Engineering & AI,SmartFab Technologies,Hyderabad,Telangana,Full-time,Junior,14.2,15.3,1,5,"Apply AI and computer vision to industrial processes, sensor data, and intelligent automation systems. The role is based in Hyderabad and works with cross-functional teams.","IoT, Machine Learning, Computer Vision, Git, SQL, Industrial AI, Python",7,Synthetic demo data,Generated for SKILLYNTRA prototype; not live job-posting data.
SKL100271,Automation Engineer,Engineering & Automation,Quantix Labs,Thane,Maharashtra,Full-time,Entry Level,10.8,13.4,0,2,"Design and maintain industrial automation systems, PLC programs, sensors, and control workflows. The role is based in Thane and works with cross-functional teams.","SCADA, Manufacturing, Industrial Automation, Python, PLC, IoT, Incident Response, Sensors",8,Synthetic demo data,Generated for SKILLYNTRA prototype; not live job-posting data.
SKL100272,Business Analyst,Business & Analytics,FutureGrid,Thane,Maharashtra,Full-time,Senior,9.6,10.8,4,7,"Gather business requirements, analyze operational data, create reports, and support decision-making. The role is based in Thane and works with cross-functional teams.","Power BI, Communication, SQL, Statistics, Excel, Business Analysis",6,Synthetic demo data,Generated for SKILLYNTRA prototype; not live job-posting data.
SKL100273,Cloud Engineer,Cloud & DevOps,InnoSoft,Mumbai,Maharashtra,Full-time,Mid Level,15.1,17.0,2,6,"Design and maintain cloud infrastructure, automate deployments, and improve reliability and scalability. The role is based in Mumbai and works with cross-functional teams.","CI/CD, Linux, Azure, Kubernetes, AWS, Docker, C#",7,Synthetic demo data,Generated for SKILLYNTRA prototype; not live job-posting data.
SKL100274,Industrial AI Engineer,Engineering & AI,BluePeak Consulting,Pune,Maharashtra,Full-time,Senior,12.1,15.2,6,7,"Apply AI and computer vision to industrial processes, sensor data, and intelligent automation systems. The role is based in Pune and works with cross-functional teams.","TensorFlow, Computer Vision, Python, Industrial Automation, Machine Learning, Industrial AI, SQL, IoT",8,Synthetic demo data,Generated for SKILLYNTRA prototype; not live job-posting data.
SKL100275,Predictive Maintenance Engineer,Engineering & Manufacturing,InnoSoft,Kolkata,West Bengal,Full-time,Mid Level,7.1,12.9,3,5,Use machine and sensor data to identify failure patterns and improve maintenance planning. The role is based in Kolkata and works with cross-functional teams.,"Python, Predictive Maintenance, Machine Learning, Sensor Analytics, PLC, IoT, HR Analytics",7,Synthetic demo data,Generated for SKILLYNTRA prototype; not live job-posting data.
SKL100276,EV Data Analyst,Automotive & EV,Vertex Systems,Noida,Uttar Pradesh,Full-time,Junior,9.0,11.4,1,3,"Analyze electric-vehicle data, create dashboards, and identify operational and market trends. The role is based in Noida and works with cross-functional teams.","EV Analytics, Python, Statistics, Power BI, SolidWorks, SQL, Excel",7,Synthetic demo data,Generated for SKILLYNTRA prototype; not live job-posting data.
SKL100277,EV Data Analyst,Automotive & EV,InsightWorks,Hyderabad,Telangana,Full-time,Senior,9.4,14.9,4,8,"Analyze electric-vehicle data, create dashboards, and identify operational and market trends. The role is based in Hyderabad and works with cross-functional teams.","Power BI, SQL, Statistics, Excel, EV Analytics, Python, Sensor Analytics, Data Structures",8,Synthetic demo data,Generated for SKILLYNTRA prototype; not live job-posting data.
SKL100278,Data Scientist,AI & Data,MahaTech Industries,Noida,Uttar Pradesh,Full-time,Mid Level,13.5,15.3,2,5,"Build statistical and machine-learning models, prepare datasets, evaluate model performance, and communicate findings. The role is based in Noida and works with cross-functional teams.","Scikit-learn, Statistics, Pandas, Networking, Python, SQL, Machine Learning",7,Synthetic demo data,Generated for SKILLYNTRA prototype; not live job-posting data.
SKL100279,Automation Engineer,Engineering & Automation,SkillTech,Mumbai,Maharashtra,Contract,Senior,9.9,13.7,5,7,"Design and maintain industrial automation systems, PLC programs, sensors, and control workflows. The role is based in Mumbai and works with cross-functional teams.","IoT, Sensors, SCADA, PLC, Industrial Automation, Python",6,Synthetic demo data,Generated for SKILLYNTRA prototype; not live job-posting data.
SKL100280,Business Analyst,Business & Analytics,MahaTech Industries,Chennai,Tamil Nadu,Full-time,Entry Level,5.6,11.0,0,3,"Gather business requirements, analyze operational data, create reports, and support decision-making. The role is based in Chennai and works with cross-functional teams.","Business Analysis, SQL, Communication, SCADA, Power BI, Statistics, Excel",7,Synthetic demo data,Generated for SKILLYNTRA prototype; not live job-posting data.
SKL100281,Automation Engineer,Engineering & Automation,NextGen Analytics,Nashik,Maharashtra,Full-time,Junior,9.9,11.5,1,3,"Design and maintain industrial automation systems, PLC programs, sensors, and control workflows. The role is based in Nashik and works with cross-functional teams.","SCADA, Sensors, PLC, Python, Industrial Automation, IoT",6,Synthetic demo data,Generated for SKILLYNTRA prototype; not live job-posting data.
SKL100282,Data Analyst,Data & Analytics,VisionEdge,Thane,Maharashtra,Full-time,Junior,4.3,6.9,1,2,"Analyze business data, build dashboards, identify trends, and communicate actionable insights to stakeholders. The role is based in Thane and works with cross-functional teams.","Python, Excel, SQL, Power BI, Statistics, Data Visualization",6,Synthetic demo data,Generated for SKILLYNTRA prototype; not live job-posting data.
SKL100283,Business Analyst,Business & Analytics,CloudSphere,Chennai,Tamil Nadu,Full-time,Junior,10.3,12.1,1,2,"Gather business requirements, analyze operational data, create reports, and support decision-making. The role is based in Chennai and works with cross-functional teams.","SQL, Business Analysis, Communication, Linux, Statistics, HR Analytics, Power BI, Excel",8,Synthetic demo data,Generated for SKILLYNTRA prototype; not live job-posting data.
SKL100284,Cloud Engineer,Cloud & DevOps,SkillTech,Ahmedabad,Gujarat,Contract,Senior,17.0,22.1,5,9,"Design and maintain cloud infrastructure, automate deployments, and improve reliability and scalability. The role is based in Ahmedabad and works with cross-functional teams.","Linux, 3D Mathematics, AWS, C++, Kubernetes, Azure, Docker, CI/CD",8,Synthetic demo data,Generated for SKILLYNTRA prototype; not live job-posting data.
SKL100285,Machine Learning Engineer,AI & Machine Learning,DataBridge,Bengaluru,Karnataka,Full-time,Senior,7.3,10.9,5,8,"Develop, test, deploy, and maintain machine-learning pipelines and production models. The role is based in Bengaluru and works with cross-functional teams.","Scikit-learn, Machine Learning, Python, Docker, TensorFlow, PyTorch, IoT",7,Synthetic demo data,Generated for SKILLYNTRA prototype; not live job-posting data.
SKL100286,Business Analyst,Business & Analytics,NextGen Analytics,Chennai,Tamil Nadu,Contract,Entry Level,11.8,16.6,0,2,"Gather business requirements, analyze operational data, create reports, and support decision-making. The role is based in Chennai and works with cross-functional teams.","Communication, Power BI, SQL, Business Analysis, 3D Mathematics, Statistics, Microcontrollers, Excel",8,Synthetic demo data,Generated for SKILLYNTRA prototype; not live job-posting data.
SKL100287,AI Engineer,AI & Machine Learning,IndusWorks,Gurugram,Haryana,Full-time,Junior,16.3,17.5,1,5,"Develop and deploy AI solutions, integrate machine-learning models into applications, and improve production performance. The role is based in Gurugram and works with cross-functional teams.","TensorFlow, SQL, PyTorch, Deep Learning, Machine Learning, Python",6,Synthetic demo data,Generated for SKILLYNTRA prototype; not live job-posting data.
SKL100288,Cybersecurity Analyst,Cybersecurity,InnoSoft,Bengaluru,Karnataka,Full-time,Mid Level,7.9,9.0,3,7,"Monitor security events, investigate incidents, assess risks, and support security controls. The role is based in Bengaluru and works with cross-functional teams.","Linux, SIEM, Networking, Kubernetes, Python, C, Incident Response, Cybersecurity",8,Synthetic demo data,Generated for SKILLYNTRA prototype; not live job-posting data.
SKL100289,HR Analyst,HR & Operations,BluePeak Consulting,Kolkata,West Bengal,Full-time,Entry Level,7.7,10.2,0,3,"Analyze workforce data, prepare HR reports, and support evidence-based people and talent decisions. The role is based in Kolkata and works with cross-functional teams.","Excel, Data Analysis, HR Analytics, Communication, Power BI",5,Synthetic demo data,Generated for SKILLYNTRA prototype; not live job-posting data.
SKL100290,Industrial AI Engineer,Engineering & AI,CoreStack,Nashik,Maharashtra,Full-time,Mid Level,14.2,19.2,2,4,"Apply AI and computer vision to industrial processes, sensor data, and intelligent automation systems. The role is based in Nashik and works with cross-functional teams.","Machine Learning, Computer Vision, Industrial AI, Python, Data Visualization, SQL, Unity, IoT",8,Synthetic demo data,Generated for SKILLYNTRA prototype; not live job-posting data.
SKL100291,Data Scientist,AI & Data,InsightWorks,Pune,Maharashtra,Full-time,Senior,11.4,17.1,5,9,"Build statistical and machine-learning models, prepare datasets, evaluate model performance, and communicate findings. The role is based in Pune and works with cross-functional teams.","Pandas, Python, Statistics, SQL, Machine Learning, Circuit Design, Scikit-learn",7,Synthetic demo data,Generated for SKILLYNTRA prototype; not live job-posting data.
SKL100292,Full Stack Developer,Software & IT,SkillTech,Nagpur,Maharashtra,Full-time,Mid Level,5.6,9.9,2,4,Build responsive web applications across frontend and backend services and integrate APIs and databases. The role is based in Nagpur and works with cross-functional teams.,"React, Git, SQL, Node.js, JavaScript, HTML, CSS, Sensor Analytics, Analytics",9,Synthetic demo data,Generated for SKILLYNTRA prototype; not live job-posting data.
SKL100293,Machine Learning Engineer,AI & Machine Learning,InsightWorks,Nagpur,Maharashtra,Contract,Senior,11.3,15.6,4,7,"Develop, test, deploy, and maintain machine-learning pipelines and production models. The role is based in Nagpur and works with cross-functional teams.","PyTorch, Machine Learning, TensorFlow, Docker, Scikit-learn, Python",6,Synthetic demo data,Generated for SKILLYNTRA prototype; not live job-posting data.
SKL100294,Automation Engineer,Engineering & Automation,SkillTech,Thane,Maharashtra,Contract,Senior,9.5,11.3,5,8,"Design and maintain industrial automation systems, PLC programs, sensors, and control workflows. The role is based in Thane and works with cross-functional teams.","RTOS, Embedded Systems, Python, Industrial Automation, PLC, SCADA, IoT, Sensors",8,Synthetic demo data,Generated for SKILLYNTRA prototype; not live job-posting data.
SKL100295,Cybersecurity Analyst,Cybersecurity,Quantix Labs,Jaipur,Rajasthan,Full-time,Junior,11.9,15.2,1,4,"Monitor security events, investigate incidents, assess risks, and support security controls. The role is based in Jaipur and works with cross-functional teams.","Linux, REST API, Incident Response, Cybersecurity, Python, SIEM, Networking",7,Synthetic demo data,Generated for SKILLYNTRA prototype; not live job-posting data.
SKL100296,Software Engineer,Software & IT,CoreStack,Kolkata,West Bengal,Full-time,Junior,12.3,16.5,1,4,"Design, develop, test, and maintain software services while collaborating with engineering teams. The role is based in Kolkata and works with cross-functional teams.","Java, Data Structures, SQL, Git, SolidWorks, REST API, AutoCAD, Python",8,Synthetic demo data,Generated for SKILLYNTRA prototype; not live job-posting data.
SKL100297,EV Data Analyst,Automotive & EV,CoreStack,Aurangabad,Maharashtra,Contract,Senior,9.2,11.0,4,8,"Analyze electric-vehicle data, create dashboards, and identify operational and market trends. The role is based in Aurangabad and works with cross-functional teams.","Excel, Python, Statistics, SQL, Power BI, EV Analytics, Communication",7,Synthetic demo data,Generated for SKILLYNTRA prototype; not live job-posting data.
SKL100298,HR Analyst,HR & Operations,TechNova Solutions,Chennai,Tamil Nadu,Full-time,Junior,7.5,9.2,1,3,"Analyze workforce data, prepare HR reports, and support evidence-based people and talent decisions. The role is based in Chennai and works with cross-functional teams.","Excel, Communication, Power BI, Data Analysis, HR Analytics",5,Synthetic demo data,Generated for SKILLYNTRA prototype; not live job-posting data.
SKL100299,Data Scientist,AI & Data,AutoNext,Nagpur,Maharashtra,Full-time,Mid Level,8.6,10.8,2,3,"Build statistical and machine-learning models, prepare datasets, evaluate model performance, and communicate findings. The role is based in Nagpur and works with cross-functional teams.","Machine Learning, SQL, Pandas, Python, IoT, Circuit Design, Statistics, Scikit-learn",8,Synthetic demo data,Generated for SKILLYNTRA prototype; not live job-posting data.
SKL100300,Predictive Maintenance Engineer,Engineering & Manufacturing,DataBridge,Noida,Uttar Pradesh,Contract,Senior,10.0,13.8,5,8,Use machine and sensor data to identify failure patterns and improve maintenance planning. The role is based in Noida and works with cross-functional teams.,"Microcontrollers, IoT, PLC, Python, Predictive Maintenance, Machine Learning, Sensor Analytics",7,Synthetic demo data,Generated for SKILLYNTRA prototype; not live job-posting data.
SKL100301,DevOps Engineer,Cloud & DevOps,InnoSoft,Chennai,Tamil Nadu,Full-time,Mid Level,11.8,15.3,3,6,"Automate software delivery, maintain CI/CD pipelines, monitor systems, and improve deployment reliability. The role is based in Chennai and works with cross-functional teams.","3D Mathematics, CI/CD, MATLAB, Linux, Git, Docker, AWS, Kubernetes",8,Synthetic demo data,Generated for SKILLYNTRA prototype; not live job-posting data.
SKL100302,Software Engineer,Software & IT,Nova Mobility,Nashik,Maharashtra,Contract,Mid Level,11.6,14.7,2,3,"Design, develop, test, and maintain software services while collaborating with engineering teams. The role is based in Nashik and works with cross-functional teams.","Java, SQL, Power BI, REST API, Data Structures, Git, Python",7,Synthetic demo data,Generated for SKILLYNTRA prototype; not live job-posting data.
SKL100303,Data Analyst,Data & Analytics,MahaTech Industries,Nagpur,Maharashtra,Full-time,Junior,4.2,7.7,1,3,"Analyze business data, build dashboards, identify trends, and communicate actionable insights to stakeholders. The role is based in Nagpur and works with cross-functional teams.","Data Visualization, Python, C++, Excel, Statistics, SQL, Analytics, Power BI",8,Synthetic demo data,Generated for SKILLYNTRA prototype; not live job-posting data.
SKL100304,AI Engineer,AI & Machine Learning,VisionEdge,Nagpur,Maharashtra,Contract,Senior,18.3,20.1,5,9,"Develop and deploy AI solutions, integrate machine-learning models into applications, and improve production performance. The role is based in Nagpur and works with cross-functional teams.","PyTorch, SQL, Python, Deep Learning, Manufacturing, TensorFlow, Machine Learning",7,Synthetic demo data,Generated for SKILLYNTRA prototype; not live job-posting data.
SKL100305,Electronics Engineer,Electronics & Embedded,NextGen Analytics,Delhi,Delhi,Full-time,Junior,6.0,7.5,1,5,"Design, test, and troubleshoot electronic systems, PCBs, and embedded hardware. The role is based in Delhi and works with cross-functional teams.","Embedded Systems, PCB Design, Circuit Design, MATLAB, Testing, C",6,Synthetic demo data,Generated for SKILLYNTRA prototype; not live job-posting data.
SKL100306,Industrial AI Engineer,Engineering & AI,SkillTech,Kolkata,West Bengal,Contract,Senior,15.7,19.3,5,6,"Apply AI and computer vision to industrial processes, sensor data, and intelligent automation systems. The role is based in Kolkata and works with cross-functional teams.","Industrial AI, SQL, IoT, Machine Learning, Computer Vision, Python",6,Synthetic demo data,Generated for SKILLYNTRA prototype; not live job-posting data.
SKL100307,Predictive Maintenance Engineer,Engineering & Manufacturing,Quantix Labs,Bengaluru,Karnataka,Full-time,Entry Level,6.7,11.7,0,4,Use machine and sensor data to identify failure patterns and improve maintenance planning. The role is based in Bengaluru and works with cross-functional teams.,"Machine Learning, Sensor Analytics, IoT, Python, EV Analytics, PLC, Predictive Maintenance",7,Synthetic demo data,Generated for SKILLYNTRA prototype; not live job-posting data.
SKL100308,Industrial AI Engineer,Engineering & AI,CloudSphere,Ahmedabad,Gujarat,Contract,Junior,12.6,16.3,1,4,"Apply AI and computer vision to industrial processes, sensor data, and intelligent automation systems. The role is based in Ahmedabad and works with cross-functional teams.","Machine Learning, Computer Vision, IoT, Industrial AI, CSS, SQL, Python",7,Synthetic demo data,Generated for SKILLYNTRA prototype; not live job-posting data.
SKL100309,Cloud Engineer,Cloud & DevOps,SmartFab Technologies,Gurugram,Haryana,Full-time,Senior,7.2,10.3,4,7,"Design and maintain cloud infrastructure, automate deployments, and improve reliability and scalability. The role is based in Gurugram and works with cross-functional teams.","AWS, Azure, Docker, CI/CD, Scikit-learn, Linux, Kubernetes, Data Visualization",8,Synthetic demo data,Generated for SKILLYNTRA prototype; not live job-posting data.
SKL100310,Mechanical Design Engineer,Engineering & Manufacturing,CoreStack,Chennai,Tamil Nadu,Full-time,Mid Level,5.9,9.7,3,5,"Create and validate mechanical designs, prepare CAD models and drawings, and support manufacturing. The role is based in Chennai and works with cross-functional teams.","Docker, AutoCAD, Mechanical Design, SolidWorks, CAD, GD&T, Manufacturing",7,Synthetic demo data,Generated for SKILLYNTRA prototype; not live job-posting data.
SKL100311,Automation Engineer,Engineering & Automation,Nova Mobility,Ahmedabad,Gujarat,Contract,Entry Level,8.1,13.0,0,2,"Design and maintain industrial automation systems, PLC programs, sensors, and control workflows. The role is based in Ahmedabad and works with cross-functional teams.","Industrial Automation, Market Research, Sensors, Python, PCB Design, IoT, SCADA, PLC",8,Synthetic demo data,Generated for SKILLYNTRA prototype; not live job-posting data.
SKL100312,AI Engineer,AI & Machine Learning,DataBridge,Mumbai,Maharashtra,Full-time,Mid Level,8.0,9.2,2,5,"Develop and deploy AI solutions, integrate machine-learning models into applications, and improve production performance. The role is based in Mumbai and works with cross-functional teams.","Machine Learning, Python, Statistics, Deep Learning, SQL, TensorFlow, PyTorch",7,Synthetic demo data,Generated for SKILLYNTRA prototype; not live job-posting data.
SKL100313,Industrial AI Engineer,Engineering & AI,TechNova Solutions,Hyderabad,Telangana,Full-time,Mid Level,8.1,13.1,2,5,"Apply AI and computer vision to industrial processes, sensor data, and intelligent automation systems. The role is based in Hyderabad and works with cross-functional teams.","SQL, Pandas, Kubernetes, IoT, Python, Machine Learning, Industrial AI, Computer Vision",8,Synthetic demo data,Generated for SKILLYNTRA prototype; not live job-posting data.
SKL100314,AI Engineer,AI & Machine Learning,InnoSoft,Aurangabad,Maharashtra,Full-time,Mid Level,12.3,14.3,3,7,"Develop and deploy AI solutions, integrate machine-learning models into applications, and improve production performance. The role is based in Aurangabad and works with cross-functional teams.","PyTorch, Machine Learning, Deep Learning, TensorFlow, Python, SQL",6,Synthetic demo data,Generated for SKILLYNTRA prototype; not live job-posting data.
SKL100315,HR Analyst,HR & Operations,DataBridge,Jaipur,Rajasthan,Full-time,Junior,5.7,8.7,1,3,"Analyze workforce data, prepare HR reports, and support evidence-based people and talent decisions. The role is based in Jaipur and works with cross-functional teams.","Data Analysis, Excel, Communication, HR Analytics, Power BI",5,Synthetic demo data,Generated for SKILLYNTRA prototype; not live job-posting data.
SKL100316,Predictive Maintenance Engineer,Engineering & Manufacturing,SmartFab Technologies,Aurangabad,Maharashtra,Contract,Entry Level,12.8,17.9,0,3,Use machine and sensor data to identify failure patterns and improve maintenance planning. The role is based in Aurangabad and works with cross-functional teams.,"Python, Machine Learning, PLC, IoT, Cybersecurity, Predictive Maintenance, Sensor Analytics, PCB Design",8,Synthetic demo data,Generated for SKILLYNTRA prototype; not live job-posting data.
SKL100317,Embedded Systems Engineer,Electronics & Embedded,TechNova Solutions,Jaipur,Rajasthan,Full-time,Mid Level,6.3,9.2,3,4,Develop firmware and embedded applications for microcontrollers and connected devices. The role is based in Jaipur and works with cross-functional teams.,"C, Microcontrollers, RTOS, Embedded Systems, C++, Git",6,Synthetic demo data,Generated for SKILLYNTRA prototype; not live job-posting data.
SKL100318,Cybersecurity Analyst,Cybersecurity,FutureGrid,Nagpur,Maharashtra,Full-time,Entry Level,10.1,15.2,0,4,"Monitor security events, investigate incidents, assess risks, and support security controls. The role is based in Nagpur and works with cross-functional teams.","Cybersecurity, Networking, Incident Response, SIEM, Linux, Python",6,Synthetic demo data,Generated for SKILLYNTRA prototype; not live job-posting data.
SKL100319,Embedded Systems Engineer,Electronics & Embedded,Nova Mobility,Aurangabad,Maharashtra,Full-time,Senior,8.5,10.5,5,7,Develop firmware and embedded applications for microcontrollers and connected devices. The role is based in Aurangabad and works with cross-functional teams.,"C, Microcontrollers, Embedded Systems, Sensor Analytics, Git, Data Analysis, C++, RTOS",8,Synthetic demo data,Generated for SKILLYNTRA prototype; not live job-posting data.
SKL100320,Machine Learning Engineer,AI & Machine Learning,NextGen Analytics,Mumbai,Maharashtra,Contract,Senior,14.4,19.2,6,10,"Develop, test, deploy, and maintain machine-learning pipelines and production models. The role is based in Mumbai and works with cross-functional teams.","Python, Machine Learning, Docker, TensorFlow, Unity, PyTorch, Scikit-learn, Agile",8,Synthetic demo data,Generated for SKILLYNTRA prototype; not live job-posting data.
SKL100321,Full Stack Developer,Software & IT,BluePeak Consulting,Ahmedabad,Gujarat,Contract,Mid Level,6.6,10.5,2,6,Build responsive web applications across frontend and backend services and integrate APIs and databases. The role is based in Ahmedabad and works with cross-functional teams.,"Git, React, Node.js, JavaScript, CSS, SQL, HTML",7,Synthetic demo data,Generated for SKILLYNTRA prototype; not live job-posting data.
SKL100322,Full Stack Developer,Software & IT,Apex Digital,Hyderabad,Telangana,Full-time,Senior,7.5,8.5,5,9,Build responsive web applications across frontend and backend services and integrate APIs and databases. The role is based in Hyderabad and works with cross-functional teams.,"JavaScript, SQL, Communication, GD&T, Git, HTML, Node.js, CSS, React",9,Synthetic demo data,Generated for SKILLYNTRA prototype; not live job-posting data.
SKL100323,Cybersecurity Analyst,Cybersecurity,SkillTech,Hyderabad,Telangana,Full-time,Mid Level,5.7,8.8,2,5,"Monitor security events, investigate incidents, assess risks, and support security controls. The role is based in Hyderabad and works with cross-functional teams.","Cybersecurity, Python, Linux, SIEM, Incident Response, Networking, Pandas",7,Synthetic demo data,Generated for SKILLYNTRA prototype; not live job-posting data.
SKL100324,Embedded Systems Engineer,Electronics & Embedded,InsightWorks,Nashik,Maharashtra,Full-time,Senior,11.3,15.9,5,7,Develop firmware and embedded applications for microcontrollers and connected devices. The role is based in Nashik and works with cross-functional teams.,"C++, Embedded Systems, C, Git, Microcontrollers, RTOS",6,Synthetic demo data,Generated for SKILLYNTRA prototype; not live job-posting data.
SKL100325,Industrial AI Engineer,Engineering & AI,TechNova Solutions,Ahmedabad,Gujarat,Contract,Mid Level,11.5,17.5,2,6,"Apply AI and computer vision to industrial processes, sensor data, and intelligent automation systems. The role is based in Ahmedabad and works with cross-functional teams.","Machine Learning, Python, Linux, Industrial AI, IoT, Computer Vision, Kubernetes, SQL",8,Synthetic demo data,Generated for SKILLYNTRA prototype; not live job-posting data.
SKL100326,Machine Learning Engineer,AI & Machine Learning,Nova Mobility,Gurugram,Haryana,Contract,Junior,16.8,20.1,1,3,"Develop, test, deploy, and maintain machine-learning pipelines and production models. The role is based in Gurugram and works with cross-functional teams.","TensorFlow, Python, Machine Learning, PyTorch, HTML, Business Analysis, Scikit-learn, Docker",8,Synthetic demo data,Generated for SKILLYNTRA prototype; not live job-posting data.
SKL100327,Machine Learning Engineer,AI & Machine Learning,SkillTech,Thane,Maharashtra,Contract,Mid Level,18.8,21.2,2,4,"Develop, test, deploy, and maintain machine-learning pipelines and production models. The role is based in Thane and works with cross-functional teams.","Node.js, Scikit-learn, Machine Learning, Python, Docker, TensorFlow, PyTorch",7,Synthetic demo data,Generated for SKILLYNTRA prototype; not live job-posting data.
SKL100328,Software Engineer,Software & IT,Nova Mobility,Jaipur,Rajasthan,Full-time,Senior,9.2,13.3,5,8,"Design, develop, test, and maintain software services while collaborating with engineering teams. The role is based in Jaipur and works with cross-functional teams.","Git, REST API, Data Structures, SQL, Java, Scikit-learn, Python",7,Synthetic demo data,Generated for SKILLYNTRA prototype; not live job-posting data.
SKL100329,Product Manager,Product & Business,DataBridge,Gurugram,Haryana,Full-time,Senior,10.5,13.8,6,10,"Define product priorities, analyze user and market needs, coordinate teams, and measure product outcomes. The role is based in Gurugram and works with cross-functional teams.","Market Research, Agile, Product Management, Communication, SQL, PyTorch, Analytics",7,Synthetic demo data,Generated for SKILLYNTRA prototype; not live job-posting data.
SKL100330,Software Engineer,Software & IT,CloudSphere,Gurugram,Haryana,Full-time,Senior,14.4,18.9,5,8,"Design, develop, test, and maintain software services while collaborating with engineering teams. The role is based in Gurugram and works with cross-functional teams.","REST API, SQL, Python, Git, Data Structures, Java",6,Synthetic demo data,Generated for SKILLYNTRA prototype; not live job-posting data.
SKL100331,Industrial AI Engineer,Engineering & AI,MahaTech Industries,Chennai,Tamil Nadu,Full-time,Junior,11.8,17.7,1,5,"Apply AI and computer vision to industrial processes, sensor data, and intelligent automation systems. The role is based in Chennai and works with cross-functional teams.","SQL, Computer Vision, Python, Machine Learning, Industrial AI, IoT",6,Synthetic demo data,Generated for SKILLYNTRA prototype; not live job-posting data.
SKL100332,DevOps Engineer,Cloud & DevOps,FutureGrid,Nagpur,Maharashtra,Full-time,Senior,7.6,12.8,4,6,"Automate software delivery, maintain CI/CD pipelines, monitor systems, and improve deployment reliability. The role is based in Nagpur and works with cross-functional teams.","Git, AWS, Docker, CI/CD, Kubernetes, Linux",6,Synthetic demo data,Generated for SKILLYNTRA prototype; not live job-posting data.
SKL100333,EV Data Analyst,Automotive & EV,IndusWorks,Hyderabad,Telangana,Full-time,Senior,8.7,12.0,5,7,"Analyze electric-vehicle data, create dashboards, and identify operational and market trends. The role is based in Hyderabad and works with cross-functional teams.","Python, Statistics, SQL, Power BI, Sensor Analytics, Excel, EV Analytics, Mechanical Design",8,Synthetic demo data,Generated for SKILLYNTRA prototype; not live job-posting data.
SKL100334,AI Engineer,AI & Machine Learning,FutureGrid,Hyderabad,Telangana,Full-time,Mid Level,10.4,12.9,3,7,"Develop and deploy AI solutions, integrate machine-learning models into applications, and improve production performance. The role is based in Hyderabad and works with cross-functional teams.","Python, PyTorch, SQL, Deep Learning, Machine Learning, TensorFlow",6,Synthetic demo data,Generated for SKILLYNTRA prototype; not live job-posting data.
SKL100335,Industrial AI Engineer,Engineering & AI,AutoNext,Ahmedabad,Gujarat,Contract,Mid Level,14.4,19.4,3,4,"Apply AI and computer vision to industrial processes, sensor data, and intelligent automation systems. The role is based in Ahmedabad and works with cross-functional teams.","RTOS, Communication, SQL, Computer Vision, Machine Learning, IoT, Industrial AI, Python",8,Synthetic demo data,Generated for SKILLYNTRA prototype; not live job-posting data.
SKL100336,DevOps Engineer,Cloud & DevOps,InnoSoft,Nashik,Maharashtra,Contract,Senior,9.2,12.3,4,6,"Automate software delivery, maintain CI/CD pipelines, monitor systems, and improve deployment reliability. The role is based in Nashik and works with cross-functional teams.","Linux, AWS, Docker, Kubernetes, Git, CI/CD",6,Synthetic demo data,Generated for SKILLYNTRA prototype; not live job-posting data.
SKL100337,Cloud Engineer,Cloud & DevOps,NextGen Analytics,Jaipur,Rajasthan,Full-time,Mid Level,9.2,13.4,2,4,"Design and maintain cloud infrastructure, automate deployments, and improve reliability and scalability. The role is based in Jaipur and works with cross-functional teams.","Docker, CI/CD, Kubernetes, Industrial Automation, AWS, Linux, Azure, Deep Learning",8,Synthetic demo data,Generated for SKILLYNTRA prototype; not live job-posting data.
SKL100338,Machine Learning Engineer,AI & Machine Learning,DataBridge,Aurangabad,Maharashtra,Full-time,Mid Level,15.7,17.9,2,6,"Develop, test, deploy, and maintain machine-learning pipelines and production models. The role is based in Aurangabad and works with cross-functional teams.","Docker, Scikit-learn, PyTorch, Machine Learning, TensorFlow, Python",6,Synthetic demo data,Generated for SKILLYNTRA prototype; not live job-posting data.
SKL100339,Industrial AI Engineer,Engineering & AI,VisionEdge,Thane,Maharashtra,Full-time,Senior,9.6,14.9,6,7,"Apply AI and computer vision to industrial processes, sensor data, and intelligent automation systems. The role is based in Thane and works with cross-functional teams.","Industrial AI, Machine Learning, SQL, Computer Vision, IoT, Python",6,Synthetic demo data,Generated for SKILLYNTRA prototype; not live job-posting data.
SKL100340,Cloud Engineer,Cloud & DevOps,DataBridge,Kolkata,West Bengal,Full-time,Senior,7.3,12.2,4,5,"Design and maintain cloud infrastructure, automate deployments, and improve reliability and scalability. The role is based in Kolkata and works with cross-functional teams.","Kubernetes, AWS, Linux, Azure, CI/CD, Docker",6,Synthetic demo data,Generated for SKILLYNTRA prototype; not live job-posting data.
SKL100341,Automation Engineer,Engineering & Automation,Apex Digital,Gurugram,Haryana,Full-time,Senior,7.8,12.2,4,6,"Design and maintain industrial automation systems, PLC programs, sensors, and control workflows. The role is based in Gurugram and works with cross-functional teams.","IoT, TensorFlow, Sensors, Python, PLC, SCADA, Industrial Automation",7,Synthetic demo data,Generated for SKILLYNTRA prototype; not live job-posting data.
SKL100342,Cloud Engineer,Cloud & DevOps,MahaTech Industries,Thane,Maharashtra,Full-time,Senior,16.7,18.9,6,8,"Design and maintain cloud infrastructure, automate deployments, and improve reliability and scalability. The role is based in Thane and works with cross-functional teams.","Kubernetes, Docker, CI/CD, Excel, Linux, Azure, AWS",7,Synthetic demo data,Generated for SKILLYNTRA prototype; not live job-posting data.
SKL100343,Data Scientist,AI & Data,AutoNext,Delhi,Delhi,Full-time,Senior,9.7,11.2,5,7,"Build statistical and machine-learning models, prepare datasets, evaluate model performance, and communicate findings. The role is based in Delhi and works with cross-functional teams.","SQL, Pandas, Scikit-learn, Machine Learning, Python, Statistics",6,Synthetic demo data,Generated for SKILLYNTRA prototype; not live job-posting data.
SKL100344,HR Analyst,HR & Operations,IndusWorks,Noida,Uttar Pradesh,Full-time,Senior,3.8,5.9,4,5,"Analyze workforce data, prepare HR reports, and support evidence-based people and talent decisions. The role is based in Noida and works with cross-functional teams.","RTOS, Data Analysis, Excel, HR Analytics, Communication, Power BI, Node.js",7,Synthetic demo data,Generated for SKILLYNTRA prototype; not live job-posting data.
SKL100345,Software Engineer,Software & IT,MahaTech Industries,Aurangabad,Maharashtra,Full-time,Mid Level,10.6,14.3,3,7,"Design, develop, test, and maintain software services while collaborating with engineering teams. The role is based in Aurangabad and works with cross-functional teams.","Python, Git, Data Structures, SQL, CSS, Java, REST API",7,Synthetic demo data,Generated for SKILLYNTRA prototype; not live job-posting data.
SKL100346,Electronics Engineer,Electronics & Embedded,CoreStack,Kolkata,West Bengal,Full-time,Junior,7.0,10.2,1,2,"Design, test, and troubleshoot electronic systems, PCBs, and embedded hardware. The role is based in Kolkata and works with cross-functional teams.","Embedded Systems, C, Linux, Testing, Circuit Design, MATLAB, PCB Design",7,Synthetic demo data,Generated for SKILLYNTRA prototype; not live job-posting data.
SKL100347,Electronics Engineer,Electronics & Embedded,Quantix Labs,Jaipur,Rajasthan,Full-time,Senior,5.6,6.9,4,6,"Design, test, and troubleshoot electronic systems, PCBs, and embedded hardware. The role is based in Jaipur and works with cross-functional teams.","Circuit Design, SCADA, PCB Design, Embedded Systems, Git, Testing, C, MATLAB",8,Synthetic demo data,Generated for SKILLYNTRA prototype; not live job-posting data.
SKL100348,Mechanical Design Engineer,Engineering & Manufacturing,SmartFab Technologies,Noida,Uttar Pradesh,Full-time,Entry Level,6.9,8.2,0,1,"Create and validate mechanical designs, prepare CAD models and drawings, and support manufacturing. The role is based in Noida and works with cross-functional teams.","GD&T, CAD, Manufacturing, Mechanical Design, AutoCAD, SolidWorks",6,Synthetic demo data,Generated for SKILLYNTRA prototype; not live job-posting data.
SKL100349,Machine Learning Engineer,AI & Machine Learning,InsightWorks,Pune,Maharashtra,Contract,Senior,14.9,18.5,6,10,"Develop, test, deploy, and maintain machine-learning pipelines and production models. The role is based in Pune and works with cross-functional teams.","Docker, MATLAB, TensorFlow, Cybersecurity, PyTorch, Machine Learning, Scikit-learn, Python",8,Synthetic demo data,Generated for SKILLYNTRA prototype; not live job-posting data.
SKL100350,AI Engineer,AI & Machine Learning,MahaTech Industries,Hyderabad,Telangana,Full-time,Mid Level,17.7,22.7,3,7,"Develop and deploy AI solutions, integrate machine-learning models into applications, and improve production performance. The role is based in Hyderabad and works with cross-functional teams.","Machine Learning, PyTorch, SQL, Python, Deep Learning, TensorFlow",6,Synthetic demo data,Generated for SKILLYNTRA prototype; not live job-posting data.
SKL100351,AI Engineer,AI & Machine Learning,BluePeak Consulting,Nagpur,Maharashtra,Contract,Junior,16.4,20.1,1,2,"Develop and deploy AI solutions, integrate machine-learning models into applications, and improve production performance. The role is based in Nagpur and works with cross-functional teams.","PyTorch, Python, Deep Learning, SQL, TensorFlow, Machine Learning",6,Synthetic demo data,Generated for SKILLYNTRA prototype; not live job-posting data.
SKL100352,Machine Learning Engineer,AI & Machine Learning,InsightWorks,Ahmedabad,Gujarat,Full-time,Mid Level,15.4,18.6,3,7,"Develop, test, deploy, and maintain machine-learning pipelines and production models. The role is based in Ahmedabad and works with cross-functional teams.","Python, PyTorch, Scikit-learn, TensorFlow, Docker, Machine Learning",6,Synthetic demo data,Generated for SKILLYNTRA prototype; not live job-posting data.
SKL100353,EV Data Analyst,Automotive & EV,VisionEdge,Delhi,Delhi,Full-time,Mid Level,8.4,14.4,2,5,"Analyze electric-vehicle data, create dashboards, and identify operational and market trends. The role is based in Delhi and works with cross-functional teams.","SQL, Python, EV Analytics, Power BI, Statistics, Excel, HR Analytics",7,Synthetic demo data,Generated for SKILLYNTRA prototype; not live job-posting data.
SKL100354,Game Developer,Gaming & Interactive,CoreStack,Ahmedabad,Gujarat,Full-time,Senior,7.2,10.5,5,8,"Develop gameplay systems, implement mechanics, optimize performance, and collaborate with design teams. The role is based in Ahmedabad and works with cross-functional teams.","Unity, Game Development, Git, AWS, C#, C++, 3D Mathematics",7,Synthetic demo data,Generated for SKILLYNTRA prototype; not live job-posting data.
SKL100355,Data Analyst,Data & Analytics,CloudSphere,Aurangabad,Maharashtra,Full-time,Junior,3.6,8.7,1,4,"Analyze business data, build dashboards, identify trends, and communicate actionable insights to stakeholders. The role is based in Aurangabad and works with cross-functional teams.","SQL, Statistics, Data Visualization, Data Analysis, Excel, React, Python, Power BI",8,Synthetic demo data,Generated for SKILLYNTRA prototype; not live job-posting data.
SKL100356,HR Analyst,HR & Operations,InsightWorks,Kolkata,West Bengal,Contract,Junior,4.5,7.0,1,3,"Analyze workforce data, prepare HR reports, and support evidence-based people and talent decisions. The role is based in Kolkata and works with cross-functional teams.","Communication, Data Analysis, Manufacturing, Power BI, Excel, HTML, HR Analytics",7,Synthetic demo data,Generated for SKILLYNTRA prototype; not live job-posting data.
SKL100357,Embedded Systems Engineer,Electronics & Embedded,Apex Digital,Jaipur,Rajasthan,Full-time,Senior,4.3,9.4,4,7,Develop firmware and embedded applications for microcontrollers and connected devices. The role is based in Jaipur and works with cross-functional teams.,"Git, Microcontrollers, C++, RTOS, Embedded Systems, C, Azure",7,Synthetic demo data,Generated for SKILLYNTRA prototype; not live job-posting data.
SKL100358,DevOps Engineer,Cloud & DevOps,SkillTech,Gurugram,Haryana,Contract,Junior,6.6,10.3,1,5,"Automate software delivery, maintain CI/CD pipelines, monitor systems, and improve deployment reliability. The role is based in Gurugram and works with cross-functional teams.","AWS, Manufacturing, Linux, Git, Kubernetes, Docker, CI/CD",7,Synthetic demo data,Generated for SKILLYNTRA prototype; not live job-posting data.
SKL100359,Automation Engineer,Engineering & Automation,SkillTech,Ahmedabad,Gujarat,Contract,Senior,5.8,8.2,4,5,"Design and maintain industrial automation systems, PLC programs, sensors, and control workflows. The role is based in Ahmedabad and works with cross-functional teams.","C++, Python, Sensors, IoT, PLC, Industrial Automation, SCADA",7,Synthetic demo data,Generated for SKILLYNTRA prototype; not live job-posting data.
SKL100360,Cybersecurity Analyst,Cybersecurity,InnoSoft,Mumbai,Maharashtra,Full-time,Senior,11.0,12.6,4,8,"Monitor security events, investigate incidents, assess risks, and support security controls. The role is based in Mumbai and works with cross-functional teams.","Cybersecurity, Networking, Incident Response, Linux, Python, SIEM",6,Synthetic demo data,Generated for SKILLYNTRA prototype; not live job-posting data.
SKL100361,EV Data Analyst,Automotive & EV,BluePeak Consulting,Delhi,Delhi,Full-time,Junior,4.6,9.5,1,3,"Analyze electric-vehicle data, create dashboards, and identify operational and market trends. The role is based in Delhi and works with cross-functional teams.","Node.js, Power BI, SQL, Statistics, Excel, Python, EV Analytics",7,Synthetic demo data,Generated for SKILLYNTRA prototype; not live job-posting data.
SKL100362,Cloud Engineer,Cloud & DevOps,Quantix Labs,Thane,Maharashtra,Full-time,Senior,14.5,16.3,5,6,"Design and maintain cloud infrastructure, automate deployments, and improve reliability and scalability. The role is based in Thane and works with cross-functional teams.","Linux, AWS, CI/CD, Azure, Kubernetes, Docker, Node.js",7,Synthetic demo data,Generated for SKILLYNTRA prototype; not live job-posting data.
SKL100363,Cloud Engineer,Cloud & DevOps,Quantix Labs,Noida,Uttar Pradesh,Full-time,Mid Level,7.2,8.5,2,3,"Design and maintain cloud infrastructure, automate deployments, and improve reliability and scalability. The role is based in Noida and works with cross-functional teams.","CSS, Docker, Azure, CI/CD, TensorFlow, Linux, AWS, Kubernetes",8,Synthetic demo data,Generated for SKILLYNTRA prototype; not live job-posting data.
SKL100364,Business Analyst,Business & Analytics,CoreStack,Nagpur,Maharashtra,Full-time,Junior,8.4,13.1,1,3,"Gather business requirements, analyze operational data, create reports, and support decision-making. The role is based in Nagpur and works with cross-functional teams.","Excel, Communication, Mechanical Design, Business Analysis, SQL, IoT, Statistics, Power BI",8,Synthetic demo data,Generated for SKILLYNTRA prototype; not live job-posting data.
SKL100365,Full Stack Developer,Software & IT,FutureGrid,Pune,Maharashtra,Full-time,Junior,5.0,9.3,1,4,Build responsive web applications across frontend and backend services and integrate APIs and databases. The role is based in Pune and works with cross-functional teams.,"React, CSS, Git, HTML, Node.js, SQL, JavaScript",7,Synthetic demo data,Generated for SKILLYNTRA prototype; not live job-posting data.
SKL100366,Game Developer,Gaming & Interactive,InnoSoft,Nagpur,Maharashtra,Full-time,Senior,12.1,15.6,4,5,"Develop gameplay systems, implement mechanics, optimize performance, and collaborate with design teams. The role is based in Nagpur and works with cross-functional teams.","Machine Learning, Business Analysis, 3D Mathematics, C++, Game Development, Git, Unity, C#",8,Synthetic demo data,Generated for SKILLYNTRA prototype; not live job-posting data.
SKL100367,Business Analyst,Business & Analytics,InnoSoft,Hyderabad,Telangana,Contract,Senior,4.1,8.6,5,7,"Gather business requirements, analyze operational data, create reports, and support decision-making. The role is based in Hyderabad and works with cross-functional teams.","Business Analysis, Statistics, SQL, Microcontrollers, Communication, Excel, Power BI",7,Synthetic demo data,Generated for SKILLYNTRA prototype; not live job-posting data.
SKL100368,Data Analyst,Data & Analytics,DataBridge,Chennai,Tamil Nadu,Full-time,Junior,5.2,8.2,1,3,"Analyze business data, build dashboards, identify trends, and communicate actionable insights to stakeholders. The role is based in Chennai and works with cross-functional teams.","Power BI, Data Visualization, Statistics, SQL, Excel, Python",6,Synthetic demo data,Generated for SKILLYNTRA prototype; not live job-posting data.
SKL100369,Mechanical Design Engineer,Engineering & Manufacturing,SkillTech,Aurangabad,Maharashtra,Full-time,Mid Level,7.0,9.1,2,6,"Create and validate mechanical designs, prepare CAD models and drawings, and support manufacturing. The role is based in Aurangabad and works with cross-functional teams.","GD&T, CAD, AutoCAD, SolidWorks, Mechanical Design, Manufacturing",6,Synthetic demo data,Generated for SKILLYNTRA prototype; not live job-posting data.
SKL100370,Mechanical Design Engineer,Engineering & Manufacturing,IndusWorks,Kolkata,West Bengal,Full-time,Senior,5.6,9.4,5,7,"Create and validate mechanical designs, prepare CAD models and drawings, and support manufacturing. The role is based in Kolkata and works with cross-functional teams.","Manufacturing, CAD, Circuit Design, GD&T, AutoCAD, SolidWorks, C#, Mechanical Design",8,Synthetic demo data,Generated for SKILLYNTRA prototype; not live job-posting data.
SKL100371,Automation Engineer,Engineering & Automation,DataBridge,Gurugram,Haryana,Contract,Junior,4.9,6.8,1,3,"Design and maintain industrial automation systems, PLC programs, sensors, and control workflows. The role is based in Gurugram and works with cross-functional teams.","Industrial Automation, Data Analysis, Market Research, PLC, Sensors, SCADA, Python, IoT",8,Synthetic demo data,Generated for SKILLYNTRA prototype; not live job-posting data.
SKL100372,Software Engineer,Software & IT,SkillTech,Chennai,Tamil Nadu,Full-time,Mid Level,6.8,9.8,3,6,"Design, develop, test, and maintain software services while collaborating with engineering teams. The role is based in Chennai and works with cross-functional teams.","SQL, Git, REST API, Python, Data Structures, C#, Java",7,Synthetic demo data,Generated for SKILLYNTRA prototype; not live job-posting data.
SKL100373,Mechanical Design Engineer,Engineering & Manufacturing,Vertex Systems,Nagpur,Maharashtra,Contract,Junior,4.7,10.4,1,2,"Create and validate mechanical designs, prepare CAD models and drawings, and support manufacturing. The role is based in Nagpur and works with cross-functional teams.","Scikit-learn, SolidWorks, AutoCAD, Mechanical Design, GD&T, CAD, Manufacturing",7,Synthetic demo data,Generated for SKILLYNTRA prototype; not live job-posting data.
SKL100374,Data Scientist,AI & Data,InnoSoft,Delhi,Delhi,Contract,Mid Level,12.1,16.8,3,7,"Build statistical and machine-learning models, prepare datasets, evaluate model performance, and communicate findings. The role is based in Delhi and works with cross-functional teams.","SQL, Machine Learning, Scikit-learn, Java, Statistics, IoT, Pandas, Python",8,Synthetic demo data,Generated for SKILLYNTRA prototype; not live job-posting data.
SKL100375,Data Scientist,AI & Data,InnoSoft,Chennai,Tamil Nadu,Full-time,Senior,7.9,11.1,5,6,"Build statistical and machine-learning models, prepare datasets, evaluate model performance, and communicate findings. The role is based in Chennai and works with cross-functional teams.","Python, Scikit-learn, Pandas, SQL, Statistics, Machine Learning, Product Management",7,Synthetic demo data,Generated for SKILLYNTRA prototype; not live job-posting data.
SKL100376,Predictive Maintenance Engineer,Engineering & Manufacturing,IndusWorks,Kolkata,West Bengal,Full-time,Mid Level,5.4,8.9,3,7,Use machine and sensor data to identify failure patterns and improve maintenance planning. The role is based in Kolkata and works with cross-functional teams.,"Python, Machine Learning, Sensor Analytics, IoT, PLC, Predictive Maintenance",6,Synthetic demo data,Generated for SKILLYNTRA prototype; not live job-posting data.
SKL100377,Automation Engineer,Engineering & Automation,Nova Mobility,Pune,Maharashtra,Contract,Mid Level,11.1,12.5,3,5,"Design and maintain industrial automation systems, PLC programs, sensors, and control workflows. The role is based in Pune and works with cross-functional teams.","Python, Industrial Automation, IoT, PLC, SCADA, PCB Design, Sensors",7,Synthetic demo data,Generated for SKILLYNTRA prototype; not live job-posting data.
SKL100378,HR Analyst,HR & Operations,BluePeak Consulting,Mumbai,Maharashtra,Full-time,Mid Level,5.3,8.2,3,5,"Analyze workforce data, prepare HR reports, and support evidence-based people and talent decisions. The role is based in Mumbai and works with cross-functional teams.","Communication, Data Analysis, Excel, HR Analytics, Power BI",5,Synthetic demo data,Generated for SKILLYNTRA prototype; not live job-posting data.
SKL100379,Data Scientist,AI & Data,FutureGrid,Bengaluru,Karnataka,Contract,Mid Level,8.9,10.8,3,7,"Build statistical and machine-learning models, prepare datasets, evaluate model performance, and communicate findings. The role is based in Bengaluru and works with cross-functional teams.","Statistics, Scikit-learn, Pandas, Machine Learning, Python, SQL",6,Synthetic demo data,Generated for SKILLYNTRA prototype; not live job-posting data.
SKL100380,Industrial AI Engineer,Engineering & AI,TechNova Solutions,Chennai,Tamil Nadu,Full-time,Senior,8.6,12.6,5,9,"Apply AI and computer vision to industrial processes, sensor data, and intelligent automation systems. The role is based in Chennai and works with cross-functional teams.","IoT, Machine Learning, SQL, Industrial AI, Python, Incident Response, Computer Vision",7,Synthetic demo data,Generated for SKILLYNTRA prototype; not live job-posting data.
SKL100381,Data Scientist,AI & Data,IndusWorks,Nashik,Maharashtra,Full-time,Junior,6.4,11.6,1,4,"Build statistical and machine-learning models, prepare datasets, evaluate model performance, and communicate findings. The role is based in Nashik and works with cross-functional teams.","Kubernetes, Statistics, SQL, React, Scikit-learn, Python, Machine Learning, Pandas",8,Synthetic demo data,Generated for SKILLYNTRA prototype; not live job-posting data.
SKL100382,Product Manager,Product & Business,SkillTech,Delhi,Delhi,Full-time,Senior,19.6,24.3,6,8,"Define product priorities, analyze user and market needs, coordinate teams, and measure product outcomes. The role is based in Delhi and works with cross-functional teams.","Communication, SQL, Market Research, Analytics, Agile, TensorFlow, Product Management",7,Synthetic demo data,Generated for SKILLYNTRA prototype; not live job-posting data.
SKL100383,Mechanical Design Engineer,Engineering & Manufacturing,CoreStack,Jaipur,Rajasthan,Full-time,Entry Level,6.6,8.2,0,3,"Create and validate mechanical designs, prepare CAD models and drawings, and support manufacturing. The role is based in Jaipur and works with cross-functional teams.","Mechanical Design, AutoCAD, GD&T, SolidWorks, Embedded Systems, CAD, Manufacturing",7,Synthetic demo data,Generated for SKILLYNTRA prototype; not live job-posting data.
SKL100384,Machine Learning Engineer,AI & Machine Learning,BluePeak Consulting,Delhi,Delhi,Contract,Junior,15.7,19.7,1,5,"Develop, test, deploy, and maintain machine-learning pipelines and production models. The role is based in Delhi and works with cross-functional teams.","TensorFlow, Machine Learning, Python, Data Structures, HR Analytics, PyTorch, Scikit-learn, Docker",8,Synthetic demo data,Generated for SKILLYNTRA prototype; not live job-posting data.
SKL100385,Industrial AI Engineer,Engineering & AI,Nova Mobility,Ahmedabad,Gujarat,Full-time,Senior,13.8,19.7,5,7,"Apply AI and computer vision to industrial processes, sensor data, and intelligent automation systems. The role is based in Ahmedabad and works with cross-functional teams.","Machine Learning, Industrial AI, IoT, Computer Vision, SQL, Python",6,Synthetic demo data,Generated for SKILLYNTRA prototype; not live job-posting data.
SKL100386,Electronics Engineer,Electronics & Embedded,Prime Automation,Bengaluru,Karnataka,Full-time,Entry Level,5.8,10.8,0,3,"Design, test, and troubleshoot electronic systems, PCBs, and embedded hardware. The role is based in Bengaluru and works with cross-functional teams.","MATLAB, Testing, C, PCB Design, Embedded Systems, Circuit Design",6,Synthetic demo data,Generated for SKILLYNTRA prototype; not live job-posting data.
SKL100387,Product Manager,Product & Business,CoreStack,Chennai,Tamil Nadu,Full-time,Senior,8.5,11.1,4,5,"Define product priorities, analyze user and market needs, coordinate teams, and measure product outcomes. The role is based in Chennai and works with cross-functional teams.","Agile, SQL, Communication, Market Research, Product Management, Predictive Maintenance, Analytics",7,Synthetic demo data,Generated for SKILLYNTRA prototype; not live job-posting data.
SKL100388,Industrial AI Engineer,Engineering & AI,AutoNext,Kolkata,West Bengal,Full-time,Junior,11.3,15.4,1,3,"Apply AI and computer vision to industrial processes, sensor data, and intelligent automation systems. The role is based in Kolkata and works with cross-functional teams.","Industrial AI, Machine Learning, SQL, IoT, Python, Computer Vision, SolidWorks, EV Analytics",8,Synthetic demo data,Generated for SKILLYNTRA prototype; not live job-posting data.
SKL100389,Cloud Engineer,Cloud & DevOps,SmartFab Technologies,Delhi,Delhi,Full-time,Mid Level,16.7,19.1,3,4,"Design and maintain cloud infrastructure, automate deployments, and improve reliability and scalability. The role is based in Delhi and works with cross-functional teams.","AWS, Kubernetes, CI/CD, Azure, Docker, Linux",6,Synthetic demo data,Generated for SKILLYNTRA prototype; not live job-posting data.
SKL100390,Electronics Engineer,Electronics & Embedded,FutureGrid,Mumbai,Maharashtra,Full-time,Senior,8.1,10.5,5,8,"Design, test, and troubleshoot electronic systems, PCBs, and embedded hardware. The role is based in Mumbai and works with cross-functional teams.","Circuit Design, Testing, C, PCB Design, Embedded Systems, MATLAB",6,Synthetic demo data,Generated for SKILLYNTRA prototype; not live job-posting data.
SKL100391,Predictive Maintenance Engineer,Engineering & Manufacturing,Nova Mobility,Aurangabad,Maharashtra,Full-time,Entry Level,12.0,16.8,0,3,Use machine and sensor data to identify failure patterns and improve maintenance planning. The role is based in Aurangabad and works with cross-functional teams.,"Machine Learning, PLC, IoT, Python, Predictive Maintenance, Sensor Analytics",6,Synthetic demo data,Generated for SKILLYNTRA prototype; not live job-posting data.
SKL100392,Business Analyst,Business & Analytics,AutoNext,Kolkata,West Bengal,Contract,Senior,10.2,11.9,5,8,"Gather business requirements, analyze operational data, create reports, and support decision-making. The role is based in Kolkata and works with cross-functional teams.","Business Analysis, SQL, Power BI, Statistics, Excel, Communication",6,Synthetic demo data,Generated for SKILLYNTRA prototype; not live job-posting data.
SKL100393,Game Developer,Gaming & Interactive,BluePeak Consulting,Gurugram,Haryana,Full-time,Entry Level,6.8,8.0,0,1,"Develop gameplay systems, implement mechanics, optimize performance, and collaborate with design teams. The role is based in Gurugram and works with cross-functional teams.","Scikit-learn, Unity, Git, C#, Business Analysis, C++, Game Development, 3D Mathematics",8,Synthetic demo data,Generated for SKILLYNTRA prototype; not live job-posting data.
SKL100394,Business Analyst,Business & Analytics,Vertex Systems,Nagpur,Maharashtra,Full-time,Mid Level,8.3,13.1,2,5,"Gather business requirements, analyze operational data, create reports, and support decision-making. The role is based in Nagpur and works with cross-functional teams.","C#, Business Analysis, Statistics, Communication, SQL, Data Visualization, Excel, Power BI",8,Synthetic demo data,Generated for SKILLYNTRA prototype; not live job-posting data.
SKL100395,EV Data Analyst,Automotive & EV,CoreStack,Thane,Maharashtra,Contract,Mid Level,5.1,9.7,2,5,"Analyze electric-vehicle data, create dashboards, and identify operational and market trends. The role is based in Thane and works with cross-functional teams.","EV Analytics, Excel, Statistics, Power BI, Python, MATLAB, SQL",7,Synthetic demo data,Generated for SKILLYNTRA prototype; not live job-posting data.
SKL100396,Data Scientist,AI & Data,TechNova Solutions,Nashik,Maharashtra,Full-time,Senior,7.1,8.3,4,5,"Build statistical and machine-learning models, prepare datasets, evaluate model performance, and communicate findings. The role is based in Nashik and works with cross-functional teams.","Python, GD&T, Machine Learning, Statistics, Pandas, Scikit-learn, SQL",7,Synthetic demo data,Generated for SKILLYNTRA prototype; not live job-posting data.
SKL100397,Business Analyst,Business & Analytics,Vertex Systems,Jaipur,Rajasthan,Contract,Senior,11.8,16.6,5,6,"Gather business requirements, analyze operational data, create reports, and support decision-making. The role is based in Jaipur and works with cross-functional teams.","Communication, Power BI, Machine Learning, Statistics, Business Analysis, SQL, Excel",7,Synthetic demo data,Generated for SKILLYNTRA prototype; not live job-posting data.
SKL100398,Industrial AI Engineer,Engineering & AI,CloudSphere,Nagpur,Maharashtra,Contract,Mid Level,16.0,19.0,2,5,"Apply AI and computer vision to industrial processes, sensor data, and intelligent automation systems. The role is based in Nagpur and works with cross-functional teams.","Machine Learning, PCB Design, Python, Industrial AI, Computer Vision, IoT, Statistics, SQL",8,Synthetic demo data,Generated for SKILLYNTRA prototype; not live job-posting data.
SKL100399,Machine Learning Engineer,AI & Machine Learning,AutoNext,Thane,Maharashtra,Full-time,Senior,10.4,13.1,4,6,"Develop, test, deploy, and maintain machine-learning pipelines and production models. The role is based in Thane and works with cross-functional teams.","IoT, PyTorch, C#, Scikit-learn, Python, Docker, TensorFlow, Machine Learning",8,Synthetic demo data,Generated for SKILLYNTRA prototype; not live job-posting data.
SKL100400,EV Data Analyst,Automotive & EV,InnoSoft,Hyderabad,Telangana,Contract,Senior,5.9,8.1,4,8,"Analyze electric-vehicle data, create dashboards, and identify operational and market trends. The role is based in Hyderabad and works with cross-functional teams.","Power BI, EV Analytics, SQL, Python, Excel, Statistics",6,Synthetic demo data,Generated for SKILLYNTRA prototype; not live job-posting data.
SKL100401,Mechanical Design Engineer,Engineering & Manufacturing,SmartFab Technologies,Delhi,Delhi,Contract,Senior,4.6,9.0,4,6,"Create and validate mechanical designs, prepare CAD models and drawings, and support manufacturing. The role is based in Delhi and works with cross-functional teams.","GD&T, TensorFlow, SolidWorks, CAD, Mechanical Design, Manufacturing, AutoCAD, Predictive Maintenance",8,Synthetic demo data,Generated for SKILLYNTRA prototype; not live job-posting data.
SKL100402,Full Stack Developer,Software & IT,InnoSoft,Aurangabad,Maharashtra,Full-time,Entry Level,11.0,15.0,0,1,Build responsive web applications across frontend and backend services and integrate APIs and databases. The role is based in Aurangabad and works with cross-functional teams.,"React, Node.js, SQL, HTML, JavaScript, Git, CSS, Docker",8,Synthetic demo data,Generated for SKILLYNTRA prototype; not live job-posting data.
SKL100403,Software Engineer,Software & IT,IndusWorks,Noida,Uttar Pradesh,Contract,Mid Level,8.9,12.8,3,6,"Design, develop, test, and maintain software services while collaborating with engineering teams. The role is based in Noida and works with cross-functional teams.","Python, Data Structures, Git, REST API, SQL, Java",6,Synthetic demo data,Generated for SKILLYNTRA prototype; not live job-posting data.
SKL100404,HR Analyst,HR & Operations,InsightWorks,Mumbai,Maharashtra,Full-time,Entry Level,8.1,13.3,0,4,"Analyze workforce data, prepare HR reports, and support evidence-based people and talent decisions. The role is based in Mumbai and works with cross-functional teams.","Data Analysis, HR Analytics, Communication, Excel, Power BI",5,Synthetic demo data,Generated for SKILLYNTRA prototype; not live job-posting data.
SKL100405,Product Manager,Product & Business,TechNova Solutions,Jaipur,Rajasthan,Full-time,Mid Level,16.1,19.1,3,7,"Define product priorities, analyze user and market needs, coordinate teams, and measure product outcomes. The role is based in Jaipur and works with cross-functional teams.","Market Research, Product Management, Agile, Analytics, Communication, Power BI, SQL",7,Synthetic demo data,Generated for SKILLYNTRA prototype; not live job-posting data.
SKL100406,Industrial AI Engineer,Engineering & AI,Vertex Systems,Nashik,Maharashtra,Full-time,Senior,15.3,18.1,5,9,"Apply AI and computer vision to industrial processes, sensor data, and intelligent automation systems. The role is based in Nashik and works with cross-functional teams.","Computer Vision, C++, Python, Industrial AI, Machine Learning, SQL, IoT",7,Synthetic demo data,Generated for SKILLYNTRA prototype; not live job-posting data.
SKL100407,Software Engineer,Software & IT,AutoNext,Gurugram,Haryana,Full-time,Senior,14.7,16.4,5,9,"Design, develop, test, and maintain software services while collaborating with engineering teams. The role is based in Gurugram and works with cross-functional teams.","Python, Java, SQL, REST API, Git, Data Structures",6,Synthetic demo data,Generated for SKILLYNTRA prototype; not live job-posting data.
SKL100408,Automation Engineer,Engineering & Automation,Prime Automation,Chennai,Tamil Nadu,Contract,Senior,7.1,9.2,4,8,"Design and maintain industrial automation systems, PLC programs, sensors, and control workflows. The role is based in Chennai and works with cross-functional teams.","Manufacturing, Sensors, Industrial Automation, SCADA, IoT, Python, PLC",7,Synthetic demo data,Generated for SKILLYNTRA prototype; not live job-posting data.
SKL100409,EV Data Analyst,Automotive & EV,Quantix Labs,Delhi,Delhi,Contract,Entry Level,8.5,13.1,0,1,"Analyze electric-vehicle data, create dashboards, and identify operational and market trends. The role is based in Delhi and works with cross-functional teams.","Power BI, SQL, Excel, Python, Statistics, EV Analytics",6,Synthetic demo data,Generated for SKILLYNTRA prototype; not live job-posting data.
SKL100410,Predictive Maintenance Engineer,Engineering & Manufacturing,BluePeak Consulting,Mumbai,Maharashtra,Full-time,Senior,6.8,11.0,4,5,Use machine and sensor data to identify failure patterns and improve maintenance planning. The role is based in Mumbai and works with cross-functional teams.,"Networking, Python, Sensor Analytics, Machine Learning, Predictive Maintenance, Unity, PLC, IoT",8,Synthetic demo data,Generated for SKILLYNTRA prototype; not live job-posting data.
SKL100411,EV Data Analyst,Automotive & EV,TechNova Solutions,Ahmedabad,Gujarat,Full-time,Mid Level,8.1,11.4,3,7,"Analyze electric-vehicle data, create dashboards, and identify operational and market trends. The role is based in Ahmedabad and works with cross-functional teams.","EV Analytics, Statistics, Python, SQL, HR Analytics, Power BI, Docker, Excel",8,Synthetic demo data,Generated for SKILLYNTRA prototype; not live job-posting data.
SKL100412,Data Scientist,AI & Data,AutoNext,Noida,Uttar Pradesh,Full-time,Senior,11.7,16.0,5,7,"Build statistical and machine-learning models, prepare datasets, evaluate model performance, and communicate findings. The role is based in Noida and works with cross-functional teams.","Statistics, REST API, SQL, Machine Learning, Python, Pandas, Scikit-learn",7,Synthetic demo data,Generated for SKILLYNTRA prototype; not live job-posting data.
SKL100413,Predictive Maintenance Engineer,Engineering & Manufacturing,DataBridge,Mumbai,Maharashtra,Contract,Mid Level,10.4,12.7,2,4,Use machine and sensor data to identify failure patterns and improve maintenance planning. The role is based in Mumbai and works with cross-functional teams.,"Sensor Analytics, 3D Mathematics, Machine Learning, IoT, Predictive Maintenance, Python, PLC",7,Synthetic demo data,Generated for SKILLYNTRA prototype; not live job-posting data.
SKL100414,HR Analyst,HR & Operations,Nova Mobility,Ahmedabad,Gujarat,Contract,Mid Level,5.9,10.9,2,4,"Analyze workforce data, prepare HR reports, and support evidence-based people and talent decisions. The role is based in Ahmedabad and works with cross-functional teams.","HR Analytics, Data Analysis, Communication, Excel, Power BI",5,Synthetic demo data,Generated for SKILLYNTRA prototype; not live job-posting data.
SKL100415,Mechanical Design Engineer,Engineering & Manufacturing,InnoSoft,Ahmedabad,Gujarat,Contract,Junior,8.2,10.1,1,5,"Create and validate mechanical designs, prepare CAD models and drawings, and support manufacturing. The role is based in Ahmedabad and works with cross-functional teams.","SolidWorks, Manufacturing, CAD, Product Management, GD&T, SIEM, AutoCAD, Mechanical Design",8,Synthetic demo data,Generated for SKILLYNTRA prototype; not live job-posting data.
SKL100416,Game Developer,Gaming & Interactive,FutureGrid,Hyderabad,Telangana,Contract,Mid Level,7.4,11.9,3,5,"Develop gameplay systems, implement mechanics, optimize performance, and collaborate with design teams. The role is based in Hyderabad and works with cross-functional teams.","3D Mathematics, C#, Data Visualization, C++, Game Development, Git, Unity",7,Synthetic demo data,Generated for SKILLYNTRA prototype; not live job-posting data.
SKL100417,Business Analyst,Business & Analytics,MahaTech Industries,Chennai,Tamil Nadu,Contract,Entry Level,11.6,14.8,0,3,"Gather business requirements, analyze operational data, create reports, and support decision-making. The role is based in Chennai and works with cross-functional teams.","Communication, Excel, Business Analysis, Data Visualization, SQL, SIEM, Power BI, Statistics",8,Synthetic demo data,Generated for SKILLYNTRA prototype; not live job-posting data.
SKL100418,DevOps Engineer,Cloud & DevOps,InsightWorks,Gurugram,Haryana,Full-time,Mid Level,14.1,20.1,2,5,"Automate software delivery, maintain CI/CD pipelines, monitor systems, and improve deployment reliability. The role is based in Gurugram and works with cross-functional teams.","Kubernetes, Docker, AWS, CI/CD, Market Research, Git, Linux",7,Synthetic demo data,Generated for SKILLYNTRA prototype; not live job-posting data.
SKL100419,Predictive Maintenance Engineer,Engineering & Manufacturing,VisionEdge,Mumbai,Maharashtra,Full-time,Mid Level,11.4,13.6,2,4,Use machine and sensor data to identify failure patterns and improve maintenance planning. The role is based in Mumbai and works with cross-functional teams.,"IoT, Machine Learning, Sensor Analytics, PLC, Predictive Maintenance, Python",6,Synthetic demo data,Generated for SKILLYNTRA prototype; not live job-posting data.
SKL100420,Machine Learning Engineer,AI & Machine Learning,SkillTech,Mumbai,Maharashtra,Full-time,Mid Level,14.9,20.4,2,6,"Develop, test, deploy, and maintain machine-learning pipelines and production models. The role is based in Mumbai and works with cross-functional teams.","RTOS, TensorFlow, PyTorch, Unity, Machine Learning, Docker, Python, Scikit-learn",8,Synthetic demo data,Generated for SKILLYNTRA prototype; not live job-posting data.
SKL100421,Automation Engineer,Engineering & Automation,DataBridge,Kolkata,West Bengal,Full-time,Mid Level,6.1,11.0,3,6,"Design and maintain industrial automation systems, PLC programs, sensors, and control workflows. The role is based in Kolkata and works with cross-functional teams.","Python, SCADA, PyTorch, Industrial Automation, Sensors, IoT, PLC",7,Synthetic demo data,Generated for SKILLYNTRA prototype; not live job-posting data.
SKL100422,Full Stack Developer,Software & IT,NextGen Analytics,Hyderabad,Telangana,Full-time,Mid Level,10.3,12.2,3,5,Build responsive web applications across frontend and backend services and integrate APIs and databases. The role is based in Hyderabad and works with cross-functional teams.,"CSS, Business Analysis, Git, JavaScript, React, SQL, HTML, Node.js",8,Synthetic demo data,Generated for SKILLYNTRA prototype; not live job-posting data.
SKL100423,Data Scientist,AI & Data,NextGen Analytics,Mumbai,Maharashtra,Full-time,Senior,13.8,14.9,5,8,"Build statistical and machine-learning models, prepare datasets, evaluate model performance, and communicate findings. The role is based in Mumbai and works with cross-functional teams.","Statistics, SQL, Machine Learning, Pandas, Python, C++, Scikit-learn",7,Synthetic demo data,Generated for SKILLYNTRA prototype; not live job-posting data.
SKL100424,Software Engineer,Software & IT,SmartFab Technologies,Gurugram,Haryana,Contract,Mid Level,10.2,15.9,3,4,"Design, develop, test, and maintain software services while collaborating with engineering teams. The role is based in Gurugram and works with cross-functional teams.","SQL, Data Structures, REST API, Java, Python, Industrial Automation, Git",7,Synthetic demo data,Generated for SKILLYNTRA prototype; not live job-posting data.
SKL100425,Machine Learning Engineer,AI & Machine Learning,CoreStack,Delhi,Delhi,Full-time,Mid Level,15.2,18.2,3,6,"Develop, test, deploy, and maintain machine-learning pipelines and production models. The role is based in Delhi and works with cross-functional teams.","TensorFlow, Docker, Microcontrollers, Python, Unity, PyTorch, Scikit-learn, Machine Learning",8,Synthetic demo data,Generated for SKILLYNTRA prototype; not live job-posting data.
SKL100426,Full Stack Developer,Software & IT,MahaTech Industries,Chennai,Tamil Nadu,Full-time,Mid Level,7.3,10.3,3,5,Build responsive web applications across frontend and backend services and integrate APIs and databases. The role is based in Chennai and works with cross-functional teams.,"HTML, React, JavaScript, SQL, Node.js, Git, CSS",7,Synthetic demo data,Generated for SKILLYNTRA prototype; not live job-posting data.
SKL100427,Software Engineer,Software & IT,Vertex Systems,Pune,Maharashtra,Full-time,Entry Level,9.9,11.2,0,2,"Design, develop, test, and maintain software services while collaborating with engineering teams. The role is based in Pune and works with cross-functional teams.","SQL, Data Structures, Java, Networking, Python, Git, REST API, Deep Learning",8,Synthetic demo data,Generated for SKILLYNTRA prototype; not live job-posting data.
SKL100428,Data Scientist,AI & Data,Apex Digital,Bengaluru,Karnataka,Contract,Mid Level,15.4,20.8,2,6,"Build statistical and machine-learning models, prepare datasets, evaluate model performance, and communicate findings. The role is based in Bengaluru and works with cross-functional teams.","Pandas, Scikit-learn, Machine Learning, Power BI, SQL, C++, Python, Statistics",8,Synthetic demo data,Generated for SKILLYNTRA prototype; not live job-posting data.
SKL100429,Electronics Engineer,Electronics & Embedded,CloudSphere,Pune,Maharashtra,Full-time,Senior,3.6,7.8,5,7,"Design, test, and troubleshoot electronic systems, PCBs, and embedded hardware. The role is based in Pune and works with cross-functional teams.","C, Testing, PCB Design, Embedded Systems, MATLAB, Circuit Design, SCADA",7,Synthetic demo data,Generated for SKILLYNTRA prototype; not live job-posting data.
SKL100430,Machine Learning Engineer,AI & Machine Learning,SkillTech,Hyderabad,Telangana,Full-time,Senior,7.8,9.8,5,7,"Develop, test, deploy, and maintain machine-learning pipelines and production models. The role is based in Hyderabad and works with cross-functional teams.","Machine Learning, PyTorch, Python, Scikit-learn, TensorFlow, Docker, RTOS",7,Synthetic demo data,Generated for SKILLYNTRA prototype; not live job-posting data.
SKL100431,Cloud Engineer,Cloud & DevOps,MahaTech Industries,Ahmedabad,Gujarat,Contract,Senior,9.7,11.3,5,7,"Design and maintain cloud infrastructure, automate deployments, and improve reliability and scalability. The role is based in Ahmedabad and works with cross-functional teams.","Kubernetes, AWS, CI/CD, Linux, Azure, Docker",6,Synthetic demo data,Generated for SKILLYNTRA prototype; not live job-posting data.
SKL100432,DevOps Engineer,Cloud & DevOps,InsightWorks,Kolkata,West Bengal,Full-time,Junior,7.2,12.4,1,3,"Automate software delivery, maintain CI/CD pipelines, monitor systems, and improve deployment reliability. The role is based in Kolkata and works with cross-functional teams.","Docker, RTOS, Git, CI/CD, HR Analytics, AWS, Linux, Kubernetes",8,Synthetic demo data,Generated for SKILLYNTRA prototype; not live job-posting data.
SKL100433,Embedded Systems Engineer,Electronics & Embedded,FutureGrid,Kolkata,West Bengal,Contract,Mid Level,10.2,12.3,3,7,Develop firmware and embedded applications for microcontrollers and connected devices. The role is based in Kolkata and works with cross-functional teams.,"RTOS, Data Visualization, Embedded Systems, C, Git, C++, Microcontrollers, Linux",8,Synthetic demo data,Generated for SKILLYNTRA prototype; not live job-posting data.
SKL100434,Electronics Engineer,Electronics & Embedded,FutureGrid,Mumbai,Maharashtra,Contract,Mid Level,3.5,5.7,2,6,"Design, test, and troubleshoot electronic systems, PCBs, and embedded hardware. The role is based in Mumbai and works with cross-functional teams.","Embedded Systems, Testing, MATLAB, PCB Design, Circuit Design, C",6,Synthetic demo data,Generated for SKILLYNTRA prototype; not live job-posting data.
SKL100435,Cloud Engineer,Cloud & DevOps,MahaTech Industries,Aurangabad,Maharashtra,Full-time,Mid Level,14.8,19.2,2,3,"Design and maintain cloud infrastructure, automate deployments, and improve reliability and scalability. The role is based in Aurangabad and works with cross-functional teams.","Docker, CI/CD, Linux, Kubernetes, AWS, JavaScript, Azure",7,Synthetic demo data,Generated for SKILLYNTRA prototype; not live job-posting data.
SKL100436,Cloud Engineer,Cloud & DevOps,DataBridge,Bengaluru,Karnataka,Full-time,Mid Level,6.5,11.2,3,7,"Design and maintain cloud infrastructure, automate deployments, and improve reliability and scalability. The role is based in Bengaluru and works with cross-functional teams.","Linux, Azure, Communication, CI/CD, Circuit Design, Kubernetes, Docker, AWS",8,Synthetic demo data,Generated for SKILLYNTRA prototype; not live job-posting data.
SKL100437,Mechanical Design Engineer,Engineering & Manufacturing,SmartFab Technologies,Nagpur,Maharashtra,Full-time,Junior,5.6,7.1,1,2,"Create and validate mechanical designs, prepare CAD models and drawings, and support manufacturing. The role is based in Nagpur and works with cross-functional teams.","Manufacturing, Mechanical Design, GD&T, HTML, AutoCAD, SolidWorks, Scikit-learn, CAD",8,Synthetic demo data,Generated for SKILLYNTRA prototype; not live job-posting data.
SKL100438,Mechanical Design Engineer,Engineering & Manufacturing,Vertex Systems,Nashik,Maharashtra,Full-time,Senior,4.7,7.5,4,8,"Create and validate mechanical designs, prepare CAD models and drawings, and support manufacturing. The role is based in Nashik and works with cross-functional teams.","CAD, Product Management, AutoCAD, Manufacturing, GD&T, Mechanical Design, SolidWorks",7,Synthetic demo data,Generated for SKILLYNTRA prototype; not live job-posting data.
SKL100439,Data Scientist,AI & Data,InsightWorks,Gurugram,Haryana,Full-time,Junior,7.4,12.6,1,4,"Build statistical and machine-learning models, prepare datasets, evaluate model performance, and communicate findings. The role is based in Gurugram and works with cross-functional teams.","Pandas, Python, Statistics, Scikit-learn, Game Development, Machine Learning, SQL",7,Synthetic demo data,Generated for SKILLYNTRA prototype; not live job-posting data.
SKL100440,Embedded Systems Engineer,Electronics & Embedded,CloudSphere,Chennai,Tamil Nadu,Contract,Entry Level,11.7,15.2,0,4,Develop firmware and embedded applications for microcontrollers and connected devices. The role is based in Chennai and works with cross-functional teams.,"Embedded Systems, C, C++, Git, Microcontrollers, RTOS",6,Synthetic demo data,Generated for SKILLYNTRA prototype; not live job-posting data.
SKL100441,DevOps Engineer,Cloud & DevOps,SmartFab Technologies,Nagpur,Maharashtra,Contract,Senior,16.7,20.7,4,6,"Automate software delivery, maintain CI/CD pipelines, monitor systems, and improve deployment reliability. The role is based in Nagpur and works with cross-functional teams.","Docker, Kubernetes, Git, AWS, Linux, CI/CD",6,Synthetic demo data,Generated for SKILLYNTRA prototype; not live job-posting data.
SKL100442,Predictive Maintenance Engineer,Engineering & Manufacturing,Prime Automation,Pune,Maharashtra,Contract,Senior,9.1,14.0,4,8,Use machine and sensor data to identify failure patterns and improve maintenance planning. The role is based in Pune and works with cross-functional teams.,"Predictive Maintenance, Machine Learning, Python, IoT, PLC, Sensor Analytics",6,Synthetic demo data,Generated for SKILLYNTRA prototype; not live job-posting data.
SKL100443,Cloud Engineer,Cloud & DevOps,Quantix Labs,Nashik,Maharashtra,Full-time,Mid Level,13.1,14.6,3,5,"Design and maintain cloud infrastructure, automate deployments, and improve reliability and scalability. The role is based in Nashik and works with cross-functional teams.","Kubernetes, Pandas, CI/CD, AWS, Docker, Azure, Linux",7,Synthetic demo data,Generated for SKILLYNTRA prototype; not live job-posting data.
SKL100444,Game Developer,Gaming & Interactive,Quantix Labs,Nashik,Maharashtra,Full-time,Senior,10.3,11.3,5,9,"Develop gameplay systems, implement mechanics, optimize performance, and collaborate with design teams. The role is based in Nashik and works with cross-functional teams.","Azure, HTML, Unity, Game Development, C#, C++, Git, 3D Mathematics",8,Synthetic demo data,Generated for SKILLYNTRA prototype; not live job-posting data.
SKL100445,Electronics Engineer,Electronics & Embedded,SmartFab Technologies,Kolkata,West Bengal,Full-time,Senior,6.8,12.4,5,6,"Design, test, and troubleshoot electronic systems, PCBs, and embedded hardware. The role is based in Kolkata and works with cross-functional teams.","C, Testing, Embedded Systems, PCB Design, MATLAB, Sensor Analytics, Circuit Design",7,Synthetic demo data,Generated for SKILLYNTRA prototype; not live job-posting data.
SKL100446,HR Analyst,HR & Operations,CoreStack,Nashik,Maharashtra,Full-time,Entry Level,3.8,6.5,0,2,"Analyze workforce data, prepare HR reports, and support evidence-based people and talent decisions. The role is based in Nashik and works with cross-functional teams.","Node.js, Excel, Power BI, HR Analytics, Data Analysis, C, Communication",7,Synthetic demo data,Generated for SKILLYNTRA prototype; not live job-posting data.
SKL100447,HR Analyst,HR & Operations,DataBridge,Kolkata,West Bengal,Contract,Senior,4.7,6.0,4,8,"Analyze workforce data, prepare HR reports, and support evidence-based people and talent decisions. The role is based in Kolkata and works with cross-functional teams.","Industrial Automation, Power BI, HR Analytics, Excel, Data Analysis, Communication",6,Synthetic demo data,Generated for SKILLYNTRA prototype; not live job-posting data.
SKL100448,Electronics Engineer,Electronics & Embedded,NextGen Analytics,Thane,Maharashtra,Full-time,Junior,4.1,7.0,1,5,"Design, test, and troubleshoot electronic systems, PCBs, and embedded hardware. The role is based in Thane and works with cross-functional teams.","Testing, Embedded Systems, MATLAB, C, Circuit Design, PCB Design",6,Synthetic demo data,Generated for SKILLYNTRA prototype; not live job-posting data.
SKL100449,Software Engineer,Software & IT,IndusWorks,Hyderabad,Telangana,Full-time,Junior,7.9,13.8,1,2,"Design, develop, test, and maintain software services while collaborating with engineering teams. The role is based in Hyderabad and works with cross-functional teams.","TensorFlow, REST API, Java, Python, Data Structures, Git, SQL, C#",8,Synthetic demo data,Generated for SKILLYNTRA prototype; not live job-posting data.
SKL100450,Data Analyst,Data & Analytics,CloudSphere,Jaipur,Rajasthan,Full-time,Senior,5.6,8.3,4,7,"Analyze business data, build dashboards, identify trends, and communicate actionable insights to stakeholders. The role is based in Jaipur and works with cross-functional teams.","Python, Power BI, SQL, Excel, REST API, Data Visualization, Statistics, Docker",8,Synthetic demo data,Generated for SKILLYNTRA prototype; not live job-posting data.
SKL100451,Product Manager,Product & Business,DataBridge,Nashik,Maharashtra,Full-time,Mid Level,11.8,14.3,3,7,"Define product priorities, analyze user and market needs, coordinate teams, and measure product outcomes. The role is based in Nashik and works with cross-functional teams.","SQL, Product Management, Communication, Analytics, Agile, Market Research",6,Synthetic demo data,Generated for SKILLYNTRA prototype; not live job-posting data.
SKL100452,EV Data Analyst,Automotive & EV,Nova Mobility,Aurangabad,Maharashtra,Full-time,Junior,5.3,6.9,1,3,"Analyze electric-vehicle data, create dashboards, and identify operational and market trends. The role is based in Aurangabad and works with cross-functional teams.","MATLAB, Excel, Python, EV Analytics, Power BI, Statistics, SQL",7,Synthetic demo data,Generated for SKILLYNTRA prototype; not live job-posting data.
SKL100453,Business Analyst,Business & Analytics,IndusWorks,Thane,Maharashtra,Full-time,Mid Level,8.3,10.1,2,6,"Gather business requirements, analyze operational data, create reports, and support decision-making. The role is based in Thane and works with cross-functional teams.","C#, Power BI, Communication, Excel, Statistics, Business Analysis, SQL",7,Synthetic demo data,Generated for SKILLYNTRA prototype; not live job-posting data.
SKL100454,Data Analyst,Data & Analytics,CoreStack,Gurugram,Haryana,Contract,Senior,6.7,9.2,4,7,"Analyze business data, build dashboards, identify trends, and communicate actionable insights to stakeholders. The role is based in Gurugram and works with cross-functional teams.","Power BI, Python, Data Visualization, Excel, SQL, Statistics, Testing",7,Synthetic demo data,Generated for SKILLYNTRA prototype; not live job-posting data.
SKL100455,Data Scientist,AI & Data,CoreStack,Nashik,Maharashtra,Full-time,Junior,6.2,10.3,1,4,"Build statistical and machine-learning models, prepare datasets, evaluate model performance, and communicate findings. The role is based in Nashik and works with cross-functional teams.","Pandas, Scikit-learn, SQL, Python, Machine Learning, Statistics",6,Synthetic demo data,Generated for SKILLYNTRA prototype; not live job-posting data.
SKL100456,Embedded Systems Engineer,Electronics & Embedded,CloudSphere,Chennai,Tamil Nadu,Full-time,Mid Level,4.2,7.9,2,4,Develop firmware and embedded applications for microcontrollers and connected devices. The role is based in Chennai and works with cross-functional teams.,"Embedded Systems, C++, Pandas, Microcontrollers, RTOS, C, Git",7,Synthetic demo data,Generated for SKILLYNTRA prototype; not live job-posting data.
SKL100457,Electronics Engineer,Electronics & Embedded,BluePeak Consulting,Delhi,Delhi,Full-time,Entry Level,6.1,10.7,0,3,"Design, test, and troubleshoot electronic systems, PCBs, and embedded hardware. The role is based in Delhi and works with cross-functional teams.","C, Game Development, Embedded Systems, Testing, Circuit Design, PCB Design, MATLAB",7,Synthetic demo data,Generated for SKILLYNTRA prototype; not live job-posting data.
SKL100458,Automation Engineer,Engineering & Automation,CoreStack,Jaipur,Rajasthan,Full-time,Entry Level,9.8,13.0,0,2,"Design and maintain industrial automation systems, PLC programs, sensors, and control workflows. The role is based in Jaipur and works with cross-functional teams.","PLC, Python, Sensors, RTOS, SCADA, Industrial Automation, IoT",7,Synthetic demo data,Generated for SKILLYNTRA prototype; not live job-posting data.
SKL100459,Embedded Systems Engineer,Electronics & Embedded,NextGen Analytics,Delhi,Delhi,Contract,Junior,6.7,12.7,1,3,Develop firmware and embedded applications for microcontrollers and connected devices. The role is based in Delhi and works with cross-functional teams.,"RTOS, Git, C++, Embedded Systems, Microcontrollers, AutoCAD, C, Excel",8,Synthetic demo data,Generated for SKILLYNTRA prototype; not live job-posting data.
SKL100460,Embedded Systems Engineer,Electronics & Embedded,IndusWorks,Ahmedabad,Gujarat,Full-time,Junior,11.5,13.9,1,3,Develop firmware and embedded applications for microcontrollers and connected devices. The role is based in Ahmedabad and works with cross-functional teams.,"C, Microcontrollers, C++, Git, RTOS, Embedded Systems, Agile",7,Synthetic demo data,Generated for SKILLYNTRA prototype; not live job-posting data.
SKL100461,Data Analyst,Data & Analytics,TechNova Solutions,Ahmedabad,Gujarat,Full-time,Junior,5.0,9.2,1,4,"Analyze business data, build dashboards, identify trends, and communicate actionable insights to stakeholders. The role is based in Ahmedabad and works with cross-functional teams.","C, Power BI, Python, Data Visualization, Industrial Automation, SQL, Excel, Statistics",8,Synthetic demo data,Generated for SKILLYNTRA prototype; not live job-posting data.
SKL100462,Industrial AI Engineer,Engineering & AI,SkillTech,Mumbai,Maharashtra,Full-time,Senior,12.4,16.2,6,9,"Apply AI and computer vision to industrial processes, sensor data, and intelligent automation systems. The role is based in Mumbai and works with cross-functional teams.","Machine Learning, Industrial AI, Networking, IoT, Python, Computer Vision, SQL",7,Synthetic demo data,Generated for SKILLYNTRA prototype; not live job-posting data.
SKL100463,Full Stack Developer,Software & IT,MahaTech Industries,Delhi,Delhi,Full-time,Junior,8.9,13.3,1,4,Build responsive web applications across frontend and backend services and integrate APIs and databases. The role is based in Delhi and works with cross-functional teams.,"HTML, React, CAD, CSS, SQL, Git, Node.js, JavaScript",8,Synthetic demo data,Generated for SKILLYNTRA prototype; not live job-posting data.
SKL100464,Predictive Maintenance Engineer,Engineering & Manufacturing,NextGen Analytics,Noida,Uttar Pradesh,Full-time,Senior,11.8,13.7,4,6,Use machine and sensor data to identify failure patterns and improve maintenance planning. The role is based in Noida and works with cross-functional teams.,"Python, Sensor Analytics, PLC, Machine Learning, IoT, Predictive Maintenance",6,Synthetic demo data,Generated for SKILLYNTRA prototype; not live job-posting data.
SKL100465,HR Analyst,HR & Operations,CoreStack,Mumbai,Maharashtra,Full-time,Senior,7.9,9.0,4,7,"Analyze workforce data, prepare HR reports, and support evidence-based people and talent decisions. The role is based in Mumbai and works with cross-functional teams.","HR Analytics, Data Analysis, Excel, Power BI, Deep Learning, Communication, Game Development",7,Synthetic demo data,Generated for SKILLYNTRA prototype; not live job-posting data.
SKL100466,Software Engineer,Software & IT,CloudSphere,Chennai,Tamil Nadu,Full-time,Junior,9.2,14.8,1,2,"Design, develop, test, and maintain software services while collaborating with engineering teams. The role is based in Chennai and works with cross-functional teams.","REST API, SQL, Data Structures, Git, Python, Java",6,Synthetic demo data,Generated for SKILLYNTRA prototype; not live job-posting data.
SKL100467,Software Engineer,Software & IT,VisionEdge,Jaipur,Rajasthan,Full-time,Senior,6.7,9.2,4,7,"Design, develop, test, and maintain software services while collaborating with engineering teams. The role is based in Jaipur and works with cross-functional teams.","SQL, Python, C, REST API, SCADA, Data Structures, Java, Git",8,Synthetic demo data,Generated for SKILLYNTRA prototype; not live job-posting data.
SKL100468,Software Engineer,Software & IT,Prime Automation,Mumbai,Maharashtra,Full-time,Senior,5.8,10.7,5,6,"Design, develop, test, and maintain software services while collaborating with engineering teams. The role is based in Mumbai and works with cross-functional teams.","SQL, Git, Agile, REST API, Data Structures, Python, Java",7,Synthetic demo data,Generated for SKILLYNTRA prototype; not live job-posting data.
SKL100469,Data Scientist,AI & Data,FutureGrid,Mumbai,Maharashtra,Full-time,Junior,13.8,19.4,1,2,"Build statistical and machine-learning models, prepare datasets, evaluate model performance, and communicate findings. The role is based in Mumbai and works with cross-functional teams.","Python, Statistics, Machine Learning, Scikit-learn, SQL, Pandas",6,Synthetic demo data,Generated for SKILLYNTRA prototype; not live job-posting data.
SKL100470,AI Engineer,AI & Machine Learning,DataBridge,Nashik,Maharashtra,Full-time,Senior,11.6,16.9,5,8,"Develop and deploy AI solutions, integrate machine-learning models into applications, and improve production performance. The role is based in Nashik and works with cross-functional teams.","PyTorch, SQL, Deep Learning, Computer Vision, Market Research, TensorFlow, Python, Machine Learning",8,Synthetic demo data,Generated for SKILLYNTRA prototype; not live job-posting data.
SKL100471,Full Stack Developer,Software & IT,CoreStack,Kolkata,West Bengal,Full-time,Entry Level,13.3,18.9,0,1,Build responsive web applications across frontend and backend services and integrate APIs and databases. The role is based in Kolkata and works with cross-functional teams.,"Git, SQL, HTML, Excel, React, JavaScript, CSS, IoT, Node.js",9,Synthetic demo data,Generated for SKILLYNTRA prototype; not live job-posting data.
SKL100472,Predictive Maintenance Engineer,Engineering & Manufacturing,Prime Automation,Nagpur,Maharashtra,Full-time,Entry Level,5.7,7.2,0,3,Use machine and sensor data to identify failure patterns and improve maintenance planning. The role is based in Nagpur and works with cross-functional teams.,"IoT, Python, PLC, Predictive Maintenance, Machine Learning, Sensor Analytics",6,Synthetic demo data,Generated for SKILLYNTRA prototype; not live job-posting data.
SKL100473,Business Analyst,Business & Analytics,Apex Digital,Hyderabad,Telangana,Contract,Mid Level,7.7,12.3,3,6,"Gather business requirements, analyze operational data, create reports, and support decision-making. The role is based in Hyderabad and works with cross-functional teams.","Excel, SCADA, SQL, Statistics, Power BI, Industrial AI, Communication, Business Analysis",8,Synthetic demo data,Generated for SKILLYNTRA prototype; not live job-posting data.
SKL100474,HR Analyst,HR & Operations,TechNova Solutions,Nashik,Maharashtra,Full-time,Mid Level,5.4,9.0,3,4,"Analyze workforce data, prepare HR reports, and support evidence-based people and talent decisions. The role is based in Nashik and works with cross-functional teams.","C, Data Analysis, Power BI, Excel, Azure, Communication, HR Analytics",7,Synthetic demo data,Generated for SKILLYNTRA prototype; not live job-posting data.
SKL100475,HR Analyst,HR & Operations,SmartFab Technologies,Nagpur,Maharashtra,Full-time,Junior,3.7,8.9,1,5,"Analyze workforce data, prepare HR reports, and support evidence-based people and talent decisions. The role is based in Nagpur and works with cross-functional teams.","Excel, HR Analytics, Communication, Power BI, Data Analysis, JavaScript, Data Visualization",7,Synthetic demo data,Generated for SKILLYNTRA prototype; not live job-posting data.
SKL100476,Industrial AI Engineer,Engineering & AI,SkillTech,Noida,Uttar Pradesh,Full-time,Senior,11.6,13.4,4,8,"Apply AI and computer vision to industrial processes, sensor data, and intelligent automation systems. The role is based in Noida and works with cross-functional teams.","Machine Learning, SQL, Business Analysis, Industrial AI, Computer Vision, IoT, Python",7,Synthetic demo data,Generated for SKILLYNTRA prototype; not live job-posting data.
SKL100477,Machine Learning Engineer,AI & Machine Learning,MahaTech Industries,Gurugram,Haryana,Full-time,Junior,15.1,21.0,1,5,"Develop, test, deploy, and maintain machine-learning pipelines and production models. The role is based in Gurugram and works with cross-functional teams.","PyTorch, Python, TensorFlow, Manufacturing, Machine Learning, Scikit-learn, Docker",7,Synthetic demo data,Generated for SKILLYNTRA prototype; not live job-posting data.
SKL100478,Predictive Maintenance Engineer,Engineering & Manufacturing,AutoNext,Ahmedabad,Gujarat,Full-time,Mid Level,7.3,10.8,3,5,Use machine and sensor data to identify failure patterns and improve maintenance planning. The role is based in Ahmedabad and works with cross-functional teams.,"Machine Learning, IoT, Sensor Analytics, Python, JavaScript, Predictive Maintenance, Cybersecurity, PLC",8,Synthetic demo data,Generated for SKILLYNTRA prototype; not live job-posting data.
SKL100479,Game Developer,Gaming & Interactive,SmartFab Technologies,Hyderabad,Telangana,Contract,Mid Level,8.1,9.3,3,7,"Develop gameplay systems, implement mechanics, optimize performance, and collaborate with design teams. The role is based in Hyderabad and works with cross-functional teams.","C#, PLC, C++, Scikit-learn, Game Development, Unity, 3D Mathematics, Git",8,Synthetic demo data,Generated for SKILLYNTRA prototype; not live job-posting data.
SKL100480,Industrial AI Engineer,Engineering & AI,Apex Digital,Ahmedabad,Gujarat,Full-time,Senior,13.3,17.7,5,9,"Apply AI and computer vision to industrial processes, sensor data, and intelligent automation systems. The role is based in Ahmedabad and works with cross-functional teams.","SQL, Industrial Automation, Machine Learning, MATLAB, Computer Vision, Python, Industrial AI, IoT",8,Synthetic demo data,Generated for SKILLYNTRA prototype; not live job-posting data.
SKL100481,Product Manager,Product & Business,MahaTech Industries,Thane,Maharashtra,Full-time,Mid Level,8.7,11.5,2,3,"Define product priorities, analyze user and market needs, coordinate teams, and measure product outcomes. The role is based in Thane and works with cross-functional teams.","AWS, Analytics, Market Research, Agile, Manufacturing, Product Management, SQL, Communication",8,Synthetic demo data,Generated for SKILLYNTRA prototype; not live job-posting data.
SKL100482,Data Scientist,AI & Data,CloudSphere,Noida,Uttar Pradesh,Full-time,Mid Level,12.5,16.4,2,4,"Build statistical and machine-learning models, prepare datasets, evaluate model performance, and communicate findings. The role is based in Noida and works with cross-functional teams.","Statistics, SIEM, Scikit-learn, AutoCAD, SQL, Machine Learning, Python, Pandas",8,Synthetic demo data,Generated for SKILLYNTRA prototype; not live job-posting data.
SKL100483,Automation Engineer,Engineering & Automation,Prime Automation,Noida,Uttar Pradesh,Full-time,Senior,6.1,10.6,4,8,"Design and maintain industrial automation systems, PLC programs, sensors, and control workflows. The role is based in Noida and works with cross-functional teams.","Deep Learning, Sensors, SCADA, PLC, Industrial Automation, IoT, Python, AWS",8,Synthetic demo data,Generated for SKILLYNTRA prototype; not live job-posting data.
SKL100484,Business Analyst,Business & Analytics,BluePeak Consulting,Hyderabad,Telangana,Full-time,Senior,5.3,7.8,5,8,"Gather business requirements, analyze operational data, create reports, and support decision-making. The role is based in Hyderabad and works with cross-functional teams.","Communication, Power BI, Circuit Design, Excel, SQL, Statistics, Business Analysis",7,Synthetic demo data,Generated for SKILLYNTRA prototype; not live job-posting data.
SKL100485,Product Manager,Product & Business,InnoSoft,Delhi,Delhi,Full-time,Mid Level,16.3,20.2,3,4,"Define product priorities, analyze user and market needs, coordinate teams, and measure product outcomes. The role is based in Delhi and works with cross-functional teams.","Agile, Deep Learning, Product Management, Communication, SQL, Excel, Analytics, Market Research",8,Synthetic demo data,Generated for SKILLYNTRA prototype; not live job-posting data.
SKL100486,Product Manager,Product & Business,FutureGrid,Chennai,Tamil Nadu,Full-time,Senior,9.6,12.6,5,8,"Define product priorities, analyze user and market needs, coordinate teams, and measure product outcomes. The role is based in Chennai and works with cross-functional teams.","JavaScript, SQL, Industrial Automation, Market Research, Analytics, Communication, Product Management, Agile",8,Synthetic demo data,Generated for SKILLYNTRA prototype; not live job-posting data.
SKL100487,Automation Engineer,Engineering & Automation,CoreStack,Aurangabad,Maharashtra,Full-time,Senior,11.5,16.1,4,8,"Design and maintain industrial automation systems, PLC programs, sensors, and control workflows. The role is based in Aurangabad and works with cross-functional teams.","IoT, PLC, Sensors, Industrial Automation, SCADA, Python",6,Synthetic demo data,Generated for SKILLYNTRA prototype; not live job-posting data.
SKL100488,Software Engineer,Software & IT,FutureGrid,Gurugram,Haryana,Full-time,Mid Level,8.2,13.3,3,7,"Design, develop, test, and maintain software services while collaborating with engineering teams. The role is based in Gurugram and works with cross-functional teams.","Python, SQL, REST API, Git, Java, Data Structures",6,Synthetic demo data,Generated for SKILLYNTRA prototype; not live job-posting data.
SKL100489,Cybersecurity Analyst,Cybersecurity,SkillTech,Noida,Uttar Pradesh,Contract,Junior,6.1,7.9,1,5,"Monitor security events, investigate incidents, assess risks, and support security controls. The role is based in Noida and works with cross-functional teams.","Cybersecurity, Python, Incident Response, SIEM, Networking, Linux",6,Synthetic demo data,Generated for SKILLYNTRA prototype; not live job-posting data.
SKL100490,Data Scientist,AI & Data,Nova Mobility,Nagpur,Maharashtra,Full-time,Mid Level,6.3,11.2,3,5,"Build statistical and machine-learning models, prepare datasets, evaluate model performance, and communicate findings. The role is based in Nagpur and works with cross-functional teams.","Scikit-learn, Machine Learning, Microcontrollers, Statistics, Python, SQL, Pandas",7,Synthetic demo data,Generated for SKILLYNTRA prototype; not live job-posting data.
SKL100491,Business Analyst,Business & Analytics,FutureGrid,Delhi,Delhi,Full-time,Entry Level,11.2,15.5,0,4,"Gather business requirements, analyze operational data, create reports, and support decision-making. The role is based in Delhi and works with cross-functional teams.","Statistics, Power BI, SQL, Communication, Excel, Business Analysis",6,Synthetic demo data,Generated for SKILLYNTRA prototype; not live job-posting data.
SKL100492,Industrial AI Engineer,Engineering & AI,NextGen Analytics,Kolkata,West Bengal,Full-time,Mid Level,14.5,17.1,2,3,"Apply AI and computer vision to industrial processes, sensor data, and intelligent automation systems. The role is based in Kolkata and works with cross-functional teams.","Industrial AI, IoT, Product Management, Python, SQL, Machine Learning, GD&T, Computer Vision",8,Synthetic demo data,Generated for SKILLYNTRA prototype; not live job-posting data.
SKL100493,Automation Engineer,Engineering & Automation,DataBridge,Bengaluru,Karnataka,Full-time,Senior,7.9,10.8,4,5,"Design and maintain industrial automation systems, PLC programs, sensors, and control workflows. The role is based in Bengaluru and works with cross-functional teams.","Sensors, PLC, SCADA, IoT, Python, Industrial Automation",6,Synthetic demo data,Generated for SKILLYNTRA prototype; not live job-posting data.
SKL100494,Software Engineer,Software & IT,AutoNext,Thane,Maharashtra,Full-time,Senior,13.2,14.3,5,8,"Design, develop, test, and maintain software services while collaborating with engineering teams. The role is based in Thane and works with cross-functional teams.","SIEM, REST API, Git, SQL, Java, Agile, Data Structures, Python",8,Synthetic demo data,Generated for SKILLYNTRA prototype; not live job-posting data.
SKL100495,HR Analyst,HR & Operations,Apex Digital,Kolkata,West Bengal,Full-time,Senior,8.1,11.1,4,6,"Analyze workforce data, prepare HR reports, and support evidence-based people and talent decisions. The role is based in Kolkata and works with cross-functional teams.","Data Analysis, HR Analytics, Communication, Excel, Statistics, Power BI",6,Synthetic demo data,Generated for SKILLYNTRA prototype; not live job-posting data.
SKL100496,Full Stack Developer,Software & IT,VisionEdge,Kolkata,West Bengal,Full-time,Senior,12.9,17.7,5,8,Build responsive web applications across frontend and backend services and integrate APIs and databases. The role is based in Kolkata and works with cross-functional teams.,"CSS, React, Git, HTML, SQL, RTOS, Node.js, JavaScript",8,Synthetic demo data,Generated for SKILLYNTRA prototype; not live job-posting data.
SKL100497,Mechanical Design Engineer,Engineering & Manufacturing,Apex Digital,Kolkata,West Bengal,Contract,Junior,6.8,9.6,1,4,"Create and validate mechanical designs, prepare CAD models and drawings, and support manufacturing. The role is based in Kolkata and works with cross-functional teams.","SolidWorks, Product Management, GD&T, Manufacturing, AutoCAD, SCADA, CAD, Mechanical Design",8,Synthetic demo data,Generated for SKILLYNTRA prototype; not live job-posting data.
SKL100498,Software Engineer,Software & IT,InnoSoft,Pune,Maharashtra,Full-time,Junior,8.1,9.5,1,4,"Design, develop, test, and maintain software services while collaborating with engineering teams. The role is based in Pune and works with cross-functional teams.","Python, Git, SQL, Data Structures, REST API, Java",6,Synthetic demo data,Generated for SKILLYNTRA prototype; not live job-posting data.
SKL100499,Automation Engineer,Engineering & Automation,IndusWorks,Hyderabad,Telangana,Full-time,Mid Level,9.5,14.6,2,4,"Design and maintain industrial automation systems, PLC programs, sensors, and control workflows. The role is based in Hyderabad and works with cross-functional teams.","CSS, Python, Sensors, SCADA, Industrial Automation, IoT, PLC",7,Synthetic demo data,Generated for SKILLYNTRA prototype; not live job-posting data.
SKL100500,Data Analyst,Data & Analytics,CoreStack,Pune,Maharashtra,Full-time,Senior,8.0,13.9,4,6,"Analyze business data, build dashboards, identify trends, and communicate actionable insights to stakeholders. The role is based in Pune and works with cross-functional teams.","Excel, Data Visualization, Statistics, Python, SQL, Power BI",6,Synthetic demo data,Generated for SKILLYNTRA prototype; not live job-posting data.
SKL100501,Software Engineer,Software & IT,Quantix Labs,Mumbai,Maharashtra,Full-time,Junior,5.1,8.8,1,2,"Design, develop, test, and maintain software services while collaborating with engineering teams. The role is based in Mumbai and works with cross-functional teams.","SCADA, REST API, SQL, Java, Python, Git, Data Structures",7,Synthetic demo data,Generated for SKILLYNTRA prototype; not live job-posting data.
SKL100502,Cybersecurity Analyst,Cybersecurity,AutoNext,Aurangabad,Maharashtra,Full-time,Mid Level,7.9,9.9,3,5,"Monitor security events, investigate incidents, assess risks, and support security controls. The role is based in Aurangabad and works with cross-functional teams.","Incident Response, Python, Cybersecurity, SIEM, Linux, Networking",6,Synthetic demo data,Generated for SKILLYNTRA prototype; not live job-posting data.
SKL100503,Data Analyst,Data & Analytics,DataBridge,Aurangabad,Maharashtra,Full-time,Junior,8.0,10.9,1,5,"Analyze business data, build dashboards, identify trends, and communicate actionable insights to stakeholders. The role is based in Aurangabad and works with cross-functional teams.","Microcontrollers, Statistics, Data Visualization, Power BI, Industrial AI, Excel, Python, SQL",8,Synthetic demo data,Generated for SKILLYNTRA prototype; not live job-posting data.
SKL100504,Game Developer,Gaming & Interactive,Prime Automation,Gurugram,Haryana,Full-time,Senior,4.7,8.4,5,8,"Develop gameplay systems, implement mechanics, optimize performance, and collaborate with design teams. The role is based in Gurugram and works with cross-functional teams.","3D Mathematics, C++, Git, Game Development, Unity, C#",6,Synthetic demo data,Generated for SKILLYNTRA prototype; not live job-posting data.
SKL100505,Cybersecurity Analyst,Cybersecurity,SkillTech,Chennai,Tamil Nadu,Contract,Mid Level,12.8,17.2,3,6,"Monitor security events, investigate incidents, assess risks, and support security controls. The role is based in Chennai and works with cross-functional teams.","Networking, Incident Response, SIEM, Linux, Cybersecurity, Python",6,Synthetic demo data,Generated for SKILLYNTRA prototype; not live job-posting data.
SKL100506,Business Analyst,Business & Analytics,VisionEdge,Kolkata,West Bengal,Contract,Junior,6.5,10.2,1,2,"Gather business requirements, analyze operational data, create reports, and support decision-making. The role is based in Kolkata and works with cross-functional teams.","Excel, Business Analysis, Communication, Statistics, SQL, Power BI",6,Synthetic demo data,Generated for SKILLYNTRA prototype; not live job-posting data.
SKL100507,Cybersecurity Analyst,Cybersecurity,Quantix Labs,Gurugram,Haryana,Full-time,Mid Level,12.1,14.4,3,6,"Monitor security events, investigate incidents, assess risks, and support security controls. The role is based in Gurugram and works with cross-functional teams.","Cybersecurity, Python, Incident Response, JavaScript, Linux, SIEM, Networking",7,Synthetic demo data,Generated for SKILLYNTRA prototype; not live job-posting data.
SKL100508,EV Data Analyst,Automotive & EV,VisionEdge,Jaipur,Rajasthan,Contract,Entry Level,5.2,7.3,0,2,"Analyze electric-vehicle data, create dashboards, and identify operational and market trends. The role is based in Jaipur and works with cross-functional teams.","Python, Excel, EV Analytics, SQL, Power BI, Statistics",6,Synthetic demo data,Generated for SKILLYNTRA prototype; not live job-posting data.
SKL100509,Machine Learning Engineer,AI & Machine Learning,AutoNext,Kolkata,West Bengal,Full-time,Junior,11.3,15.8,1,5,"Develop, test, deploy, and maintain machine-learning pipelines and production models. The role is based in Kolkata and works with cross-functional teams.","Scikit-learn, Incident Response, PyTorch, Docker, Machine Learning, Python, TensorFlow",7,Synthetic demo data,Generated for SKILLYNTRA prototype; not live job-posting data.
SKL100510,Product Manager,Product & Business,Nova Mobility,Nashik,Maharashtra,Full-time,Senior,14.3,18.6,7,10,"Define product priorities, analyze user and market needs, coordinate teams, and measure product outcomes. The role is based in Nashik and works with cross-functional teams.","Agile, Communication, SQL, Market Research, Product Management, Analytics",6,Synthetic demo data,Generated for SKILLYNTRA prototype; not live job-posting data.
SKL100511,Industrial AI Engineer,Engineering & AI,Apex Digital,Noida,Uttar Pradesh,Full-time,Mid Level,9.1,15.0,3,4,"Apply AI and computer vision to industrial processes, sensor data, and intelligent automation systems. The role is based in Noida and works with cross-functional teams.","Industrial AI, SQL, Machine Learning, Python, IoT, Computer Vision",6,Synthetic demo data,Generated for SKILLYNTRA prototype; not live job-posting data.
SKL100512,AI Engineer,AI & Machine Learning,AutoNext,Hyderabad,Telangana,Full-time,Senior,14.7,15.8,4,7,"Develop and deploy AI solutions, integrate machine-learning models into applications, and improve production performance. The role is based in Hyderabad and works with cross-functional teams.","Deep Learning, Python, Machine Learning, PyTorch, TensorFlow, SQL",6,Synthetic demo data,Generated for SKILLYNTRA prototype; not live job-posting data.
SKL100513,Data Scientist,AI & Data,FutureGrid,Ahmedabad,Gujarat,Full-time,Mid Level,13.4,17.2,3,4,"Build statistical and machine-learning models, prepare datasets, evaluate model performance, and communicate findings. The role is based in Ahmedabad and works with cross-functional teams.","Pandas, Azure, Python, Statistics, Scikit-learn, SQL, Machine Learning, Excel",8,Synthetic demo data,Generated for SKILLYNTRA prototype; not live job-posting data.
SKL100514,Full Stack Developer,Software & IT,InnoSoft,Bengaluru,Karnataka,Full-time,Mid Level,5.6,9.1,2,4,Build responsive web applications across frontend and backend services and integrate APIs and databases. The role is based in Bengaluru and works with cross-functional teams.,"Git, JavaScript, SQL, Node.js, React, PyTorch, CSS, HTML",8,Synthetic demo data,Generated for SKILLYNTRA prototype; not live job-posting data.
SKL100515,Predictive Maintenance Engineer,Engineering & Manufacturing,AutoNext,Nagpur,Maharashtra,Full-time,Mid Level,9.0,12.8,3,7,Use machine and sensor data to identify failure patterns and improve maintenance planning. The role is based in Nagpur and works with cross-functional teams.,"Python, Predictive Maintenance, PLC, IoT, Machine Learning, Sensor Analytics, Azure",7,Synthetic demo data,Generated for SKILLYNTRA prototype; not live job-posting data.
SKL100516,Data Scientist,AI & Data,SmartFab Technologies,Chennai,Tamil Nadu,Contract,Senior,12.5,17.0,4,6,"Build statistical and machine-learning models, prepare datasets, evaluate model performance, and communicate findings. The role is based in Chennai and works with cross-functional teams.","Statistics, Machine Learning, SQL, Python, Pandas, IoT, Scikit-learn",7,Synthetic demo data,Generated for SKILLYNTRA prototype; not live job-posting data.
SKL100517,AI Engineer,AI & Machine Learning,AutoNext,Kolkata,West Bengal,Full-time,Mid Level,19.8,24.2,3,5,"Develop and deploy AI solutions, integrate machine-learning models into applications, and improve production performance. The role is based in Kolkata and works with cross-functional teams.","SCADA, Python, SQL, Deep Learning, PyTorch, TensorFlow, Machine Learning",7,Synthetic demo data,Generated for SKILLYNTRA prototype; not live job-posting data.
SKL100518,Data Scientist,AI & Data,Apex Digital,Chennai,Tamil Nadu,Full-time,Senior,10.1,13.5,5,9,"Build statistical and machine-learning models, prepare datasets, evaluate model performance, and communicate findings. The role is based in Chennai and works with cross-functional teams.","SQL, Statistics, Scikit-learn, Python, RTOS, Kubernetes, Machine Learning, Pandas",8,Synthetic demo data,Generated for SKILLYNTRA prototype; not live job-posting data.
SKL100519,Automation Engineer,Engineering & Automation,Nova Mobility,Nashik,Maharashtra,Full-time,Mid Level,4.7,10.1,3,4,"Design and maintain industrial automation systems, PLC programs, sensors, and control workflows. The role is based in Nashik and works with cross-functional teams.","PLC, SCADA, Industrial Automation, Deep Learning, IoT, Sensors, Python",7,Synthetic demo data,Generated for SKILLYNTRA prototype; not live job-posting data.
SKL100520,Full Stack Developer,Software & IT,Nova Mobility,Nagpur,Maharashtra,Contract,Entry Level,12.8,14.3,0,3,Build responsive web applications across frontend and backend services and integrate APIs and databases. The role is based in Nagpur and works with cross-functional teams.,"3D Mathematics, CSS, Node.js, HTML, SQL, AWS, JavaScript, React, Git",9,Synthetic demo data,Generated for SKILLYNTRA prototype; not live job-posting data.
SKL100521,Product Manager,Product & Business,SkillTech,Delhi,Delhi,Full-time,Senior,17.5,18.9,4,8,"Define product priorities, analyze user and market needs, coordinate teams, and measure product outcomes. The role is based in Delhi and works with cross-functional teams.","Analytics, Agile, SQL, Communication, Market Research, Product Management",6,Synthetic demo data,Generated for SKILLYNTRA prototype; not live job-posting data.
SKL100522,Cloud Engineer,Cloud & DevOps,IndusWorks,Hyderabad,Telangana,Full-time,Senior,10.8,14.9,6,8,"Design and maintain cloud infrastructure, automate deployments, and improve reliability and scalability. The role is based in Hyderabad and works with cross-functional teams.","Linux, AWS, C, CI/CD, Azure, Docker, Computer Vision, Kubernetes",8,Synthetic demo data,Generated for SKILLYNTRA prototype; not live job-posting data.
SKL100523,Full Stack Developer,Software & IT,IndusWorks,Kolkata,West Bengal,Full-time,Senior,13.7,17.0,5,9,Build responsive web applications across frontend and backend services and integrate APIs and databases. The role is based in Kolkata and works with cross-functional teams.,"CSS, Git, JavaScript, Market Research, HTML, Node.js, React, SQL",8,Synthetic demo data,Generated for SKILLYNTRA prototype; not live job-posting data.
SKL100524,Machine Learning Engineer,AI & Machine Learning,Prime Automation,Noida,Uttar Pradesh,Full-time,Senior,15.8,19.8,4,8,"Develop, test, deploy, and maintain machine-learning pipelines and production models. The role is based in Noida and works with cross-functional teams.","Machine Learning, Scikit-learn, Python, Docker, PyTorch, Data Structures, TensorFlow, Agile",8,Synthetic demo data,Generated for SKILLYNTRA prototype; not live job-posting data.
SKL100525,Mechanical Design Engineer,Engineering & Manufacturing,SmartFab Technologies,Delhi,Delhi,Full-time,Senior,5.2,9.5,4,5,"Create and validate mechanical designs, prepare CAD models and drawings, and support manufacturing. The role is based in Delhi and works with cross-functional teams.","AutoCAD, SolidWorks, Mechanical Design, C#, GD&T, Manufacturing, CAD",7,Synthetic demo data,Generated for SKILLYNTRA prototype; not live job-posting data.
SKL100526,Full Stack Developer,Software & IT,Vertex Systems,Aurangabad,Maharashtra,Contract,Mid Level,8.7,12.2,3,6,Build responsive web applications across frontend and backend services and integrate APIs and databases. The role is based in Aurangabad and works with cross-functional teams.,"JavaScript, Git, Pandas, HTML, SQL, Node.js, React, TensorFlow, CSS",9,Synthetic demo data,Generated for SKILLYNTRA prototype; not live job-posting data.
SKL100527,Full Stack Developer,Software & IT,Vertex Systems,Delhi,Delhi,Full-time,Mid Level,10.8,12.5,2,3,Build responsive web applications across frontend and backend services and integrate APIs and databases. The role is based in Delhi and works with cross-functional teams.,"CSS, Node.js, Git, JavaScript, SQL, HTML, React",7,Synthetic demo data,Generated for SKILLYNTRA prototype; not live job-posting data.
SKL100528,DevOps Engineer,Cloud & DevOps,CoreStack,Nagpur,Maharashtra,Full-time,Junior,10.3,12.6,1,2,"Automate software delivery, maintain CI/CD pipelines, monitor systems, and improve deployment reliability. The role is based in Nagpur and works with cross-functional teams.","Docker, CI/CD, Git, AWS, Kubernetes, Circuit Design, CSS, Linux",8,Synthetic demo data,Generated for SKILLYNTRA prototype; not live job-posting data.
SKL100529,EV Data Analyst,Automotive & EV,AutoNext,Nagpur,Maharashtra,Contract,Mid Level,10.3,15.1,2,5,"Analyze electric-vehicle data, create dashboards, and identify operational and market trends. The role is based in Nagpur and works with cross-functional teams.","SQL, Statistics, Sensors, Python, EV Analytics, Excel, Data Analysis, Power BI",8,Synthetic demo data,Generated for SKILLYNTRA prototype; not live job-posting data.
SKL100530,Automation Engineer,Engineering & Automation,Apex Digital,Jaipur,Rajasthan,Full-time,Entry Level,10.6,11.8,0,1,"Design and maintain industrial automation systems, PLC programs, sensors, and control workflows. The role is based in Jaipur and works with cross-functional teams.","Industrial Automation, Python, IoT, Sensors, PLC, SCADA",6,Synthetic demo data,Generated for SKILLYNTRA prototype; not live job-posting data.
SKL100531,Automation Engineer,Engineering & Automation,BluePeak Consulting,Ahmedabad,Gujarat,Full-time,Mid Level,5.2,8.1,3,4,"Design and maintain industrial automation systems, PLC programs, sensors, and control workflows. The role is based in Ahmedabad and works with cross-functional teams.","Industrial Automation, Sensors, Python, IoT, SCADA, PLC",6,Synthetic demo data,Generated for SKILLYNTRA prototype; not live job-posting data.
SKL100532,Industrial AI Engineer,Engineering & AI,FutureGrid,Thane,Maharashtra,Full-time,Senior,6.9,9.8,5,7,"Apply AI and computer vision to industrial processes, sensor data, and intelligent automation systems. The role is based in Thane and works with cross-functional teams.","Python, Computer Vision, IoT, Industrial AI, Machine Learning, Excel, SQL",7,Synthetic demo data,Generated for SKILLYNTRA prototype; not live job-posting data.
SKL100533,Software Engineer,Software & IT,Prime Automation,Ahmedabad,Gujarat,Full-time,Mid Level,14.0,19.7,3,7,"Design, develop, test, and maintain software services while collaborating with engineering teams. The role is based in Ahmedabad and works with cross-functional teams.","REST API, PCB Design, SQL, RTOS, Java, Git, Python, Data Structures",8,Synthetic demo data,Generated for SKILLYNTRA prototype; not live job-posting data.
SKL100534,Business Analyst,Business & Analytics,InnoSoft,Thane,Maharashtra,Full-time,Junior,4.5,9.3,1,5,"Gather business requirements, analyze operational data, create reports, and support decision-making. The role is based in Thane and works with cross-functional teams.","Statistics, Business Analysis, Excel, Networking, TensorFlow, SQL, Communication, Power BI",8,Synthetic demo data,Generated for SKILLYNTRA prototype; not live job-posting data.
SKL100535,Business Analyst,Business & Analytics,Quantix Labs,Kolkata,West Bengal,Contract,Entry Level,11.2,15.3,0,3,"Gather business requirements, analyze operational data, create reports, and support decision-making. The role is based in Kolkata and works with cross-functional teams.","Excel, SQL, Power BI, Communication, Business Analysis, Statistics",6,Synthetic demo data,Generated for SKILLYNTRA prototype; not live job-posting data.
SKL100536,HR Analyst,HR & Operations,InnoSoft,Kolkata,West Bengal,Full-time,Junior,3.5,7.2,1,4,"Analyze workforce data, prepare HR reports, and support evidence-based people and talent decisions. The role is based in Kolkata and works with cross-functional teams.","Data Analysis, Communication, Excel, Power BI, HR Analytics, Product Management",6,Synthetic demo data,Generated for SKILLYNTRA prototype; not live job-posting data.
SKL100537,Predictive Maintenance Engineer,Engineering & Manufacturing,Nova Mobility,Thane,Maharashtra,Full-time,Entry Level,13.0,16.7,0,1,Use machine and sensor data to identify failure patterns and improve maintenance planning. The role is based in Thane and works with cross-functional teams.,"IoT, Predictive Maintenance, PLC, Python, Sensor Analytics, Machine Learning, Computer Vision",7,Synthetic demo data,Generated for SKILLYNTRA prototype; not live job-posting data.
SKL100538,Cybersecurity Analyst,Cybersecurity,BluePeak Consulting,Noida,Uttar Pradesh,Full-time,Mid Level,4.4,8.7,2,3,"Monitor security events, investigate incidents, assess risks, and support security controls. The role is based in Noida and works with cross-functional teams.","Incident Response, Python, Linux, Cybersecurity, Networking, SIEM",6,Synthetic demo data,Generated for SKILLYNTRA prototype; not live job-posting data.
SKL100539,Embedded Systems Engineer,Electronics & Embedded,CoreStack,Delhi,Delhi,Full-time,Senior,7.2,9.6,4,6,Develop firmware and embedded applications for microcontrollers and connected devices. The role is based in Delhi and works with cross-functional teams.,"Pandas, Manufacturing, C, C++, RTOS, Microcontrollers, Git, Embedded Systems",8,Synthetic demo data,Generated for SKILLYNTRA prototype; not live job-posting data.
SKL100540,HR Analyst,HR & Operations,Apex Digital,Hyderabad,Telangana,Contract,Junior,8.0,9.4,1,5,"Analyze workforce data, prepare HR reports, and support evidence-based people and talent decisions. The role is based in Hyderabad and works with cross-functional teams.","Power BI, Excel, Data Analysis, HR Analytics, Communication",5,Synthetic demo data,Generated for SKILLYNTRA prototype; not live job-posting data.
SKL100541,AI Engineer,AI & Machine Learning,BluePeak Consulting,Thane,Maharashtra,Contract,Senior,18.3,22.3,4,8,"Develop and deploy AI solutions, integrate machine-learning models into applications, and improve production performance. The role is based in Thane and works with cross-functional teams.","HR Analytics, Python, Deep Learning, TensorFlow, Machine Learning, PyTorch, SQL, HTML",8,Synthetic demo data,Generated for SKILLYNTRA prototype; not live job-posting data.
SKL100542,Automation Engineer,Engineering & Automation,BluePeak Consulting,Nashik,Maharashtra,Full-time,Senior,9.6,12.8,4,5,"Design and maintain industrial automation systems, PLC programs, sensors, and control workflows. The role is based in Nashik and works with cross-functional teams.","IoT, Python, PLC, Industrial Automation, SCADA, Sensors",6,Synthetic demo data,Generated for SKILLYNTRA prototype; not live job-posting data.
SKL100543,Machine Learning Engineer,AI & Machine Learning,InsightWorks,Thane,Maharashtra,Contract,Mid Level,13.3,14.9,3,4,"Develop, test, deploy, and maintain machine-learning pipelines and production models. The role is based in Thane and works with cross-functional teams.","Machine Learning, Docker, PyTorch, Python, TensorFlow, Excel, Scikit-learn",7,Synthetic demo data,Generated for SKILLYNTRA prototype; not live job-posting data.
SKL100544,Data Scientist,AI & Data,FutureGrid,Kolkata,West Bengal,Contract,Mid Level,7.8,12.5,3,5,"Build statistical and machine-learning models, prepare datasets, evaluate model performance, and communicate findings. The role is based in Kolkata and works with cross-functional teams.","SQL, Statistics, Scikit-learn, Machine Learning, Pandas, Python",6,Synthetic demo data,Generated for SKILLYNTRA prototype; not live job-posting data.
SKL100545,Industrial AI Engineer,Engineering & AI,FutureGrid,Delhi,Delhi,Contract,Senior,15.9,20.8,5,9,"Apply AI and computer vision to industrial processes, sensor data, and intelligent automation systems. The role is based in Delhi and works with cross-functional teams.","Python, Computer Vision, IoT, SIEM, Machine Learning, Industrial AI, SQL",7,Synthetic demo data,Generated for SKILLYNTRA prototype; not live job-posting data.
SKL100546,Automation Engineer,Engineering & Automation,SmartFab Technologies,Nashik,Maharashtra,Full-time,Entry Level,7.1,12.6,0,4,"Design and maintain industrial automation systems, PLC programs, sensors, and control workflows. The role is based in Nashik and works with cross-functional teams.","SCADA, Kubernetes, Python, Industrial Automation, IoT, Sensors, PLC",7,Synthetic demo data,Generated for SKILLYNTRA prototype; not live job-posting data.
SKL100547,Data Analyst,Data & Analytics,FutureGrid,Delhi,Delhi,Full-time,Senior,6.7,8.1,4,5,"Analyze business data, build dashboards, identify trends, and communicate actionable insights to stakeholders. The role is based in Delhi and works with cross-functional teams.","Data Visualization, MATLAB, Power BI, Excel, SQL, Kubernetes, Statistics, Python",8,Synthetic demo data,Generated for SKILLYNTRA prototype; not live job-posting data.
SKL100548,EV Data Analyst,Automotive & EV,TechNova Solutions,Nashik,Maharashtra,Contract,Mid Level,6.0,10.5,2,4,"Analyze electric-vehicle data, create dashboards, and identify operational and market trends. The role is based in Nashik and works with cross-functional teams.","Power BI, SQL, Azure, Incident Response, Python, EV Analytics, Statistics, Excel",8,Synthetic demo data,Generated for SKILLYNTRA prototype; not live job-posting data.
SKL100549,Full Stack Developer,Software & IT,TechNova Solutions,Bengaluru,Karnataka,Full-time,Senior,8.1,9.6,4,7,Build responsive web applications across frontend and backend services and integrate APIs and databases. The role is based in Bengaluru and works with cross-functional teams.,"Git, SQL, JavaScript, CSS, Node.js, React, HTML",7,Synthetic demo data,Generated for SKILLYNTRA prototype; not live job-posting data.
SKL100550,Software Engineer,Software & IT,Prime Automation,Aurangabad,Maharashtra,Full-time,Senior,5.6,11.4,5,7,"Design, develop, test, and maintain software services while collaborating with engineering teams. The role is based in Aurangabad and works with cross-functional teams.","Git, REST API, Java, SQL, Data Structures, Python",6,Synthetic demo data,Generated for SKILLYNTRA prototype; not live job-posting data.
SKL100551,Software Engineer,Software & IT,SmartFab Technologies,Bengaluru,Karnataka,Full-time,Mid Level,14.4,19.9,2,6,"Design, develop, test, and maintain software services while collaborating with engineering teams. The role is based in Bengaluru and works with cross-functional teams.","Python, SQL, Git, REST API, Data Structures, Java",6,Synthetic demo data,Generated for SKILLYNTRA prototype; not live job-posting data.
SKL100552,Cybersecurity Analyst,Cybersecurity,SmartFab Technologies,Pune,Maharashtra,Full-time,Mid Level,4.6,5.7,3,7,"Monitor security events, investigate incidents, assess risks, and support security controls. The role is based in Pune and works with cross-functional teams.","Linux, Communication, SIEM, Statistics, Incident Response, Python, Networking, Cybersecurity",8,Synthetic demo data,Generated for SKILLYNTRA prototype; not live job-posting data.
SKL100553,Embedded Systems Engineer,Electronics & Embedded,VisionEdge,Bengaluru,Karnataka,Contract,Entry Level,11.0,12.8,0,2,Develop firmware and embedded applications for microcontrollers and connected devices. The role is based in Bengaluru and works with cross-functional teams.,"C++, Embedded Systems, C, Git, CSS, React, RTOS, Microcontrollers",8,Synthetic demo data,Generated for SKILLYNTRA prototype; not live job-posting data.
SKL100554,Electronics Engineer,Electronics & Embedded,Nova Mobility,Aurangabad,Maharashtra,Full-time,Entry Level,9.6,13.0,0,1,"Design, test, and troubleshoot electronic systems, PCBs, and embedded hardware. The role is based in Aurangabad and works with cross-functional teams.","C, MATLAB, Circuit Design, SIEM, Embedded Systems, Testing, PCB Design, Data Structures",8,Synthetic demo data,Generated for SKILLYNTRA prototype; not live job-posting data.
SKL100555,Product Manager,Product & Business,InnoSoft,Mumbai,Maharashtra,Full-time,Senior,17.8,22.4,7,8,"Define product priorities, analyze user and market needs, coordinate teams, and measure product outcomes. The role is based in Mumbai and works with cross-functional teams.","Product Management, Communication, Sensors, Agile, Analytics, Market Research, SQL",7,Synthetic demo data,Generated for SKILLYNTRA prototype; not live job-posting data.
SKL100556,Automation Engineer,Engineering & Automation,CloudSphere,Aurangabad,Maharashtra,Full-time,Senior,6.7,10.0,5,8,"Design and maintain industrial automation systems, PLC programs, sensors, and control workflows. The role is based in Aurangabad and works with cross-functional teams.","SCADA, AWS, Docker, IoT, Python, PLC, Sensors, Industrial Automation",8,Synthetic demo data,Generated for SKILLYNTRA prototype; not live job-posting data.
SKL100557,Mechanical Design Engineer,Engineering & Manufacturing,AutoNext,Chennai,Tamil Nadu,Full-time,Mid Level,8.6,12.9,3,4,"Create and validate mechanical designs, prepare CAD models and drawings, and support manufacturing. The role is based in Chennai and works with cross-functional teams.","SolidWorks, Mechanical Design, GD&T, CAD, AutoCAD, Manufacturing",6,Synthetic demo data,Generated for SKILLYNTRA prototype; not live job-posting data.
SKL100558,Game Developer,Gaming & Interactive,SkillTech,Jaipur,Rajasthan,Full-time,Mid Level,5.6,10.4,2,6,"Develop gameplay systems, implement mechanics, optimize performance, and collaborate with design teams. The role is based in Jaipur and works with cross-functional teams.","3D Mathematics, AWS, Git, C++, Game Development, Unity, C#, CAD",8,Synthetic demo data,Generated for SKILLYNTRA prototype; not live job-posting data.
SKL100559,HR Analyst,HR & Operations,NextGen Analytics,Nagpur,Maharashtra,Full-time,Senior,7.9,10.0,4,7,"Analyze workforce data, prepare HR reports, and support evidence-based people and talent decisions. The role is based in Nagpur and works with cross-functional teams.","Communication, Data Analysis, HR Analytics, Testing, Excel, Power BI",6,Synthetic demo data,Generated for SKILLYNTRA prototype; not live job-posting data.
SKL100560,Cloud Engineer,Cloud & DevOps,InnoSoft,Jaipur,Rajasthan,Full-time,Junior,12.3,15.7,1,4,"Design and maintain cloud infrastructure, automate deployments, and improve reliability and scalability. The role is based in Jaipur and works with cross-functional teams.","Pandas, CI/CD, Docker, Computer Vision, Azure, Kubernetes, AWS, Linux",8,Synthetic demo data,Generated for SKILLYNTRA prototype; not live job-posting data.
SKL100561,Predictive Maintenance Engineer,Engineering & Manufacturing,DataBridge,Gurugram,Haryana,Full-time,Junior,13.9,18.4,1,2,Use machine and sensor data to identify failure patterns and improve maintenance planning. The role is based in Gurugram and works with cross-functional teams.,"Predictive Maintenance, PLC, IoT, Machine Learning, Market Research, Sensor Analytics, Python, Cybersecurity",8,Synthetic demo data,Generated for SKILLYNTRA prototype; not live job-posting data.
SKL100562,Machine Learning Engineer,AI & Machine Learning,BluePeak Consulting,Noida,Uttar Pradesh,Full-time,Senior,11.3,16.1,4,8,"Develop, test, deploy, and maintain machine-learning pipelines and production models. The role is based in Noida and works with cross-functional teams.","Docker, Machine Learning, Python, Scikit-learn, Communication, Analytics, TensorFlow, PyTorch",8,Synthetic demo data,Generated for SKILLYNTRA prototype; not live job-posting data.
SKL100563,Business Analyst,Business & Analytics,InsightWorks,Mumbai,Maharashtra,Full-time,Entry Level,11.8,14.9,0,2,"Gather business requirements, analyze operational data, create reports, and support decision-making. The role is based in Mumbai and works with cross-functional teams.","SQL, Power BI, Business Analysis, Communication, Statistics, Excel",6,Synthetic demo data,Generated for SKILLYNTRA prototype; not live job-posting data.
SKL100564,Machine Learning Engineer,AI & Machine Learning,AutoNext,Pune,Maharashtra,Full-time,Senior,14.1,18.2,4,5,"Develop, test, deploy, and maintain machine-learning pipelines and production models. The role is based in Pune and works with cross-functional teams.","SCADA, Docker, PyTorch, TensorFlow, Python, Machine Learning, Scikit-learn",7,Synthetic demo data,Generated for SKILLYNTRA prototype; not live job-posting data.
SKL100565,Business Analyst,Business & Analytics,CloudSphere,Chennai,Tamil Nadu,Contract,Entry Level,10.1,14.2,0,4,"Gather business requirements, analyze operational data, create reports, and support decision-making. The role is based in Chennai and works with cross-functional teams.","Excel, Communication, Statistics, C#, Power BI, Business Analysis, Azure, SQL",8,Synthetic demo data,Generated for SKILLYNTRA prototype; not live job-posting data.
SKL100566,Data Scientist,AI & Data,SkillTech,Aurangabad,Maharashtra,Full-time,Senior,7.0,8.3,4,5,"Build statistical and machine-learning models, prepare datasets, evaluate model performance, and communicate findings. The role is based in Aurangabad and works with cross-functional teams.","Scikit-learn, SQL, Python, Pandas, Statistics, Machine Learning",6,Synthetic demo data,Generated for SKILLYNTRA prototype; not live job-posting data.
SKL100567,Electronics Engineer,Electronics & Embedded,SkillTech,Ahmedabad,Gujarat,Full-time,Entry Level,6.0,11.0,0,4,"Design, test, and troubleshoot electronic systems, PCBs, and embedded hardware. The role is based in Ahmedabad and works with cross-functional teams.","C, Embedded Systems, PCB Design, MATLAB, Circuit Design, Microcontrollers, Business Analysis, Testing",8,Synthetic demo data,Generated for SKILLYNTRA prototype; not live job-posting data.
SKL100568,Machine Learning Engineer,AI & Machine Learning,TechNova Solutions,Mumbai,Maharashtra,Full-time,Senior,14.1,19.3,5,6,"Develop, test, deploy, and maintain machine-learning pipelines and production models. The role is based in Mumbai and works with cross-functional teams.","Machine Learning, C#, Python, Mechanical Design, Docker, TensorFlow, Scikit-learn, PyTorch",8,Synthetic demo data,Generated for SKILLYNTRA prototype; not live job-posting data.
SKL100569,Data Scientist,AI & Data,IndusWorks,Pune,Maharashtra,Full-time,Mid Level,11.1,15.4,3,7,"Build statistical and machine-learning models, prepare datasets, evaluate model performance, and communicate findings. The role is based in Pune and works with cross-functional teams.","Python, Machine Learning, Statistics, Scikit-learn, SQL, Data Visualization, Pandas",7,Synthetic demo data,Generated for SKILLYNTRA prototype; not live job-posting data.
SKL100570,Product Manager,Product & Business,TechNova Solutions,Thane,Maharashtra,Full-time,Senior,7.7,11.3,6,8,"Define product priorities, analyze user and market needs, coordinate teams, and measure product outcomes. The role is based in Thane and works with cross-functional teams.","Azure, SQL, Product Management, Analytics, Communication, Market Research, Agile, Scikit-learn",8,Synthetic demo data,Generated for SKILLYNTRA prototype; not live job-posting data.
SKL100571,Industrial AI Engineer,Engineering & AI,VisionEdge,Gurugram,Haryana,Full-time,Senior,15.4,19.2,5,8,"Apply AI and computer vision to industrial processes, sensor data, and intelligent automation systems. The role is based in Gurugram and works with cross-functional teams.","Industrial AI, SQL, Python, Machine Learning, Microcontrollers, Computer Vision, IoT",7,Synthetic demo data,Generated for SKILLYNTRA prototype; not live job-posting data.
SKL100572,Industrial AI Engineer,Engineering & AI,TechNova Solutions,Nagpur,Maharashtra,Full-time,Senior,13.6,17.0,6,8,"Apply AI and computer vision to industrial processes, sensor data, and intelligent automation systems. The role is based in Nagpur and works with cross-functional teams.","Python, SQL, Industrial AI, IoT, Computer Vision, Machine Learning",6,Synthetic demo data,Generated for SKILLYNTRA prototype; not live job-posting data.
SKL100573,Game Developer,Gaming & Interactive,TechNova Solutions,Nashik,Maharashtra,Full-time,Mid Level,4.7,5.8,2,3,"Develop gameplay systems, implement mechanics, optimize performance, and collaborate with design teams. The role is based in Nashik and works with cross-functional teams.","Git, 3D Mathematics, C++, Game Development, C#, Unity",6,Synthetic demo data,Generated for SKILLYNTRA prototype; not live job-posting data.
SKL100574,Data Analyst,Data & Analytics,Vertex Systems,Nagpur,Maharashtra,Full-time,Mid Level,4.6,6.9,2,4,"Analyze business data, build dashboards, identify trends, and communicate actionable insights to stakeholders. The role is based in Nagpur and works with cross-functional teams.","Excel, Data Visualization, Python, SQL, Statistics, Power BI",6,Synthetic demo data,Generated for SKILLYNTRA prototype; not live job-posting data.
SKL100575,Full Stack Developer,Software & IT,DataBridge,Jaipur,Rajasthan,Full-time,Entry Level,12.4,14.1,0,1,Build responsive web applications across frontend and backend services and integrate APIs and databases. The role is based in Jaipur and works with cross-functional teams.,"JavaScript, RTOS, HTML, Git, SQL, Node.js, SolidWorks, CSS, React",9,Synthetic demo data,Generated for SKILLYNTRA prototype; not live job-posting data.
SKL100576,Predictive Maintenance Engineer,Engineering & Manufacturing,SkillTech,Ahmedabad,Gujarat,Full-time,Mid Level,5.6,11.0,3,4,Use machine and sensor data to identify failure patterns and improve maintenance planning. The role is based in Ahmedabad and works with cross-functional teams.,"Python, Predictive Maintenance, Machine Learning, Sensor Analytics, PLC, IoT",6,Synthetic demo data,Generated for SKILLYNTRA prototype; not live job-posting data.
SKL100577,Electronics Engineer,Electronics & Embedded,CloudSphere,Bengaluru,Karnataka,Full-time,Entry Level,9.1,11.5,0,2,"Design, test, and troubleshoot electronic systems, PCBs, and embedded hardware. The role is based in Bengaluru and works with cross-functional teams.","MATLAB, C, Testing, Circuit Design, Embedded Systems, PCB Design",6,Synthetic demo data,Generated for SKILLYNTRA prototype; not live job-posting data.
SKL100578,Predictive Maintenance Engineer,Engineering & Manufacturing,AutoNext,Delhi,Delhi,Full-time,Junior,12.0,16.9,1,2,Use machine and sensor data to identify failure patterns and improve maintenance planning. The role is based in Delhi and works with cross-functional teams.,"Python, Sensor Analytics, IoT, Machine Learning, Predictive Maintenance, PLC, CAD, AutoCAD",8,Synthetic demo data,Generated for SKILLYNTRA prototype; not live job-posting data.
SKL100579,Business Analyst,Business & Analytics,Quantix Labs,Gurugram,Haryana,Full-time,Senior,9.7,13.2,4,8,"Gather business requirements, analyze operational data, create reports, and support decision-making. The role is based in Gurugram and works with cross-functional teams.","Excel, Power BI, Manufacturing, SQL, Communication, Statistics, Business Analysis",7,Synthetic demo data,Generated for SKILLYNTRA prototype; not live job-posting data.
SKL100580,Automation Engineer,Engineering & Automation,CloudSphere,Jaipur,Rajasthan,Contract,Mid Level,6.4,11.9,3,5,"Design and maintain industrial automation systems, PLC programs, sensors, and control workflows. The role is based in Jaipur and works with cross-functional teams.","CAD, IoT, TensorFlow, SCADA, PLC, Python, Industrial Automation, Sensors",8,Synthetic demo data,Generated for SKILLYNTRA prototype; not live job-posting data.
SKL100581,Predictive Maintenance Engineer,Engineering & Manufacturing,CloudSphere,Thane,Maharashtra,Full-time,Senior,8.9,13.0,4,5,Use machine and sensor data to identify failure patterns and improve maintenance planning. The role is based in Thane and works with cross-functional teams.,"Python, Predictive Maintenance, IoT, Machine Learning, PLC, HR Analytics, Sensor Analytics",7,Synthetic demo data,Generated for SKILLYNTRA prototype; not live job-posting data.
SKL100582,Game Developer,Gaming & Interactive,Nova Mobility,Pune,Maharashtra,Full-time,Mid Level,6.4,7.8,3,5,"Develop gameplay systems, implement mechanics, optimize performance, and collaborate with design teams. The role is based in Pune and works with cross-functional teams.","3D Mathematics, Game Development, Unity, C++, Git, C#",6,Synthetic demo data,Generated for SKILLYNTRA prototype; not live job-posting data.
SKL100583,Machine Learning Engineer,AI & Machine Learning,Quantix Labs,Mumbai,Maharashtra,Full-time,Junior,11.0,15.4,1,3,"Develop, test, deploy, and maintain machine-learning pipelines and production models. The role is based in Mumbai and works with cross-functional teams.","TensorFlow, Python, PyTorch, Machine Learning, Scikit-learn, Data Visualization, Docker",7,Synthetic demo data,Generated for SKILLYNTRA prototype; not live job-posting data.
SKL100584,Data Analyst,Data & Analytics,FutureGrid,Ahmedabad,Gujarat,Contract,Mid Level,7.4,10.4,2,5,"Analyze business data, build dashboards, identify trends, and communicate actionable insights to stakeholders. The role is based in Ahmedabad and works with cross-functional teams.","SQL, React, Power BI, Excel, Python, Data Visualization, Statistics",7,Synthetic demo data,Generated for SKILLYNTRA prototype; not live job-posting data.
SKL100585,DevOps Engineer,Cloud & DevOps,Vertex Systems,Nagpur,Maharashtra,Contract,Senior,12.2,17.1,4,6,"Automate software delivery, maintain CI/CD pipelines, monitor systems, and improve deployment reliability. The role is based in Nagpur and works with cross-functional teams.","CI/CD, Git, Docker, Linux, Kubernetes, AWS, PyTorch",7,Synthetic demo data,Generated for SKILLYNTRA prototype; not live job-posting data.
SKL100586,Mechanical Design Engineer,Engineering & Manufacturing,VisionEdge,Nagpur,Maharashtra,Full-time,Mid Level,5.9,9.8,3,4,"Create and validate mechanical designs, prepare CAD models and drawings, and support manufacturing. The role is based in Nagpur and works with cross-functional teams.","Manufacturing, SolidWorks, Mechanical Design, CAD, AutoCAD, GD&T",6,Synthetic demo data,Generated for SKILLYNTRA prototype; not live job-posting data.
SKL100587,DevOps Engineer,Cloud & DevOps,Prime Automation,Bengaluru,Karnataka,Full-time,Senior,15.2,19.6,6,10,"Automate software delivery, maintain CI/CD pipelines, monitor systems, and improve deployment reliability. The role is based in Bengaluru and works with cross-functional teams.","Docker, Kubernetes, AWS, Git, Embedded Systems, Linux, CI/CD",7,Synthetic demo data,Generated for SKILLYNTRA prototype; not live job-posting data.
SKL100588,Embedded Systems Engineer,Electronics & Embedded,SkillTech,Noida,Uttar Pradesh,Contract,Senior,12.8,14.8,4,8,Develop firmware and embedded applications for microcontrollers and connected devices. The role is based in Noida and works with cross-functional teams.,"Embedded Systems, AutoCAD, C, Git, C++, Microcontrollers, RTOS",7,Synthetic demo data,Generated for SKILLYNTRA prototype; not live job-posting data.
SKL100589,Product Manager,Product & Business,Nova Mobility,Mumbai,Maharashtra,Full-time,Mid Level,7.4,11.9,2,4,"Define product priorities, analyze user and market needs, coordinate teams, and measure product outcomes. The role is based in Mumbai and works with cross-functional teams.","Agile, Analytics, Communication, SQL, Product Management, AWS, Market Research",7,Synthetic demo data,Generated for SKILLYNTRA prototype; not live job-posting data.
SKL100590,Product Manager,Product & Business,BluePeak Consulting,Noida,Uttar Pradesh,Full-time,Mid Level,7.7,11.3,2,6,"Define product priorities, analyze user and market needs, coordinate teams, and measure product outcomes. The role is based in Noida and works with cross-functional teams.","Market Research, Communication, Product Management, Analytics, SQL, Agile",6,Synthetic demo data,Generated for SKILLYNTRA prototype; not live job-posting data.
SKL100591,EV Data Analyst,Automotive & EV,AutoNext,Bengaluru,Karnataka,Full-time,Senior,7.1,12.6,5,6,"Analyze electric-vehicle data, create dashboards, and identify operational and market trends. The role is based in Bengaluru and works with cross-functional teams.","Python, Statistics, EV Analytics, Power BI, Excel, SQL",6,Synthetic demo data,Generated for SKILLYNTRA prototype; not live job-posting data.
SKL100592,Electronics Engineer,Electronics & Embedded,FutureGrid,Delhi,Delhi,Full-time,Senior,6.8,11.2,4,6,"Design, test, and troubleshoot electronic systems, PCBs, and embedded hardware. The role is based in Delhi and works with cross-functional teams.","PCB Design, C, Testing, Communication, MATLAB, Embedded Systems, Circuit Design",7,Synthetic demo data,Generated for SKILLYNTRA prototype; not live job-posting data.
SKL100593,Embedded Systems Engineer,Electronics & Embedded,AutoNext,Kolkata,West Bengal,Contract,Mid Level,9.2,13.9,3,7,Develop firmware and embedded applications for microcontrollers and connected devices. The role is based in Kolkata and works with cross-functional teams.,"C++, C, RTOS, PCB Design, Git, Embedded Systems, Microcontrollers",7,Synthetic demo data,Generated for SKILLYNTRA prototype; not live job-posting data.
SKL100594,DevOps Engineer,Cloud & DevOps,SkillTech,Nashik,Maharashtra,Full-time,Senior,11.5,17.0,6,10,"Automate software delivery, maintain CI/CD pipelines, monitor systems, and improve deployment reliability. The role is based in Nashik and works with cross-functional teams.","Kubernetes, AWS, Docker, Linux, CI/CD, Git",6,Synthetic demo data,Generated for SKILLYNTRA prototype; not live job-posting data.
SKL100595,Full Stack Developer,Software & IT,CoreStack,Aurangabad,Maharashtra,Full-time,Mid Level,11.1,15.7,2,3,Build responsive web applications across frontend and backend services and integrate APIs and databases. The role is based in Aurangabad and works with cross-functional teams.,"Node.js, CSS, React, JavaScript, HTML, Git, SQL",7,Synthetic demo data,Generated for SKILLYNTRA prototype; not live job-posting data.
SKL100596,Predictive Maintenance Engineer,Engineering & Manufacturing,SmartFab Technologies,Ahmedabad,Gujarat,Contract,Mid Level,6.1,8.1,3,7,Use machine and sensor data to identify failure patterns and improve maintenance planning. The role is based in Ahmedabad and works with cross-functional teams.,"PLC, IoT, Machine Learning, Predictive Maintenance, Python, Sensor Analytics",6,Synthetic demo data,Generated for SKILLYNTRA prototype; not live job-posting data.
SKL100597,Business Analyst,Business & Analytics,InnoSoft,Gurugram,Haryana,Full-time,Junior,4.3,6.6,1,5,"Gather business requirements, analyze operational data, create reports, and support decision-making. The role is based in Gurugram and works with cross-functional teams.","Power BI, SQL, Excel, Communication, Business Analysis, SolidWorks, C++, Statistics",8,Synthetic demo data,Generated for SKILLYNTRA prototype; not live job-posting data.
SKL100598,EV Data Analyst,Automotive & EV,CloudSphere,Noida,Uttar Pradesh,Full-time,Senior,5.1,10.2,5,9,"Analyze electric-vehicle data, create dashboards, and identify operational and market trends. The role is based in Noida and works with cross-functional teams.","Power BI, Excel, Statistics, EV Analytics, Python, SQL",6,Synthetic demo data,Generated for SKILLYNTRA prototype; not live job-posting data.
SKL100599,EV Data Analyst,Automotive & EV,InnoSoft,Gurugram,Haryana,Full-time,Junior,9.4,10.4,1,2,"Analyze electric-vehicle data, create dashboards, and identify operational and market trends. The role is based in Gurugram and works with cross-functional teams.","C++, Python, Excel, EV Analytics, SQL, Power BI, Statistics",7,Synthetic demo data,Generated for SKILLYNTRA prototype; not live job-posting data.
SKL100600,Automation Engineer,Engineering & Automation,MahaTech Industries,Gurugram,Haryana,Full-time,Senior,7.1,9.7,5,6,"Design and maintain industrial automation systems, PLC programs, sensors, and control workflows. The role is based in Gurugram and works with cross-functional teams.","Industrial Automation, IoT, SCADA, Sensors, PLC, Python",6,Synthetic demo data,Generated for SKILLYNTRA prototype; not live job-posting data.
SKL100601,HR Analyst,HR & Operations,CloudSphere,Kolkata,West Bengal,Full-time,Junior,3.1,4.2,1,2,"Analyze workforce data, prepare HR reports, and support evidence-based people and talent decisions. The role is based in Kolkata and works with cross-functional teams.","Communication, Excel, Data Analysis, HR Analytics, Power BI",5,Synthetic demo data,Generated for SKILLYNTRA prototype; not live job-posting data.
SKL100602,Machine Learning Engineer,AI & Machine Learning,Nova Mobility,Ahmedabad,Gujarat,Contract,Senior,7.5,11.1,6,8,"Develop, test, deploy, and maintain machine-learning pipelines and production models. The role is based in Ahmedabad and works with cross-functional teams.","Python, TensorFlow, Scikit-learn, Deep Learning, Machine Learning, Docker, PyTorch",7,Synthetic demo data,Generated for SKILLYNTRA prototype; not live job-posting data.
SKL100603,Machine Learning Engineer,AI & Machine Learning,Vertex Systems,Nagpur,Maharashtra,Full-time,Junior,10.9,12.0,1,4,"Develop, test, deploy, and maintain machine-learning pipelines and production models. The role is based in Nagpur and works with cross-functional teams.","Docker, PyTorch, Scikit-learn, Python, 3D Mathematics, TensorFlow, Machine Learning, Deep Learning",8,Synthetic demo data,Generated for SKILLYNTRA prototype; not live job-posting data.
SKL100604,Data Scientist,AI & Data,Vertex Systems,Mumbai,Maharashtra,Full-time,Senior,13.7,17.2,4,7,"Build statistical and machine-learning models, prepare datasets, evaluate model performance, and communicate findings. The role is based in Mumbai and works with cross-functional teams.","Machine Learning, Python, Statistics, SQL, Pandas, Scikit-learn",6,Synthetic demo data,Generated for SKILLYNTRA prototype; not live job-posting data.
SKL100605,Game Developer,Gaming & Interactive,IndusWorks,Noida,Uttar Pradesh,Contract,Mid Level,9.7,15.1,2,4,"Develop gameplay systems, implement mechanics, optimize performance, and collaborate with design teams. The role is based in Noida and works with cross-functional teams.","SQL, Unity, Git, C#, C++, Game Development, 3D Mathematics",7,Synthetic demo data,Generated for SKILLYNTRA prototype; not live job-posting data.
SKL100606,Predictive Maintenance Engineer,Engineering & Manufacturing,CloudSphere,Noida,Uttar Pradesh,Full-time,Senior,6.7,10.8,4,5,Use machine and sensor data to identify failure patterns and improve maintenance planning. The role is based in Noida and works with cross-functional teams.,"Predictive Maintenance, PLC, Python, Sensor Analytics, IoT, Machine Learning",6,Synthetic demo data,Generated for SKILLYNTRA prototype; not live job-posting data.
SKL100607,Software Engineer,Software & IT,AutoNext,Thane,Maharashtra,Full-time,Mid Level,6.5,8.5,2,4,"Design, develop, test, and maintain software services while collaborating with engineering teams. The role is based in Thane and works with cross-functional teams.","Python, Data Structures, SQL, Git, REST API, Java",6,Synthetic demo data,Generated for SKILLYNTRA prototype; not live job-posting data.
SKL100608,Cybersecurity Analyst,Cybersecurity,MahaTech Industries,Thane,Maharashtra,Full-time,Senior,9.8,12.3,4,8,"Monitor security events, investigate incidents, assess risks, and support security controls. The role is based in Thane and works with cross-functional teams.","Incident Response, SIEM, Cybersecurity, Python, Networking, Linux",6,Synthetic demo data,Generated for SKILLYNTRA prototype; not live job-posting data.
SKL100609,DevOps Engineer,Cloud & DevOps,CloudSphere,Ahmedabad,Gujarat,Full-time,Senior,12.3,14.2,5,9,"Automate software delivery, maintain CI/CD pipelines, monitor systems, and improve deployment reliability. The role is based in Ahmedabad and works with cross-functional teams.","AWS, Kubernetes, CI/CD, Git, 3D Mathematics, Docker, Linux, Azure",8,Synthetic demo data,Generated for SKILLYNTRA prototype; not live job-posting data.
SKL100610,Full Stack Developer,Software & IT,CoreStack,Delhi,Delhi,Full-time,Junior,9.3,12.5,1,3,Build responsive web applications across frontend and backend services and integrate APIs and databases. The role is based in Delhi and works with cross-functional teams.,"HTML, Deep Learning, JavaScript, SQL, Git, React, CSS, Node.js",8,Synthetic demo data,Generated for SKILLYNTRA prototype; not live job-posting data.
SKL100611,Product Manager,Product & Business,VisionEdge,Delhi,Delhi,Contract,Senior,10.5,15.4,7,9,"Define product priorities, analyze user and market needs, coordinate teams, and measure product outcomes. The role is based in Delhi and works with cross-functional teams.","Communication, Market Research, Product Management, Analytics, SQL, Agile",6,Synthetic demo data,Generated for SKILLYNTRA prototype; not live job-posting data.
SKL100612,Mechanical Design Engineer,Engineering & Manufacturing,SkillTech,Chennai,Tamil Nadu,Full-time,Senior,8.4,13.5,5,9,"Create and validate mechanical designs, prepare CAD models and drawings, and support manufacturing. The role is based in Chennai and works with cross-functional teams.","GD&T, Manufacturing, SolidWorks, AutoCAD, Mechanical Design, CAD, AWS",7,Synthetic demo data,Generated for SKILLYNTRA prototype; not live job-posting data.
SKL100613,Cybersecurity Analyst,Cybersecurity,VisionEdge,Bengaluru,Karnataka,Full-time,Mid Level,6.5,10.4,2,6,"Monitor security events, investigate incidents, assess risks, and support security controls. The role is based in Bengaluru and works with cross-functional teams.","Python, AutoCAD, Cybersecurity, Incident Response, SIEM, Linux, Networking",7,Synthetic demo data,Generated for SKILLYNTRA prototype; not live job-posting data.
SKL100614,Data Analyst,Data & Analytics,BluePeak Consulting,Jaipur,Rajasthan,Contract,Mid Level,5.5,8.6,2,6,"Analyze business data, build dashboards, identify trends, and communicate actionable insights to stakeholders. The role is based in Jaipur and works with cross-functional teams.","SQL, Python, Statistics, Predictive Maintenance, Data Visualization, Excel, Power BI",7,Synthetic demo data,Generated for SKILLYNTRA prototype; not live job-posting data.
SKL100615,Data Scientist,AI & Data,Apex Digital,Kolkata,West Bengal,Full-time,Senior,7.9,11.1,4,6,"Build statistical and machine-learning models, prepare datasets, evaluate model performance, and communicate findings. The role is based in Kolkata and works with cross-functional teams.","Python, SQL, Pandas, Statistics, Machine Learning, Scikit-learn, Product Management",7,Synthetic demo data,Generated for SKILLYNTRA prototype; not live job-posting data.
SKL100616,Game Developer,Gaming & Interactive,Prime Automation,Kolkata,West Bengal,Full-time,Senior,6.2,7.4,5,7,"Develop gameplay systems, implement mechanics, optimize performance, and collaborate with design teams. The role is based in Kolkata and works with cross-functional teams.","Git, C#, Game Development, Unity, C++, Node.js, 3D Mathematics",7,Synthetic demo data,Generated for SKILLYNTRA prototype; not live job-posting data.
SKL100617,Cybersecurity Analyst,Cybersecurity,SkillTech,Nagpur,Maharashtra,Contract,Senior,4.1,9.0,4,6,"Monitor security events, investigate incidents, assess risks, and support security controls. The role is based in Nagpur and works with cross-functional teams.","Linux, Statistics, Networking, Cybersecurity, Python, Incident Response, SIEM, Power BI",8,Synthetic demo data,Generated for SKILLYNTRA prototype; not live job-posting data.
SKL100618,Full Stack Developer,Software & IT,Prime Automation,Jaipur,Rajasthan,Full-time,Mid Level,9.3,12.9,2,5,Build responsive web applications across frontend and backend services and integrate APIs and databases. The role is based in Jaipur and works with cross-functional teams.,"Git, React, Node.js, Market Research, JavaScript, SQL, CSS, HTML",8,Synthetic demo data,Generated for SKILLYNTRA prototype; not live job-posting data.
SKL100619,Cybersecurity Analyst,Cybersecurity,Vertex Systems,Gurugram,Haryana,Contract,Senior,10.3,11.3,5,9,"Monitor security events, investigate incidents, assess risks, and support security controls. The role is based in Gurugram and works with cross-functional teams.","Networking, Linux, Incident Response, Python, Cybersecurity, SIEM",6,Synthetic demo data,Generated for SKILLYNTRA prototype; not live job-posting data.
SKL100620,Product Manager,Product & Business,Prime Automation,Gurugram,Haryana,Full-time,Mid Level,11.9,16.4,3,5,"Define product priorities, analyze user and market needs, coordinate teams, and measure product outcomes. The role is based in Gurugram and works with cross-functional teams.","Agile, Communication, Analytics, Product Management, Market Research, SQL",6,Synthetic demo data,Generated for SKILLYNTRA prototype; not live job-posting data.
SKL100621,Cloud Engineer,Cloud & DevOps,Nova Mobility,Pune,Maharashtra,Contract,Mid Level,16.8,22.2,2,5,"Design and maintain cloud infrastructure, automate deployments, and improve reliability and scalability. The role is based in Pune and works with cross-functional teams.","Linux, Docker, PCB Design, CI/CD, Azure, AWS, Kubernetes",7,Synthetic demo data,Generated for SKILLYNTRA prototype; not live job-posting data.
SKL100622,Machine Learning Engineer,AI & Machine Learning,NextGen Analytics,Aurangabad,Maharashtra,Full-time,Mid Level,14.0,17.4,3,4,"Develop, test, deploy, and maintain machine-learning pipelines and production models. The role is based in Aurangabad and works with cross-functional teams.","Machine Learning, Docker, TensorFlow, PyTorch, Predictive Maintenance, Scikit-learn, Business Analysis, Python",8,Synthetic demo data,Generated for SKILLYNTRA prototype; not live job-posting data.
SKL100623,Game Developer,Gaming & Interactive,BluePeak Consulting,Delhi,Delhi,Contract,Mid Level,8.3,10.9,2,6,"Develop gameplay systems, implement mechanics, optimize performance, and collaborate with design teams. The role is based in Delhi and works with cross-functional teams.","Game Development, Unity, C++, Git, Excel, 3D Mathematics, C#",7,Synthetic demo data,Generated for SKILLYNTRA prototype; not live job-posting data.
SKL100624,Game Developer,Gaming & Interactive,MahaTech Industries,Delhi,Delhi,Full-time,Mid Level,11.3,12.3,2,5,"Develop gameplay systems, implement mechanics, optimize performance, and collaborate with design teams. The role is based in Delhi and works with cross-functional teams.","Unity, 3D Mathematics, Game Development, Product Management, Incident Response, Git, C++, C#",8,Synthetic demo data,Generated for SKILLYNTRA prototype; not live job-posting data.
SKL100625,Automation Engineer,Engineering & Automation,AutoNext,Delhi,Delhi,Contract,Senior,9.3,10.3,4,8,"Design and maintain industrial automation systems, PLC programs, sensors, and control workflows. The role is based in Delhi and works with cross-functional teams.","IoT, SCADA, Python, Unity, Industrial Automation, Testing, PLC, Sensors",8,Synthetic demo data,Generated for SKILLYNTRA prototype; not live job-posting data.
SKL100626,DevOps Engineer,Cloud & DevOps,AutoNext,Delhi,Delhi,Full-time,Senior,10.2,15.9,4,5,"Automate software delivery, maintain CI/CD pipelines, monitor systems, and improve deployment reliability. The role is based in Delhi and works with cross-functional teams.","Kubernetes, CI/CD, Docker, AWS, Linux, Git, Pandas",7,Synthetic demo data,Generated for SKILLYNTRA prototype; not live job-posting data.
SKL100627,Predictive Maintenance Engineer,Engineering & Manufacturing,InsightWorks,Kolkata,West Bengal,Contract,Senior,5.7,10.7,5,6,Use machine and sensor data to identify failure patterns and improve maintenance planning. The role is based in Kolkata and works with cross-functional teams.,"Machine Learning, Python, SIEM, IoT, Sensor Analytics, Predictive Maintenance, PLC",7,Synthetic demo data,Generated for SKILLYNTRA prototype; not live job-posting data.
SKL100628,EV Data Analyst,Automotive & EV,CloudSphere,Nagpur,Maharashtra,Contract,Junior,10.0,14.3,1,3,"Analyze electric-vehicle data, create dashboards, and identify operational and market trends. The role is based in Nagpur and works with cross-functional teams.","Power BI, SQL, EV Analytics, Excel, Statistics, Python",6,Synthetic demo data,Generated for SKILLYNTRA prototype; not live job-posting data.
SKL100629,Cybersecurity Analyst,Cybersecurity,DataBridge,Nagpur,Maharashtra,Full-time,Senior,12.6,16.9,5,9,"Monitor security events, investigate incidents, assess risks, and support security controls. The role is based in Nagpur and works with cross-functional teams.","SIEM, C#, Python, Linux, Networking, Incident Response, Cybersecurity, TensorFlow",8,Synthetic demo data,Generated for SKILLYNTRA prototype; not live job-posting data.
SKL100630,Game Developer,Gaming & Interactive,InnoSoft,Kolkata,West Bengal,Full-time,Senior,11.3,13.4,5,9,"Develop gameplay systems, implement mechanics, optimize performance, and collaborate with design teams. The role is based in Kolkata and works with cross-functional teams.","3D Mathematics, Unity, Game Development, Git, C++, C#",6,Synthetic demo data,Generated for SKILLYNTRA prototype; not live job-posting data.
SKL100631,Machine Learning Engineer,AI & Machine Learning,Quantix Labs,Delhi,Delhi,Full-time,Mid Level,18.4,22.3,2,5,"Develop, test, deploy, and maintain machine-learning pipelines and production models. The role is based in Delhi and works with cross-functional teams.","PyTorch, Docker, TensorFlow, Machine Learning, Python, Scikit-learn",6,Synthetic demo data,Generated for SKILLYNTRA prototype; not live job-posting data.
SKL100632,HR Analyst,HR & Operations,IndusWorks,Ahmedabad,Gujarat,Full-time,Senior,3.6,4.7,4,6,"Analyze workforce data, prepare HR reports, and support evidence-based people and talent decisions. The role is based in Ahmedabad and works with cross-functional teams.","Excel, Data Analysis, Communication, EV Analytics, Power BI, HR Analytics",6,Synthetic demo data,Generated for SKILLYNTRA prototype; not live job-posting data.
SKL100633,Electronics Engineer,Electronics & Embedded,IndusWorks,Aurangabad,Maharashtra,Full-time,Senior,7.4,9.9,5,6,"Design, test, and troubleshoot electronic systems, PCBs, and embedded hardware. The role is based in Aurangabad and works with cross-functional teams.","Circuit Design, C#, C, PCB Design, MATLAB, Embedded Systems, Testing, Data Visualization",8,Synthetic demo data,Generated for SKILLYNTRA prototype; not live job-posting data.
SKL100634,Business Analyst,Business & Analytics,Vertex Systems,Nashik,Maharashtra,Full-time,Senior,9.6,10.9,5,7,"Gather business requirements, analyze operational data, create reports, and support decision-making. The role is based in Nashik and works with cross-functional teams.","Excel, SQL, Communication, Power BI, Statistics, Business Analysis",6,Synthetic demo data,Generated for SKILLYNTRA prototype; not live job-posting data.
SKL100635,EV Data Analyst,Automotive & EV,SmartFab Technologies,Bengaluru,Karnataka,Contract,Mid Level,11.9,16.7,3,7,"Analyze electric-vehicle data, create dashboards, and identify operational and market trends. The role is based in Bengaluru and works with cross-functional teams.","SQL, Python, Statistics, AutoCAD, Power BI, Excel, EV Analytics",7,Synthetic demo data,Generated for SKILLYNTRA prototype; not live job-posting data.
SKL100636,Machine Learning Engineer,AI & Machine Learning,SmartFab Technologies,Nashik,Maharashtra,Full-time,Senior,17.2,21.7,5,6,"Develop, test, deploy, and maintain machine-learning pipelines and production models. The role is based in Nashik and works with cross-functional teams.","Python, Docker, Scikit-learn, TensorFlow, Microcontrollers, PyTorch, Machine Learning",7,Synthetic demo data,Generated for SKILLYNTRA prototype; not live job-posting data.
SKL100637,Software Engineer,Software & IT,Vertex Systems,Nagpur,Maharashtra,Full-time,Senior,12.4,13.4,5,7,"Design, develop, test, and maintain software services while collaborating with engineering teams. The role is based in Nagpur and works with cross-functional teams.","Scikit-learn, Python, SQL, REST API, Git, Machine Learning, Data Structures, Java",8,Synthetic demo data,Generated for SKILLYNTRA prototype; not live job-posting data.
SKL100638,Machine Learning Engineer,AI & Machine Learning,AutoNext,Thane,Maharashtra,Full-time,Mid Level,8.4,12.0,2,3,"Develop, test, deploy, and maintain machine-learning pipelines and production models. The role is based in Thane and works with cross-functional teams.","PyTorch, Scikit-learn, Python, Docker, MATLAB, Machine Learning, TensorFlow",7,Synthetic demo data,Generated for SKILLYNTRA prototype; not live job-posting data.
SKL100639,Game Developer,Gaming & Interactive,FutureGrid,Hyderabad,Telangana,Full-time,Senior,9.9,12.8,5,7,"Develop gameplay systems, implement mechanics, optimize performance, and collaborate with design teams. The role is based in Hyderabad and works with cross-functional teams.","C++, PLC, Git, C#, 3D Mathematics, Game Development, RTOS, Unity",8,Synthetic demo data,Generated for SKILLYNTRA prototype; not live job-posting data.
SKL100640,Data Analyst,Data & Analytics,Apex Digital,Mumbai,Maharashtra,Contract,Entry Level,5.9,10.3,0,1,"Analyze business data, build dashboards, identify trends, and communicate actionable insights to stakeholders. The role is based in Mumbai and works with cross-functional teams.","Statistics, Communication, Excel, SQL, Python, Data Visualization, Power BI, AWS",8,Synthetic demo data,Generated for SKILLYNTRA prototype; not live job-posting data.
SKL100641,Product Manager,Product & Business,IndusWorks,Delhi,Delhi,Full-time,Mid Level,7.8,13.4,2,5,"Define product priorities, analyze user and market needs, coordinate teams, and measure product outcomes. The role is based in Delhi and works with cross-functional teams.","Market Research, Agile, HR Analytics, Circuit Design, Communication, Analytics, SQL, Product Management",8,Synthetic demo data,Generated for SKILLYNTRA prototype; not live job-posting data.
SKL100642,Machine Learning Engineer,AI & Machine Learning,SkillTech,Nashik,Maharashtra,Full-time,Senior,7.1,10.3,6,8,"Develop, test, deploy, and maintain machine-learning pipelines and production models. The role is based in Nashik and works with cross-functional teams.","TensorFlow, C, Scikit-learn, Docker, PyTorch, Machine Learning, Python",7,Synthetic demo data,Generated for SKILLYNTRA prototype; not live job-posting data.
SKL100643,EV Data Analyst,Automotive & EV,MahaTech Industries,Aurangabad,Maharashtra,Full-time,Entry Level,8.0,10.9,0,1,"Analyze electric-vehicle data, create dashboards, and identify operational and market trends. The role is based in Aurangabad and works with cross-functional teams.","EV Analytics, CAD, Statistics, Excel, HTML, Power BI, SQL, Python",8,Synthetic demo data,Generated for SKILLYNTRA prototype; not live job-posting data.
SKL100644,Embedded Systems Engineer,Electronics & Embedded,SmartFab Technologies,Hyderabad,Telangana,Full-time,Senior,9.5,13.0,4,7,Develop firmware and embedded applications for microcontrollers and connected devices. The role is based in Hyderabad and works with cross-functional teams.,"Embedded Systems, Git, Microcontrollers, RTOS, Business Analysis, PLC, C++, C",8,Synthetic demo data,Generated for SKILLYNTRA prototype; not live job-posting data.
SKL100645,Electronics Engineer,Electronics & Embedded,Vertex Systems,Chennai,Tamil Nadu,Contract,Senior,5.3,9.9,4,7,"Design, test, and troubleshoot electronic systems, PCBs, and embedded hardware. The role is based in Chennai and works with cross-functional teams.","Embedded Systems, Circuit Design, AutoCAD, MATLAB, Testing, PCB Design, C",7,Synthetic demo data,Generated for SKILLYNTRA prototype; not live job-posting data.
SKL100646,Automation Engineer,Engineering & Automation,DataBridge,Mumbai,Maharashtra,Full-time,Senior,11.5,13.2,5,9,"Design and maintain industrial automation systems, PLC programs, sensors, and control workflows. The role is based in Mumbai and works with cross-functional teams.","Sensors, IoT, Python, SCADA, Industrial Automation, PLC",6,Synthetic demo data,Generated for SKILLYNTRA prototype; not live job-posting data.
SKL100647,Mechanical Design Engineer,Engineering & Manufacturing,IndusWorks,Jaipur,Rajasthan,Contract,Mid Level,6.0,11.8,2,6,"Create and validate mechanical designs, prepare CAD models and drawings, and support manufacturing. The role is based in Jaipur and works with cross-functional teams.","SolidWorks, CAD, Manufacturing, Mechanical Design, GD&T, AutoCAD",6,Synthetic demo data,Generated for SKILLYNTRA prototype; not live job-posting data.
SKL100648,AI Engineer,AI & Machine Learning,NextGen Analytics,Thane,Maharashtra,Contract,Mid Level,17.1,18.8,3,6,"Develop and deploy AI solutions, integrate machine-learning models into applications, and improve production performance. The role is based in Thane and works with cross-functional teams.","SQL, PyTorch, Machine Learning, TensorFlow, Python, Deep Learning",6,Synthetic demo data,Generated for SKILLYNTRA prototype; not live job-posting data.
SKL100649,Machine Learning Engineer,AI & Machine Learning,Apex Digital,Ahmedabad,Gujarat,Full-time,Mid Level,14.1,19.1,2,5,"Develop, test, deploy, and maintain machine-learning pipelines and production models. The role is based in Ahmedabad and works with cross-functional teams.","Python, Machine Learning, TensorFlow, Docker, Scikit-learn, PyTorch",6,Synthetic demo data,Generated for SKILLYNTRA prototype; not live job-posting data.
SKL100650,Data Scientist,AI & Data,SmartFab Technologies,Nashik,Maharashtra,Full-time,Senior,9.5,14.2,4,6,"Build statistical and machine-learning models, prepare datasets, evaluate model performance, and communicate findings. The role is based in Nashik and works with cross-functional teams.","Scikit-learn, MATLAB, Python, Machine Learning, SQL, Pandas, Statistics, JavaScript",8,Synthetic demo data,Generated for SKILLYNTRA prototype; not live job-posting data.
SKL100651,Software Engineer,Software & IT,InsightWorks,Bengaluru,Karnataka,Full-time,Senior,5.5,10.2,5,8,"Design, develop, test, and maintain software services while collaborating with engineering teams. The role is based in Bengaluru and works with cross-functional teams.","Python, Data Structures, SQL, Git, REST API, Java, Pandas",7,Synthetic demo data,Generated for SKILLYNTRA prototype; not live job-posting data.
SKL100652,Automation Engineer,Engineering & Automation,VisionEdge,Thane,Maharashtra,Full-time,Senior,6.2,9.3,4,7,"Design and maintain industrial automation systems, PLC programs, sensors, and control workflows. The role is based in Thane and works with cross-functional teams.","Python, TensorFlow, SCADA, Sensor Analytics, PLC, Sensors, Industrial Automation, IoT",8,Synthetic demo data,Generated for SKILLYNTRA prototype; not live job-posting data.
SKL100653,AI Engineer,AI & Machine Learning,CloudSphere,Mumbai,Maharashtra,Full-time,Junior,14.5,15.9,1,3,"Develop and deploy AI solutions, integrate machine-learning models into applications, and improve production performance. The role is based in Mumbai and works with cross-functional teams.","SQL, Deep Learning, TensorFlow, Machine Learning, Kubernetes, Python, PyTorch",7,Synthetic demo data,Generated for SKILLYNTRA prototype; not live job-posting data.
SKL100654,Game Developer,Gaming & Interactive,SkillTech,Pune,Maharashtra,Full-time,Junior,10.4,14.9,1,2,"Develop gameplay systems, implement mechanics, optimize performance, and collaborate with design teams. The role is based in Pune and works with cross-functional teams.","3D Mathematics, C#, Data Structures, GD&T, Unity, Game Development, Git, C++",8,Synthetic demo data,Generated for SKILLYNTRA prototype; not live job-posting data.
SKL100655,Software Engineer,Software & IT,Quantix Labs,Chennai,Tamil Nadu,Contract,Entry Level,10.0,11.8,0,4,"Design, develop, test, and maintain software services while collaborating with engineering teams. The role is based in Chennai and works with cross-functional teams.","Git, Data Structures, REST API, Python, Java, SQL",6,Synthetic demo data,Generated for SKILLYNTRA prototype; not live job-posting data.
SKL100656,Product Manager,Product & Business,Vertex Systems,Aurangabad,Maharashtra,Contract,Mid Level,9.8,12.4,2,6,"Define product priorities, analyze user and market needs, coordinate teams, and measure product outcomes. The role is based in Aurangabad and works with cross-functional teams.","Agile, Communication, Market Research, SCADA, JavaScript, Analytics, SQL, Product Management",8,Synthetic demo data,Generated for SKILLYNTRA prototype; not live job-posting data.
SKL100657,Business Analyst,Business & Analytics,Quantix Labs,Aurangabad,Maharashtra,Full-time,Entry Level,6.8,11.4,0,1,"Gather business requirements, analyze operational data, create reports, and support decision-making. The role is based in Aurangabad and works with cross-functional teams.","Excel, Power BI, Statistics, Communication, Business Analysis, GD&T, SQL",7,Synthetic demo data,Generated for SKILLYNTRA prototype; not live job-posting data.
SKL100658,Mechanical Design Engineer,Engineering & Manufacturing,AutoNext,Mumbai,Maharashtra,Full-time,Entry Level,8.5,10.8,0,2,"Create and validate mechanical designs, prepare CAD models and drawings, and support manufacturing. The role is based in Mumbai and works with cross-functional teams.","Manufacturing, SolidWorks, AutoCAD, CAD, Mechanical Design, HR Analytics, GD&T",7,Synthetic demo data,Generated for SKILLYNTRA prototype; not live job-posting data.
SKL100659,Automation Engineer,Engineering & Automation,VisionEdge,Noida,Uttar Pradesh,Full-time,Junior,6.8,10.0,1,3,"Design and maintain industrial automation systems, PLC programs, sensors, and control workflows. The role is based in Noida and works with cross-functional teams.","Industrial Automation, Python, IoT, PLC, SCADA, Sensors, Sensor Analytics",7,Synthetic demo data,Generated for SKILLYNTRA prototype; not live job-posting data.
SKL100660,Software Engineer,Software & IT,Prime Automation,Bengaluru,Karnataka,Contract,Senior,14.0,15.8,5,8,"Design, develop, test, and maintain software services while collaborating with engineering teams. The role is based in Bengaluru and works with cross-functional teams.","Data Structures, REST API, Java, Python, SQL, Git",6,Synthetic demo data,Generated for SKILLYNTRA prototype; not live job-posting data.
SKL100661,Software Engineer,Software & IT,InnoSoft,Thane,Maharashtra,Full-time,Senior,6.3,12.1,4,8,"Design, develop, test, and maintain software services while collaborating with engineering teams. The role is based in Thane and works with cross-functional teams.","REST API, Python, Git, SQL, Data Structures, Java",6,Synthetic demo data,Generated for SKILLYNTRA prototype; not live job-posting data.
SKL100662,Data Scientist,AI & Data,SmartFab Technologies,Noida,Uttar Pradesh,Full-time,Senior,10.3,12.8,4,5,"Build statistical and machine-learning models, prepare datasets, evaluate model performance, and communicate findings. The role is based in Noida and works with cross-functional teams.","Scikit-learn, Python, Machine Learning, Pandas, SQL, Statistics, Azure",7,Synthetic demo data,Generated for SKILLYNTRA prototype; not live job-posting data.
SKL100663,Cybersecurity Analyst,Cybersecurity,Apex Digital,Ahmedabad,Gujarat,Full-time,Mid Level,10.0,13.1,2,4,"Monitor security events, investigate incidents, assess risks, and support security controls. The role is based in Ahmedabad and works with cross-functional teams.","SIEM, Networking, Incident Response, Linux, Python, Cybersecurity, Power BI",7,Synthetic demo data,Generated for SKILLYNTRA prototype; not live job-posting data.
SKL100664,Machine Learning Engineer,AI & Machine Learning,InnoSoft,Nashik,Maharashtra,Full-time,Junior,18.9,24.5,1,4,"Develop, test, deploy, and maintain machine-learning pipelines and production models. The role is based in Nashik and works with cross-functional teams.","TensorFlow, Scikit-learn, Docker, AWS, Python, Machine Learning, PyTorch",7,Synthetic demo data,Generated for SKILLYNTRA prototype; not live job-posting data.
SKL100665,DevOps Engineer,Cloud & DevOps,SmartFab Technologies,Nagpur,Maharashtra,Full-time,Senior,6.7,9.9,4,8,"Automate software delivery, maintain CI/CD pipelines, monitor systems, and improve deployment reliability. The role is based in Nagpur and works with cross-functional teams.","CI/CD, AWS, Docker, Git, Linux, Kubernetes",6,Synthetic demo data,Generated for SKILLYNTRA prototype; not live job-posting data.
SKL100666,Mechanical Design Engineer,Engineering & Manufacturing,SmartFab Technologies,Nagpur,Maharashtra,Full-time,Entry Level,3.8,5.0,0,2,"Create and validate mechanical designs, prepare CAD models and drawings, and support manufacturing. The role is based in Nagpur and works with cross-functional teams.","Mechanical Design, EV Analytics, SolidWorks, AutoCAD, Computer Vision, GD&T, CAD, Manufacturing",8,Synthetic demo data,Generated for SKILLYNTRA prototype; not live job-posting data.
SKL100667,Industrial AI Engineer,Engineering & AI,SmartFab Technologies,Thane,Maharashtra,Full-time,Mid Level,7.1,8.1,3,4,"Apply AI and computer vision to industrial processes, sensor data, and intelligent automation systems. The role is based in Thane and works with cross-functional teams.","Computer Vision, Machine Learning, Python, Industrial AI, SQL, REST API, Sensor Analytics, IoT",8,Synthetic demo data,Generated for SKILLYNTRA prototype; not live job-posting data.
SKL100668,Embedded Systems Engineer,Electronics & Embedded,NextGen Analytics,Bengaluru,Karnataka,Full-time,Entry Level,9.7,13.7,0,2,Develop firmware and embedded applications for microcontrollers and connected devices. The role is based in Bengaluru and works with cross-functional teams.,"C, Microcontrollers, Embedded Systems, Git, C++, RTOS",6,Synthetic demo data,Generated for SKILLYNTRA prototype; not live job-posting data.
SKL100669,AI Engineer,AI & Machine Learning,SkillTech,Chennai,Tamil Nadu,Contract,Mid Level,16.4,22.4,3,6,"Develop and deploy AI solutions, integrate machine-learning models into applications, and improve production performance. The role is based in Chennai and works with cross-functional teams.","SQL, Deep Learning, PyTorch, Python, Machine Learning, TensorFlow",6,Synthetic demo data,Generated for SKILLYNTRA prototype; not live job-posting data.
SKL100670,EV Data Analyst,Automotive & EV,DataBridge,Gurugram,Haryana,Full-time,Senior,11.2,14.4,4,7,"Analyze electric-vehicle data, create dashboards, and identify operational and market trends. The role is based in Gurugram and works with cross-functional teams.","Power BI, SQL, EV Analytics, SolidWorks, Excel, Statistics, Python, C",8,Synthetic demo data,Generated for SKILLYNTRA prototype; not live job-posting data.
SKL100671,Product Manager,Product & Business,InsightWorks,Pune,Maharashtra,Contract,Mid Level,16.6,19.6,2,4,"Define product priorities, analyze user and market needs, coordinate teams, and measure product outcomes. The role is based in Pune and works with cross-functional teams.","Product Management, Linux, Agile, Communication, Analytics, SQL, Sensor Analytics, Market Research",8,Synthetic demo data,Generated for SKILLYNTRA prototype; not live job-posting data.
SKL100672,Electronics Engineer,Electronics & Embedded,Vertex Systems,Aurangabad,Maharashtra,Full-time,Junior,4.5,6.6,1,2,"Design, test, and troubleshoot electronic systems, PCBs, and embedded hardware. The role is based in Aurangabad and works with cross-functional teams.","MATLAB, Circuit Design, Embedded Systems, PCB Design, 3D Mathematics, Testing, C, Sensor Analytics",8,Synthetic demo data,Generated for SKILLYNTRA prototype; not live job-posting data.
SKL100673,Cybersecurity Analyst,Cybersecurity,Apex Digital,Chennai,Tamil Nadu,Full-time,Junior,4.4,6.6,1,3,"Monitor security events, investigate incidents, assess risks, and support security controls. The role is based in Chennai and works with cross-functional teams.","SIEM, Python, Cybersecurity, Networking, Linux, Incident Response",6,Synthetic demo data,Generated for SKILLYNTRA prototype; not live job-posting data.
SKL100674,DevOps Engineer,Cloud & DevOps,Vertex Systems,Jaipur,Rajasthan,Full-time,Senior,6.0,8.8,5,6,"Automate software delivery, maintain CI/CD pipelines, monitor systems, and improve deployment reliability. The role is based in Jaipur and works with cross-functional teams.","Linux, Game Development, AWS, Embedded Systems, Kubernetes, CI/CD, Git, Docker",8,Synthetic demo data,Generated for SKILLYNTRA prototype; not live job-posting data.
SKL100675,Data Scientist,AI & Data,TechNova Solutions,Noida,Uttar Pradesh,Full-time,Mid Level,13.3,15.7,3,5,"Build statistical and machine-learning models, prepare datasets, evaluate model performance, and communicate findings. The role is based in Noida and works with cross-functional teams.","Statistics, SQL, Machine Learning, Python, AWS, Scikit-learn, Pandas",7,Synthetic demo data,Generated for SKILLYNTRA prototype; not live job-posting data.
SKL100676,Electronics Engineer,Electronics & Embedded,Vertex Systems,Chennai,Tamil Nadu,Contract,Mid Level,5.6,7.6,3,5,"Design, test, and troubleshoot electronic systems, PCBs, and embedded hardware. The role is based in Chennai and works with cross-functional teams.","PCB Design, Circuit Design, C, Testing, SQL, MATLAB, Embedded Systems, React",8,Synthetic demo data,Generated for SKILLYNTRA prototype; not live job-posting data.
SKL100677,AI Engineer,AI & Machine Learning,Nova Mobility,Hyderabad,Telangana,Contract,Senior,17.6,19.5,4,6,"Develop and deploy AI solutions, integrate machine-learning models into applications, and improve production performance. The role is based in Hyderabad and works with cross-functional teams.","Machine Learning, PyTorch, TensorFlow, Industrial Automation, Python, Testing, SQL, Deep Learning",8,Synthetic demo data,Generated for SKILLYNTRA prototype; not live job-posting data.
SKL100678,Electronics Engineer,Electronics & Embedded,NextGen Analytics,Nagpur,Maharashtra,Full-time,Junior,6.3,9.5,1,2,"Design, test, and troubleshoot electronic systems, PCBs, and embedded hardware. The role is based in Nagpur and works with cross-functional teams.","MATLAB, Business Analysis, Embedded Systems, HR Analytics, C, Circuit Design, Testing, PCB Design",8,Synthetic demo data,Generated for SKILLYNTRA prototype; not live job-posting data.
SKL100679,Machine Learning Engineer,AI & Machine Learning,TechNova Solutions,Jaipur,Rajasthan,Full-time,Senior,8.6,13.4,6,7,"Develop, test, deploy, and maintain machine-learning pipelines and production models. The role is based in Jaipur and works with cross-functional teams.","Scikit-learn, Machine Learning, TensorFlow, C++, Python, PyTorch, Docker",7,Synthetic demo data,Generated for SKILLYNTRA prototype; not live job-posting data.
SKL100680,Cloud Engineer,Cloud & DevOps,AutoNext,Nashik,Maharashtra,Full-time,Senior,15.0,17.5,5,9,"Design and maintain cloud infrastructure, automate deployments, and improve reliability and scalability. The role is based in Nashik and works with cross-functional teams.","CSS, CI/CD, Docker, Linux, Kubernetes, AWS, Azure",7,Synthetic demo data,Generated for SKILLYNTRA prototype; not live job-posting data.
SKL100681,Data Scientist,AI & Data,CoreStack,Mumbai,Maharashtra,Contract,Mid Level,11.1,16.3,3,4,"Build statistical and machine-learning models, prepare datasets, evaluate model performance, and communicate findings. The role is based in Mumbai and works with cross-functional teams.","Machine Learning, Pandas, Statistics, Scikit-learn, SQL, Python",6,Synthetic demo data,Generated for SKILLYNTRA prototype; not live job-posting data.
SKL100682,Software Engineer,Software & IT,FutureGrid,Thane,Maharashtra,Full-time,Junior,11.9,16.4,1,5,"Design, develop, test, and maintain software services while collaborating with engineering teams. The role is based in Thane and works with cross-functional teams.","REST API, SQL, Data Structures, Python, Java, Git",6,Synthetic demo data,Generated for SKILLYNTRA prototype; not live job-posting data.
SKL100683,HR Analyst,HR & Operations,SkillTech,Mumbai,Maharashtra,Full-time,Mid Level,5.2,10.8,2,3,"Analyze workforce data, prepare HR reports, and support evidence-based people and talent decisions. The role is based in Mumbai and works with cross-functional teams.","Power BI, Communication, Data Analysis, HR Analytics, Excel",5,Synthetic demo data,Generated for SKILLYNTRA prototype; not live job-posting data.
SKL100684,Electronics Engineer,Electronics & Embedded,Prime Automation,Nashik,Maharashtra,Full-time,Junior,7.6,10.0,1,4,"Design, test, and troubleshoot electronic systems, PCBs, and embedded hardware. The role is based in Nashik and works with cross-functional teams.","C, Circuit Design, Embedded Systems, Testing, MATLAB, PCB Design",6,Synthetic demo data,Generated for SKILLYNTRA prototype; not live job-posting data.
SKL100685,Software Engineer,Software & IT,IndusWorks,Ahmedabad,Gujarat,Full-time,Mid Level,8.9,13.5,2,4,"Design, develop, test, and maintain software services while collaborating with engineering teams. The role is based in Ahmedabad and works with cross-functional teams.","Data Structures, Java, SQL, Git, REST API, SCADA, Python",7,Synthetic demo data,Generated for SKILLYNTRA prototype; not live job-posting data.
SKL100686,AI Engineer,AI & Machine Learning,IndusWorks,Thane,Maharashtra,Contract,Mid Level,11.6,15.1,2,6,"Develop and deploy AI solutions, integrate machine-learning models into applications, and improve production performance. The role is based in Thane and works with cross-functional teams.","PCB Design, Python, SQL, Machine Learning, Deep Learning, TensorFlow, PyTorch",7,Synthetic demo data,Generated for SKILLYNTRA prototype; not live job-posting data.
SKL100687,Mechanical Design Engineer,Engineering & Manufacturing,AutoNext,Chennai,Tamil Nadu,Full-time,Senior,7.0,12.1,4,8,"Create and validate mechanical designs, prepare CAD models and drawings, and support manufacturing. The role is based in Chennai and works with cross-functional teams.","Business Analysis, AutoCAD, GD&T, SolidWorks, CAD, Mechanical Design, Manufacturing",7,Synthetic demo data,Generated for SKILLYNTRA prototype; not live job-posting data.
SKL100688,HR Analyst,HR & Operations,Vertex Systems,Pune,Maharashtra,Full-time,Entry Level,6.4,12.1,0,3,"Analyze workforce data, prepare HR reports, and support evidence-based people and talent decisions. The role is based in Pune and works with cross-functional teams.","Communication, Data Analysis, HR Analytics, Power BI, Excel",5,Synthetic demo data,Generated for SKILLYNTRA prototype; not live job-posting data.
SKL100689,Automation Engineer,Engineering & Automation,CoreStack,Nashik,Maharashtra,Full-time,Mid Level,5.7,7.8,3,5,"Design and maintain industrial automation systems, PLC programs, sensors, and control workflows. The role is based in Nashik and works with cross-functional teams.","C, Python, SCADA, C#, PLC, Sensors, IoT, Industrial Automation",8,Synthetic demo data,Generated for SKILLYNTRA prototype; not live job-posting data.
SKL100690,Embedded Systems Engineer,Electronics & Embedded,AutoNext,Mumbai,Maharashtra,Full-time,Senior,4.3,7.1,4,6,Develop firmware and embedded applications for microcontrollers and connected devices. The role is based in Mumbai and works with cross-functional teams.,"Microcontrollers, Git, Embedded Systems, RTOS, C, C++",6,Synthetic demo data,Generated for SKILLYNTRA prototype; not live job-posting data.
SKL100691,Full Stack Developer,Software & IT,IndusWorks,Hyderabad,Telangana,Full-time,Senior,9.0,13.6,5,8,Build responsive web applications across frontend and backend services and integrate APIs and databases. The role is based in Hyderabad and works with cross-functional teams.,"HTML, SQL, Git, CSS, React, RTOS, Node.js, JavaScript",8,Synthetic demo data,Generated for SKILLYNTRA prototype; not live job-posting data.
SKL100692,Predictive Maintenance Engineer,Engineering & Manufacturing,TechNova Solutions,Nashik,Maharashtra,Full-time,Mid Level,11.0,16.3,3,7,Use machine and sensor data to identify failure patterns and improve maintenance planning. The role is based in Nashik and works with cross-functional teams.,"PLC, Python, Sensor Analytics, IoT, Machine Learning, Pandas, SIEM, Predictive Maintenance",8,Synthetic demo data,Generated for SKILLYNTRA prototype; not live job-posting data.
SKL100693,AI Engineer,AI & Machine Learning,InnoSoft,Chennai,Tamil Nadu,Contract,Mid Level,12.2,13.5,2,4,"Develop and deploy AI solutions, integrate machine-learning models into applications, and improve production performance. The role is based in Chennai and works with cross-functional teams.","PyTorch, Machine Learning, Deep Learning, Python, TensorFlow, SQL, CI/CD",7,Synthetic demo data,Generated for SKILLYNTRA prototype; not live job-posting data.
SKL100694,Business Analyst,Business & Analytics,InnoSoft,Noida,Uttar Pradesh,Full-time,Mid Level,4.4,7.3,3,5,"Gather business requirements, analyze operational data, create reports, and support decision-making. The role is based in Noida and works with cross-functional teams.","Business Analysis, Circuit Design, Excel, Communication, Statistics, SQL, Power BI",7,Synthetic demo data,Generated for SKILLYNTRA prototype; not live job-posting data.
SKL100695,DevOps Engineer,Cloud & DevOps,Nova Mobility,Aurangabad,Maharashtra,Full-time,Senior,6.8,10.8,5,6,"Automate software delivery, maintain CI/CD pipelines, monitor systems, and improve deployment reliability. The role is based in Aurangabad and works with cross-functional teams.","Kubernetes, Communication, AWS, Git, Linux, Docker, CI/CD",7,Synthetic demo data,Generated for SKILLYNTRA prototype; not live job-posting data.
SKL100696,Embedded Systems Engineer,Electronics & Embedded,AutoNext,Ahmedabad,Gujarat,Full-time,Entry Level,6.8,12.5,0,1,Develop firmware and embedded applications for microcontrollers and connected devices. The role is based in Ahmedabad and works with cross-functional teams.,"C++, C, RTOS, Microcontrollers, Git, Embedded Systems",6,Synthetic demo data,Generated for SKILLYNTRA prototype; not live job-posting data.
SKL100697,Game Developer,Gaming & Interactive,Quantix Labs,Gurugram,Haryana,Full-time,Junior,7.0,12.5,1,2,"Develop gameplay systems, implement mechanics, optimize performance, and collaborate with design teams. The role is based in Gurugram and works with cross-functional teams.","Unity, C, Linux, 3D Mathematics, Game Development, Git, C++, C#",8,Synthetic demo data,Generated for SKILLYNTRA prototype; not live job-posting data.
SKL100698,Full Stack Developer,Software & IT,VisionEdge,Nashik,Maharashtra,Contract,Entry Level,13.6,15.7,0,1,Build responsive web applications across frontend and backend services and integrate APIs and databases. The role is based in Nashik and works with cross-functional teams.,"JavaScript, SQL, Node.js, HTML, React, CSS, Git",7,Synthetic demo data,Generated for SKILLYNTRA prototype; not live job-posting data.
SKL100699,Software Engineer,Software & IT,FutureGrid,Thane,Maharashtra,Full-time,Mid Level,5.4,10.0,2,6,"Design, develop, test, and maintain software services while collaborating with engineering teams. The role is based in Thane and works with cross-functional teams.","Data Structures, Computer Vision, SQL, Java, Python, GD&T, REST API, Git",8,Synthetic demo data,Generated for SKILLYNTRA prototype; not live job-posting data.
SKL100700,Data Analyst,Data & Analytics,FutureGrid,Nashik,Maharashtra,Full-time,Senior,6.0,9.3,4,5,"Analyze business data, build dashboards, identify trends, and communicate actionable insights to stakeholders. The role is based in Nashik and works with cross-functional teams.","Excel, Data Visualization, Statistics, Python, SQL, Power BI",6,Synthetic demo data,Generated for SKILLYNTRA prototype; not live job-posting data.
SKL100701,AI Engineer,AI & Machine Learning,Nova Mobility,Mumbai,Maharashtra,Full-time,Senior,10.4,13.7,6,10,"Develop and deploy AI solutions, integrate machine-learning models into applications, and improve production performance. The role is based in Mumbai and works with cross-functional teams.","Predictive Maintenance, TensorFlow, Deep Learning, Python, Machine Learning, SQL, PyTorch",7,Synthetic demo data,Generated for SKILLYNTRA prototype; not live job-posting data.
SKL100702,HR Analyst,HR & Operations,FutureGrid,Jaipur,Rajasthan,Full-time,Mid Level,8.1,13.7,3,7,"Analyze workforce data, prepare HR reports, and support evidence-based people and talent decisions. The role is based in Jaipur and works with cross-functional teams.","Excel, HR Analytics, Data Analysis, Power BI, Communication",5,Synthetic demo data,Generated for SKILLYNTRA prototype; not live job-posting data.
SKL100703,AI Engineer,AI & Machine Learning,Prime Automation,Noida,Uttar Pradesh,Full-time,Senior,10.4,15.8,5,9,"Develop and deploy AI solutions, integrate machine-learning models into applications, and improve production performance. The role is based in Noida and works with cross-functional teams.","Agile, Deep Learning, PyTorch, Market Research, TensorFlow, Machine Learning, SQL, Python",8,Synthetic demo data,Generated for SKILLYNTRA prototype; not live job-posting data.
SKL100704,Game Developer,Gaming & Interactive,InsightWorks,Nashik,Maharashtra,Full-time,Mid Level,6.0,11.4,3,4,"Develop gameplay systems, implement mechanics, optimize performance, and collaborate with design teams. The role is based in Nashik and works with cross-functional teams.","Unity, C#, C++, Business Analysis, Git, 3D Mathematics, Game Development, GD&T",8,Synthetic demo data,Generated for SKILLYNTRA prototype; not live job-posting data.
SKL100705,Machine Learning Engineer,AI & Machine Learning,InnoSoft,Kolkata,West Bengal,Full-time,Senior,11.8,13.1,4,6,"Develop, test, deploy, and maintain machine-learning pipelines and production models. The role is based in Kolkata and works with cross-functional teams.","PyTorch, Scikit-learn, Docker, Python, Manufacturing, Machine Learning, TensorFlow",7,Synthetic demo data,Generated for SKILLYNTRA prototype; not live job-posting data.
SKL100706,EV Data Analyst,Automotive & EV,AutoNext,Nashik,Maharashtra,Full-time,Junior,6.6,7.7,1,3,"Analyze electric-vehicle data, create dashboards, and identify operational and market trends. The role is based in Nashik and works with cross-functional teams.","SQL, Excel, Game Development, EV Analytics, Statistics, Power BI, PyTorch, Python",8,Synthetic demo data,Generated for SKILLYNTRA prototype; not live job-posting data.
SKL100707,Data Analyst,Data & Analytics,Prime Automation,Ahmedabad,Gujarat,Contract,Mid Level,6.7,8.1,2,5,"Analyze business data, build dashboards, identify trends, and communicate actionable insights to stakeholders. The role is based in Ahmedabad and works with cross-functional teams.","Statistics, Data Visualization, SQL, Python, Excel, Power BI",6,Synthetic demo data,Generated for SKILLYNTRA prototype; not live job-posting data.
SKL100708,Predictive Maintenance Engineer,Engineering & Manufacturing,DataBridge,Nagpur,Maharashtra,Contract,Junior,5.4,10.9,1,2,Use machine and sensor data to identify failure patterns and improve maintenance planning. The role is based in Nagpur and works with cross-functional teams.,"Python, PLC, Sensor Analytics, Predictive Maintenance, IoT, Machine Learning, Unity",7,Synthetic demo data,Generated for SKILLYNTRA prototype; not live job-posting data.
SKL100709,Industrial AI Engineer,Engineering & AI,Nova Mobility,Chennai,Tamil Nadu,Full-time,Senior,9.9,14.4,6,10,"Apply AI and computer vision to industrial processes, sensor data, and intelligent automation systems. The role is based in Chennai and works with cross-functional teams.","Computer Vision, IoT, SCADA, Machine Learning, SQL, Industrial AI, Python",7,Synthetic demo data,Generated for SKILLYNTRA prototype; not live job-posting data.
SKL100710,Business Analyst,Business & Analytics,IndusWorks,Pune,Maharashtra,Full-time,Mid Level,8.0,10.6,3,5,"Gather business requirements, analyze operational data, create reports, and support decision-making. The role is based in Pune and works with cross-functional teams.","Statistics, Power BI, Communication, Data Structures, HTML, Excel, Business Analysis, SQL",8,Synthetic demo data,Generated for SKILLYNTRA prototype; not live job-posting data.
SKL100711,Mechanical Design Engineer,Engineering & Manufacturing,CoreStack,Gurugram,Haryana,Full-time,Junior,4.9,7.0,1,5,"Create and validate mechanical designs, prepare CAD models and drawings, and support manufacturing. The role is based in Gurugram and works with cross-functional teams.","CAD, GD&T, SolidWorks, AutoCAD, Manufacturing, Mechanical Design",6,Synthetic demo data,Generated for SKILLYNTRA prototype; not live job-posting data.
SKL100712,Product Manager,Product & Business,FutureGrid,Kolkata,West Bengal,Full-time,Senior,16.1,20.3,6,7,"Define product priorities, analyze user and market needs, coordinate teams, and measure product outcomes. The role is based in Kolkata and works with cross-functional teams.","Product Management, Market Research, Analytics, HTML, Communication, Agile, SQL",7,Synthetic demo data,Generated for SKILLYNTRA prototype; not live job-posting data.
SKL100713,Full Stack Developer,Software & IT,Prime Automation,Hyderabad,Telangana,Full-time,Mid Level,9.8,11.6,2,4,Build responsive web applications across frontend and backend services and integrate APIs and databases. The role is based in Hyderabad and works with cross-functional teams.,"React, JavaScript, GD&T, Node.js, SQL, CSS, Git, HTML",8,Synthetic demo data,Generated for SKILLYNTRA prototype; not live job-posting data.
SKL100714,Machine Learning Engineer,AI & Machine Learning,TechNova Solutions,Mumbai,Maharashtra,Contract,Senior,8.2,13.0,5,9,"Develop, test, deploy, and maintain machine-learning pipelines and production models. The role is based in Mumbai and works with cross-functional teams.","Statistics, JavaScript, Scikit-learn, Python, PyTorch, TensorFlow, Docker, Machine Learning",8,Synthetic demo data,Generated for SKILLYNTRA prototype; not live job-posting data.
SKL100715,Cloud Engineer,Cloud & DevOps,VisionEdge,Nagpur,Maharashtra,Full-time,Senior,7.3,12.5,5,9,"Design and maintain cloud infrastructure, automate deployments, and improve reliability and scalability. The role is based in Nagpur and works with cross-functional teams.","AWS, Azure, CI/CD, Kubernetes, Docker, Linux",6,Synthetic demo data,Generated for SKILLYNTRA prototype; not live job-posting data.
SKL100716,HR Analyst,HR & Operations,CloudSphere,Ahmedabad,Gujarat,Full-time,Senior,4.6,8.9,4,7,"Analyze workforce data, prepare HR reports, and support evidence-based people and talent decisions. The role is based in Ahmedabad and works with cross-functional teams.","Power BI, SIEM, Data Analysis, Excel, HR Analytics, Communication",6,Synthetic demo data,Generated for SKILLYNTRA prototype; not live job-posting data.
SKL100717,Data Analyst,Data & Analytics,Quantix Labs,Nashik,Maharashtra,Full-time,Senior,5.2,11.0,4,7,"Analyze business data, build dashboards, identify trends, and communicate actionable insights to stakeholders. The role is based in Nashik and works with cross-functional teams.","Power BI, Computer Vision, Python, Data Visualization, SQL, Excel, Statistics",7,Synthetic demo data,Generated for SKILLYNTRA prototype; not live job-posting data.
SKL100718,Game Developer,Gaming & Interactive,Nova Mobility,Gurugram,Haryana,Full-time,Mid Level,8.7,11.8,3,6,"Develop gameplay systems, implement mechanics, optimize performance, and collaborate with design teams. The role is based in Gurugram and works with cross-functional teams.","Game Development, Git, C#, C++, Unity, 3D Mathematics",6,Synthetic demo data,Generated for SKILLYNTRA prototype; not live job-posting data.
SKL100719,EV Data Analyst,Automotive & EV,SmartFab Technologies,Nashik,Maharashtra,Full-time,Junior,4.7,7.9,1,2,"Analyze electric-vehicle data, create dashboards, and identify operational and market trends. The role is based in Nashik and works with cross-functional teams.","Statistics, SQL, Machine Learning, PyTorch, Excel, EV Analytics, Python, Power BI",8,Synthetic demo data,Generated for SKILLYNTRA prototype; not live job-posting data.
SKL100720,Software Engineer,Software & IT,Quantix Labs,Hyderabad,Telangana,Full-time,Junior,11.5,13.6,1,3,"Design, develop, test, and maintain software services while collaborating with engineering teams. The role is based in Hyderabad and works with cross-functional teams.","SQL, Python, Data Structures, Git, Java, REST API",6,Synthetic demo data,Generated for SKILLYNTRA prototype; not live job-posting data.
SKL100721,AI Engineer,AI & Machine Learning,IndusWorks,Kolkata,West Bengal,Full-time,Senior,15.3,19.2,6,7,"Develop and deploy AI solutions, integrate machine-learning models into applications, and improve production performance. The role is based in Kolkata and works with cross-functional teams.","Machine Learning, Deep Learning, TensorFlow, SQL, PyTorch, Python",6,Synthetic demo data,Generated for SKILLYNTRA prototype; not live job-posting data.
SKL100722,Cybersecurity Analyst,Cybersecurity,Nova Mobility,Kolkata,West Bengal,Full-time,Entry Level,8.4,11.3,0,1,"Monitor security events, investigate incidents, assess risks, and support security controls. The role is based in Kolkata and works with cross-functional teams.","Networking, Linux, Python, Incident Response, Cybersecurity, SIEM",6,Synthetic demo data,Generated for SKILLYNTRA prototype; not live job-posting data.
SKL100723,Industrial AI Engineer,Engineering & AI,NextGen Analytics,Noida,Uttar Pradesh,Full-time,Mid Level,10.1,12.7,2,6,"Apply AI and computer vision to industrial processes, sensor data, and intelligent automation systems. The role is based in Noida and works with cross-functional teams.","SQL, Industrial AI, Computer Vision, Python, IoT, React, Machine Learning",7,Synthetic demo data,Generated for SKILLYNTRA prototype; not live job-posting data.
SKL100724,Business Analyst,Business & Analytics,AutoNext,Thane,Maharashtra,Full-time,Senior,5.3,10.0,4,5,"Gather business requirements, analyze operational data, create reports, and support decision-making. The role is based in Thane and works with cross-functional teams.","Statistics, Business Analysis, Power BI, SQL, Communication, Excel",6,Synthetic demo data,Generated for SKILLYNTRA prototype; not live job-posting data.
SKL100725,Cloud Engineer,Cloud & DevOps,Quantix Labs,Jaipur,Rajasthan,Full-time,Junior,6.3,8.0,1,3,"Design and maintain cloud infrastructure, automate deployments, and improve reliability and scalability. The role is based in Jaipur and works with cross-functional teams.","AWS, Docker, Kubernetes, Linux, Azure, CI/CD",6,Synthetic demo data,Generated for SKILLYNTRA prototype; not live job-posting data.
SKL100726,AI Engineer,AI & Machine Learning,CoreStack,Thane,Maharashtra,Contract,Senior,13.1,18.1,6,9,"Develop and deploy AI solutions, integrate machine-learning models into applications, and improve production performance. The role is based in Thane and works with cross-functional teams.","TensorFlow, IoT, Python, SQL, Deep Learning, Machine Learning, PyTorch",7,Synthetic demo data,Generated for SKILLYNTRA prototype; not live job-posting data.
SKL100727,Machine Learning Engineer,AI & Machine Learning,InsightWorks,Delhi,Delhi,Contract,Mid Level,16.5,22.3,3,5,"Develop, test, deploy, and maintain machine-learning pipelines and production models. The role is based in Delhi and works with cross-functional teams.","Docker, Python, Machine Learning, Scikit-learn, PyTorch, HR Analytics, TensorFlow",7,Synthetic demo data,Generated for SKILLYNTRA prototype; not live job-posting data.
SKL100728,Mechanical Design Engineer,Engineering & Manufacturing,InsightWorks,Nagpur,Maharashtra,Contract,Mid Level,9.3,14.4,2,5,"Create and validate mechanical designs, prepare CAD models and drawings, and support manufacturing. The role is based in Nagpur and works with cross-functional teams.","CSS, Mechanical Design, SolidWorks, CAD, GD&T, Manufacturing, AutoCAD",7,Synthetic demo data,Generated for SKILLYNTRA prototype; not live job-posting data.
SKL100729,Data Analyst,Data & Analytics,Nova Mobility,Mumbai,Maharashtra,Full-time,Mid Level,7.5,10.2,2,6,"Analyze business data, build dashboards, identify trends, and communicate actionable insights to stakeholders. The role is based in Mumbai and works with cross-functional teams.","Excel, Data Visualization, Python, Statistics, Power BI, SQL",6,Synthetic demo data,Generated for SKILLYNTRA prototype; not live job-posting data.
SKL100730,Data Analyst,Data & Analytics,TechNova Solutions,Thane,Maharashtra,Full-time,Mid Level,5.8,10.8,2,4,"Analyze business data, build dashboards, identify trends, and communicate actionable insights to stakeholders. The role is based in Thane and works with cross-functional teams.","Power BI, Data Visualization, SQL, Excel, Python, Statistics",6,Synthetic demo data,Generated for SKILLYNTRA prototype; not live job-posting data.
SKL100731,Machine Learning Engineer,AI & Machine Learning,DataBridge,Chennai,Tamil Nadu,Contract,Senior,13.9,18.1,6,7,"Develop, test, deploy, and maintain machine-learning pipelines and production models. The role is based in Chennai and works with cross-functional teams.","HR Analytics, TensorFlow, Python, PyTorch, Machine Learning, Scikit-learn, Predictive Maintenance, Docker",8,Synthetic demo data,Generated for SKILLYNTRA prototype; not live job-posting data.
SKL100732,Data Scientist,AI & Data,Prime Automation,Aurangabad,Maharashtra,Full-time,Junior,10.5,14.5,1,2,"Build statistical and machine-learning models, prepare datasets, evaluate model performance, and communicate findings. The role is based in Aurangabad and works with cross-functional teams.","Statistics, Excel, SQL, Scikit-learn, Pandas, Computer Vision, Machine Learning, Python",8,Synthetic demo data,Generated for SKILLYNTRA prototype; not live job-posting data.
SKL100733,Game Developer,Gaming & Interactive,CoreStack,Pune,Maharashtra,Contract,Senior,7.0,8.1,4,5,"Develop gameplay systems, implement mechanics, optimize performance, and collaborate with design teams. The role is based in Pune and works with cross-functional teams.","C++, 3D Mathematics, Unity, Git, C#, Game Development, C",7,Synthetic demo data,Generated for SKILLYNTRA prototype; not live job-posting data.
SKL100734,AI Engineer,AI & Machine Learning,SmartFab Technologies,Chennai,Tamil Nadu,Full-time,Senior,12.1,16.6,4,5,"Develop and deploy AI solutions, integrate machine-learning models into applications, and improve production performance. The role is based in Chennai and works with cross-functional teams.","Machine Learning, TensorFlow, PyTorch, Deep Learning, Python, SQL, Industrial Automation",7,Synthetic demo data,Generated for SKILLYNTRA prototype; not live job-posting data.
SKL100735,DevOps Engineer,Cloud & DevOps,TechNova Solutions,Pune,Maharashtra,Full-time,Mid Level,17.9,23.2,2,3,"Automate software delivery, maintain CI/CD pipelines, monitor systems, and improve deployment reliability. The role is based in Pune and works with cross-functional teams.","Git, AWS, CI/CD, Industrial AI, Cybersecurity, Docker, Linux, Kubernetes",8,Synthetic demo data,Generated for SKILLYNTRA prototype; not live job-posting data.
SKL100736,Data Scientist,AI & Data,MahaTech Industries,Mumbai,Maharashtra,Full-time,Mid Level,8.6,13.1,3,4,"Build statistical and machine-learning models, prepare datasets, evaluate model performance, and communicate findings. The role is based in Mumbai and works with cross-functional teams.","Pandas, Machine Learning, Python, Statistics, Data Analysis, SQL, Scikit-learn",7,Synthetic demo data,Generated for SKILLYNTRA prototype; not live job-posting data.
SKL100737,Software Engineer,Software & IT,InsightWorks,Ahmedabad,Gujarat,Contract,Mid Level,11.7,15.3,3,7,"Design, develop, test, and maintain software services while collaborating with engineering teams. The role is based in Ahmedabad and works with cross-functional teams.","Python, SQL, Java, Data Structures, Git, REST API",6,Synthetic demo data,Generated for SKILLYNTRA prototype; not live job-posting data.
SKL100738,DevOps Engineer,Cloud & DevOps,DataBridge,Mumbai,Maharashtra,Full-time,Mid Level,10.2,15.4,3,4,"Automate software delivery, maintain CI/CD pipelines, monitor systems, and improve deployment reliability. The role is based in Mumbai and works with cross-functional teams.","Kubernetes, CI/CD, AWS, Linux, Docker, Git",6,Synthetic demo data,Generated for SKILLYNTRA prototype; not live job-posting data.
SKL100739,Cloud Engineer,Cloud & DevOps,Vertex Systems,Pune,Maharashtra,Full-time,Senior,8.1,9.6,4,8,"Design and maintain cloud infrastructure, automate deployments, and improve reliability and scalability. The role is based in Pune and works with cross-functional teams.","AWS, Docker, Azure, Linux, CI/CD, Kubernetes",6,Synthetic demo data,Generated for SKILLYNTRA prototype; not live job-posting data.
SKL100740,Predictive Maintenance Engineer,Engineering & Manufacturing,IndusWorks,Mumbai,Maharashtra,Full-time,Junior,8.2,11.4,1,4,Use machine and sensor data to identify failure patterns and improve maintenance planning. The role is based in Mumbai and works with cross-functional teams.,"Predictive Maintenance, CSS, PLC, Sensor Analytics, Machine Learning, Python, IoT, Industrial Automation",8,Synthetic demo data,Generated for SKILLYNTRA prototype; not live job-posting data.
SKL100741,Software Engineer,Software & IT,Apex Digital,Hyderabad,Telangana,Full-time,Senior,7.4,12.9,5,6,"Design, develop, test, and maintain software services while collaborating with engineering teams. The role is based in Hyderabad and works with cross-functional teams.","REST API, Java, Data Structures, Git, Python, SQL",6,Synthetic demo data,Generated for SKILLYNTRA prototype; not live job-posting data.
SKL100742,Cybersecurity Analyst,Cybersecurity,CoreStack,Mumbai,Maharashtra,Contract,Entry Level,7.9,9.6,0,3,"Monitor security events, investigate incidents, assess risks, and support security controls. The role is based in Mumbai and works with cross-functional teams.","Linux, Java, HR Analytics, Python, Networking, SIEM, Cybersecurity, Incident Response",8,Synthetic demo data,Generated for SKILLYNTRA prototype; not live job-posting data.
SKL100743,Mechanical Design Engineer,Engineering & Manufacturing,FutureGrid,Nagpur,Maharashtra,Full-time,Junior,4.6,7.0,1,5,"Create and validate mechanical designs, prepare CAD models and drawings, and support manufacturing. The role is based in Nagpur and works with cross-functional teams.","CAD, GD&T, Manufacturing, SolidWorks, Kubernetes, Mechanical Design, AutoCAD, Java",8,Synthetic demo data,Generated for SKILLYNTRA prototype; not live job-posting data.
SKL100744,Data Scientist,AI & Data,MahaTech Industries,Kolkata,West Bengal,Full-time,Senior,8.4,12.0,5,8,"Build statistical and machine-learning models, prepare datasets, evaluate model performance, and communicate findings. The role is based in Kolkata and works with cross-functional teams.","Machine Learning, Python, SQL, Communication, Statistics, Scikit-learn, Pandas",7,Synthetic demo data,Generated for SKILLYNTRA prototype; not live job-posting data.
SKL100745,Cybersecurity Analyst,Cybersecurity,Vertex Systems,Hyderabad,Telangana,Full-time,Junior,7.1,9.6,1,3,"Monitor security events, investigate incidents, assess risks, and support security controls. The role is based in Hyderabad and works with cross-functional teams.","Data Visualization, Incident Response, Networking, SIEM, Python, Linux, Predictive Maintenance, Cybersecurity",8,Synthetic demo data,Generated for SKILLYNTRA prototype; not live job-posting data.
SKL100746,Full Stack Developer,Software & IT,NextGen Analytics,Thane,Maharashtra,Full-time,Junior,7.7,10.9,1,3,Build responsive web applications across frontend and backend services and integrate APIs and databases. The role is based in Thane and works with cross-functional teams.,"React, HTML, JavaScript, Node.js, Git, SQL, CSS",7,Synthetic demo data,Generated for SKILLYNTRA prototype; not live job-posting data.
SKL100747,AI Engineer,AI & Machine Learning,TechNova Solutions,Nashik,Maharashtra,Full-time,Senior,19.6,23.5,5,8,"Develop and deploy AI solutions, integrate machine-learning models into applications, and improve production performance. The role is based in Nashik and works with cross-functional teams.","Deep Learning, Scikit-learn, SQL, TensorFlow, Python, PyTorch, Machine Learning",7,Synthetic demo data,Generated for SKILLYNTRA prototype; not live job-posting data.
SKL100748,Predictive Maintenance Engineer,Engineering & Manufacturing,Nova Mobility,Chennai,Tamil Nadu,Full-time,Junior,5.4,10.5,1,2,Use machine and sensor data to identify failure patterns and improve maintenance planning. The role is based in Chennai and works with cross-functional teams.,"Python, IoT, HR Analytics, Predictive Maintenance, Machine Learning, PLC, Sensor Analytics",7,Synthetic demo data,Generated for SKILLYNTRA prototype; not live job-posting data.
SKL100749,HR Analyst,HR & Operations,TechNova Solutions,Hyderabad,Telangana,Full-time,Mid Level,7.3,12.7,2,5,"Analyze workforce data, prepare HR reports, and support evidence-based people and talent decisions. The role is based in Hyderabad and works with cross-functional teams.","Power BI, SQL, HR Analytics, Excel, Communication, Data Analysis, Scikit-learn",7,Synthetic demo data,Generated for SKILLYNTRA prototype; not live job-posting data.
SKL100750,Mechanical Design Engineer,Engineering & Manufacturing,CloudSphere,Jaipur,Rajasthan,Full-time,Senior,5.8,7.0,5,7,"Create and validate mechanical designs, prepare CAD models and drawings, and support manufacturing. The role is based in Jaipur and works with cross-functional teams.","Power BI, Manufacturing, CAD, Mechanical Design, AutoCAD, SolidWorks, GD&T, PyTorch",8,Synthetic demo data,Generated for SKILLYNTRA prototype; not live job-posting data.
SKL100751,EV Data Analyst,Automotive & EV,VisionEdge,Kolkata,West Bengal,Full-time,Senior,6.1,10.5,4,6,"Analyze electric-vehicle data, create dashboards, and identify operational and market trends. The role is based in Kolkata and works with cross-functional teams.","SQL, Excel, Python, Git, Power BI, Statistics, EV Analytics",7,Synthetic demo data,Generated for SKILLYNTRA prototype; not live job-posting data.
SKL100752,Electronics Engineer,Electronics & Embedded,Prime Automation,Mumbai,Maharashtra,Full-time,Mid Level,5.4,11.2,3,6,"Design, test, and troubleshoot electronic systems, PCBs, and embedded hardware. The role is based in Mumbai and works with cross-functional teams.","Circuit Design, C, PCB Design, Statistics, MATLAB, Embedded Systems, Testing",7,Synthetic demo data,Generated for SKILLYNTRA prototype; not live job-posting data.
SKL100753,Product Manager,Product & Business,FutureGrid,Hyderabad,Telangana,Contract,Mid Level,7.2,8.4,2,5,"Define product priorities, analyze user and market needs, coordinate teams, and measure product outcomes. The role is based in Hyderabad and works with cross-functional teams.","Agile, SCADA, Market Research, SQL, Communication, Product Management, Analytics",7,Synthetic demo data,Generated for SKILLYNTRA prototype; not live job-posting data.
SKL100754,HR Analyst,HR & Operations,TechNova Solutions,Noida,Uttar Pradesh,Full-time,Entry Level,3.8,9.2,0,3,"Analyze workforce data, prepare HR reports, and support evidence-based people and talent decisions. The role is based in Noida and works with cross-functional teams.","Communication, PCB Design, Power BI, Excel, HR Analytics, Data Analysis, Testing",7,Synthetic demo data,Generated for SKILLYNTRA prototype; not live job-posting data.
SKL100755,Cloud Engineer,Cloud & DevOps,InsightWorks,Bengaluru,Karnataka,Full-time,Junior,8.4,11.8,1,4,"Design and maintain cloud infrastructure, automate deployments, and improve reliability and scalability. The role is based in Bengaluru and works with cross-functional teams.","Linux, AWS, Azure, Kubernetes, Docker, CI/CD, Data Structures",7,Synthetic demo data,Generated for SKILLYNTRA prototype; not live job-posting data.
SKL100756,Product Manager,Product & Business,FutureGrid,Delhi,Delhi,Full-time,Mid Level,15.8,18.4,3,7,"Define product priorities, analyze user and market needs, coordinate teams, and measure product outcomes. The role is based in Delhi and works with cross-functional teams.","Product Management, CAD, Analytics, Communication, PLC, Market Research, Agile, SQL",8,Synthetic demo data,Generated for SKILLYNTRA prototype; not live job-posting data.
SKL100757,Product Manager,Product & Business,VisionEdge,Delhi,Delhi,Contract,Senior,11.9,17.3,6,8,"Define product priorities, analyze user and market needs, coordinate teams, and measure product outcomes. The role is based in Delhi and works with cross-functional teams.","Product Management, C#, Communication, Agile, SQL, Analytics, Market Research",7,Synthetic demo data,Generated for SKILLYNTRA prototype; not live job-posting data.
SKL100758,HR Analyst,HR & Operations,VisionEdge,Bengaluru,Karnataka,Full-time,Mid Level,5.8,11.3,3,7,"Analyze workforce data, prepare HR reports, and support evidence-based people and talent decisions. The role is based in Bengaluru and works with cross-functional teams.","Power BI, HR Analytics, Data Analysis, Excel, Communication",5,Synthetic demo data,Generated for SKILLYNTRA prototype; not live job-posting data.
SKL100759,Embedded Systems Engineer,Electronics & Embedded,Quantix Labs,Chennai,Tamil Nadu,Full-time,Junior,4.5,9.7,1,4,Develop firmware and embedded applications for microcontrollers and connected devices. The role is based in Chennai and works with cross-functional teams.,"RTOS, C++, Embedded Systems, Git, C, Microcontrollers",6,Synthetic demo data,Generated for SKILLYNTRA prototype; not live job-posting data.
SKL100760,AI Engineer,AI & Machine Learning,DataBridge,Pune,Maharashtra,Full-time,Senior,11.3,12.8,6,7,"Develop and deploy AI solutions, integrate machine-learning models into applications, and improve production performance. The role is based in Pune and works with cross-functional teams.","Machine Learning, TensorFlow, Linux, Python, Deep Learning, SQL, PyTorch",7,Synthetic demo data,Generated for SKILLYNTRA prototype; not live job-posting data.
SKL100761,Predictive Maintenance Engineer,Engineering & Manufacturing,CoreStack,Nashik,Maharashtra,Full-time,Senior,5.8,11.3,5,9,Use machine and sensor data to identify failure patterns and improve maintenance planning. The role is based in Nashik and works with cross-functional teams.,"IoT, C++, SQL, Sensor Analytics, Python, Machine Learning, PLC, Predictive Maintenance",8,Synthetic demo data,Generated for SKILLYNTRA prototype; not live job-posting data.
SKL100762,AI Engineer,AI & Machine Learning,IndusWorks,Pune,Maharashtra,Full-time,Senior,13.8,16.0,5,6,"Develop and deploy AI solutions, integrate machine-learning models into applications, and improve production performance. The role is based in Pune and works with cross-functional teams.","Deep Learning, TensorFlow, Machine Learning, SQL, Python, PyTorch",6,Synthetic demo data,Generated for SKILLYNTRA prototype; not live job-posting data.
SKL100763,Product Manager,Product & Business,AutoNext,Bengaluru,Karnataka,Full-time,Mid Level,17.9,21.7,3,5,"Define product priorities, analyze user and market needs, coordinate teams, and measure product outcomes. The role is based in Bengaluru and works with cross-functional teams.","PLC, Agile, Analytics, Communication, Product Management, Industrial AI, SQL, Market Research",8,Synthetic demo data,Generated for SKILLYNTRA prototype; not live job-posting data.
SKL100764,Predictive Maintenance Engineer,Engineering & Manufacturing,CoreStack,Gurugram,Haryana,Contract,Junior,9.1,11.5,1,5,Use machine and sensor data to identify failure patterns and improve maintenance planning. The role is based in Gurugram and works with cross-functional teams.,"Python, IoT, PLC, Machine Learning, Sensor Analytics, Predictive Maintenance",6,Synthetic demo data,Generated for SKILLYNTRA prototype; not live job-posting data.
SKL100765,Game Developer,Gaming & Interactive,Apex Digital,Gurugram,Haryana,Full-time,Mid Level,11.3,13.1,3,7,"Develop gameplay systems, implement mechanics, optimize performance, and collaborate with design teams. The role is based in Gurugram and works with cross-functional teams.","3D Mathematics, Unity, C#, Java, Game Development, Git, C++",7,Synthetic demo data,Generated for SKILLYNTRA prototype; not live job-posting data.
SKL100766,Electronics Engineer,Electronics & Embedded,MahaTech Industries,Hyderabad,Telangana,Full-time,Mid Level,6.5,11.2,2,4,"Design, test, and troubleshoot electronic systems, PCBs, and embedded hardware. The role is based in Hyderabad and works with cross-functional teams.","Circuit Design, Testing, MATLAB, 3D Mathematics, C, PCB Design, Embedded Systems",7,Synthetic demo data,Generated for SKILLYNTRA prototype; not live job-posting data.
SKL100767,Full Stack Developer,Software & IT,IndusWorks,Noida,Uttar Pradesh,Contract,Mid Level,8.9,14.2,2,5,Build responsive web applications across frontend and backend services and integrate APIs and databases. The role is based in Noida and works with cross-functional teams.,"HTML, React, JavaScript, SQL, Git, CSS, Node.js",7,Synthetic demo data,Generated for SKILLYNTRA prototype; not live job-posting data.
SKL100768,Industrial AI Engineer,Engineering & AI,Nova Mobility,Delhi,Delhi,Full-time,Senior,7.4,10.0,5,8,"Apply AI and computer vision to industrial processes, sensor data, and intelligent automation systems. The role is based in Delhi and works with cross-functional teams.","Computer Vision, IoT, Industrial AI, Machine Learning, SQL, Market Research, Python, Embedded Systems",8,Synthetic demo data,Generated for SKILLYNTRA prototype; not live job-posting data.
SKL100769,Industrial AI Engineer,Engineering & AI,AutoNext,Kolkata,West Bengal,Full-time,Mid Level,16.8,21.8,3,5,"Apply AI and computer vision to industrial processes, sensor data, and intelligent automation systems. The role is based in Kolkata and works with cross-functional teams.","RTOS, IoT, Python, Industrial AI, Computer Vision, SQL, Cybersecurity, Machine Learning",8,Synthetic demo data,Generated for SKILLYNTRA prototype; not live job-posting data.
SKL100770,Machine Learning Engineer,AI & Machine Learning,NextGen Analytics,Pune,Maharashtra,Full-time,Senior,14.3,19.5,4,7,"Develop, test, deploy, and maintain machine-learning pipelines and production models. The role is based in Pune and works with cross-functional teams.","Docker, PyTorch, Machine Learning, TensorFlow, Python, Scikit-learn",6,Synthetic demo data,Generated for SKILLYNTRA prototype; not live job-posting data.
SKL100771,Cloud Engineer,Cloud & DevOps,AutoNext,Aurangabad,Maharashtra,Full-time,Senior,8.5,13.2,4,7,"Design and maintain cloud infrastructure, automate deployments, and improve reliability and scalability. The role is based in Aurangabad and works with cross-functional teams.","CI/CD, Docker, Linux, SIEM, AWS, Azure, Kubernetes",7,Synthetic demo data,Generated for SKILLYNTRA prototype; not live job-posting data.
SKL100772,Data Scientist,AI & Data,IndusWorks,Ahmedabad,Gujarat,Contract,Junior,13.7,17.6,1,4,"Build statistical and machine-learning models, prepare datasets, evaluate model performance, and communicate findings. The role is based in Ahmedabad and works with cross-functional teams.","Pandas, Scikit-learn, Python, Statistics, SQL, Machine Learning",6,Synthetic demo data,Generated for SKILLYNTRA prototype; not live job-posting data.
SKL100773,Predictive Maintenance Engineer,Engineering & Manufacturing,Quantix Labs,Thane,Maharashtra,Contract,Senior,12.1,15.3,4,6,Use machine and sensor data to identify failure patterns and improve maintenance planning. The role is based in Thane and works with cross-functional teams.,"Excel, Sensor Analytics, PLC, Machine Learning, Scikit-learn, Python, Predictive Maintenance, IoT",8,Synthetic demo data,Generated for SKILLYNTRA prototype; not live job-posting data.
SKL100774,DevOps Engineer,Cloud & DevOps,SkillTech,Pune,Maharashtra,Full-time,Senior,6.3,11.4,5,8,"Automate software delivery, maintain CI/CD pipelines, monitor systems, and improve deployment reliability. The role is based in Pune and works with cross-functional teams.","Docker, CI/CD, Linux, Git, AWS, Kubernetes, TensorFlow",7,Synthetic demo data,Generated for SKILLYNTRA prototype; not live job-posting data.
SKL100775,AI Engineer,AI & Machine Learning,InsightWorks,Chennai,Tamil Nadu,Full-time,Mid Level,12.2,13.5,2,5,"Develop and deploy AI solutions, integrate machine-learning models into applications, and improve production performance. The role is based in Chennai and works with cross-functional teams.","PyTorch, Sensors, Machine Learning, TensorFlow, Python, SQL, Deep Learning, C",8,Synthetic demo data,Generated for SKILLYNTRA prototype; not live job-posting data.
SKL100776,Cloud Engineer,Cloud & DevOps,MahaTech Industries,Thane,Maharashtra,Contract,Mid Level,12.0,16.7,2,4,"Design and maintain cloud infrastructure, automate deployments, and improve reliability and scalability. The role is based in Thane and works with cross-functional teams.","Linux, CI/CD, Statistics, Kubernetes, Sensors, Docker, Azure, AWS",8,Synthetic demo data,Generated for SKILLYNTRA prototype; not live job-posting data.
SKL100777,Electronics Engineer,Electronics & Embedded,SkillTech,Gurugram,Haryana,Full-time,Entry Level,9.7,12.0,0,4,"Design, test, and troubleshoot electronic systems, PCBs, and embedded hardware. The role is based in Gurugram and works with cross-functional teams.","Embedded Systems, C, PCB Design, MATLAB, Testing, Circuit Design",6,Synthetic demo data,Generated for SKILLYNTRA prototype; not live job-posting data.
SKL100778,Mechanical Design Engineer,Engineering & Manufacturing,FutureGrid,Hyderabad,Telangana,Contract,Junior,9.6,10.7,1,2,"Create and validate mechanical designs, prepare CAD models and drawings, and support manufacturing. The role is based in Hyderabad and works with cross-functional teams.","SolidWorks, AutoCAD, GD&T, CAD, Mechanical Design, Manufacturing",6,Synthetic demo data,Generated for SKILLYNTRA prototype; not live job-posting data.
SKL100779,Data Scientist,AI & Data,InnoSoft,Bengaluru,Karnataka,Full-time,Mid Level,13.0,16.8,2,6,"Build statistical and machine-learning models, prepare datasets, evaluate model performance, and communicate findings. The role is based in Bengaluru and works with cross-functional teams.","Scikit-learn, Pandas, SQL, Machine Learning, Python, Statistics",6,Synthetic demo data,Generated for SKILLYNTRA prototype; not live job-posting data.
SKL100780,Mechanical Design Engineer,Engineering & Manufacturing,MahaTech Industries,Kolkata,West Bengal,Full-time,Junior,4.1,5.1,1,3,"Create and validate mechanical designs, prepare CAD models and drawings, and support manufacturing. The role is based in Kolkata and works with cross-functional teams.","SolidWorks, GD&T, CAD, AutoCAD, Mechanical Design, Manufacturing, PyTorch",7,Synthetic demo data,Generated for SKILLYNTRA prototype; not live job-posting data.
SKL100781,AI Engineer,AI & Machine Learning,IndusWorks,Pune,Maharashtra,Full-time,Senior,10.7,13.2,4,6,"Develop and deploy AI solutions, integrate machine-learning models into applications, and improve production performance. The role is based in Pune and works with cross-functional teams.","Microcontrollers, Python, SQL, Sensor Analytics, TensorFlow, Machine Learning, Deep Learning, PyTorch",8,Synthetic demo data,Generated for SKILLYNTRA prototype; not live job-posting data.
SKL100782,AI Engineer,AI & Machine Learning,CoreStack,Aurangabad,Maharashtra,Full-time,Mid Level,16.2,21.2,2,6,"Develop and deploy AI solutions, integrate machine-learning models into applications, and improve production performance. The role is based in Aurangabad and works with cross-functional teams.","Python, Machine Learning, SQL, TensorFlow, Deep Learning, PyTorch",6,Synthetic demo data,Generated for SKILLYNTRA prototype; not live job-posting data.
SKL100783,Predictive Maintenance Engineer,Engineering & Manufacturing,DataBridge,Kolkata,West Bengal,Full-time,Mid Level,5.0,10.5,2,3,Use machine and sensor data to identify failure patterns and improve maintenance planning. The role is based in Kolkata and works with cross-functional teams.,"Sensor Analytics, PLC, Testing, Predictive Maintenance, IoT, Python, Machine Learning, Market Research",8,Synthetic demo data,Generated for SKILLYNTRA prototype; not live job-posting data.
SKL100784,EV Data Analyst,Automotive & EV,Apex Digital,Nagpur,Maharashtra,Full-time,Mid Level,4.3,6.5,2,4,"Analyze electric-vehicle data, create dashboards, and identify operational and market trends. The role is based in Nagpur and works with cross-functional teams.","Power BI, Excel, SQL, EV Analytics, Python, Statistics, Microcontrollers",7,Synthetic demo data,Generated for SKILLYNTRA prototype; not live job-posting data.
SKL100785,Cybersecurity Analyst,Cybersecurity,InnoSoft,Delhi,Delhi,Full-time,Mid Level,4.5,9.8,2,3,"Monitor security events, investigate incidents, assess risks, and support security controls. The role is based in Delhi and works with cross-functional teams.","Linux, Networking, IoT, Python, Incident Response, SIEM, Cybersecurity",7,Synthetic demo data,Generated for SKILLYNTRA prototype; not live job-posting data.
SKL100786,Game Developer,Gaming & Interactive,Prime Automation,Nashik,Maharashtra,Full-time,Senior,9.9,11.1,4,5,"Develop gameplay systems, implement mechanics, optimize performance, and collaborate with design teams. The role is based in Nashik and works with cross-functional teams.","Unity, Statistics, Game Development, 3D Mathematics, C#, Git, C++",7,Synthetic demo data,Generated for SKILLYNTRA prototype; not live job-posting data.
SKL100787,Business Analyst,Business & Analytics,SkillTech,Gurugram,Haryana,Contract,Mid Level,10.3,15.9,3,7,"Gather business requirements, analyze operational data, create reports, and support decision-making. The role is based in Gurugram and works with cross-functional teams.","Statistics, Excel, Power BI, Business Analysis, Communication, SQL",6,Synthetic demo data,Generated for SKILLYNTRA prototype; not live job-posting data.
SKL100788,Mechanical Design Engineer,Engineering & Manufacturing,InsightWorks,Delhi,Delhi,Full-time,Senior,4.6,7.5,4,7,"Create and validate mechanical designs, prepare CAD models and drawings, and support manufacturing. The role is based in Delhi and works with cross-functional teams.","Manufacturing, SolidWorks, CAD, TensorFlow, Mechanical Design, Data Analysis, AutoCAD, GD&T",8,Synthetic demo data,Generated for SKILLYNTRA prototype; not live job-posting data.
SKL100789,Embedded Systems Engineer,Electronics & Embedded,MahaTech Industries,Bengaluru,Karnataka,Contract,Senior,7.3,11.6,4,7,Develop firmware and embedded applications for microcontrollers and connected devices. The role is based in Bengaluru and works with cross-functional teams.,"Microcontrollers, SCADA, C++, Git, RTOS, Embedded Systems, REST API, C",8,Synthetic demo data,Generated for SKILLYNTRA prototype; not live job-posting data.
SKL100790,Automation Engineer,Engineering & Automation,VisionEdge,Pune,Maharashtra,Full-time,Entry Level,4.3,7.1,0,4,"Design and maintain industrial automation systems, PLC programs, sensors, and control workflows. The role is based in Pune and works with cross-functional teams.","SQL, Industrial Automation, SCADA, Sensors, Python, PLC, Linux, IoT",8,Synthetic demo data,Generated for SKILLYNTRA prototype; not live job-posting data.
SKL100791,Automation Engineer,Engineering & Automation,DataBridge,Nashik,Maharashtra,Full-time,Mid Level,11.0,12.6,2,5,"Design and maintain industrial automation systems, PLC programs, sensors, and control workflows. The role is based in Nashik and works with cross-functional teams.","Python, IoT, Industrial Automation, CI/CD, Sensors, C++, SCADA, PLC",8,Synthetic demo data,Generated for SKILLYNTRA prototype; not live job-posting data.
SKL100792,Data Scientist,AI & Data,CloudSphere,Chennai,Tamil Nadu,Full-time,Junior,15.8,16.8,1,4,"Build statistical and machine-learning models, prepare datasets, evaluate model performance, and communicate findings. The role is based in Chennai and works with cross-functional teams.","Machine Learning, Java, Statistics, SQL, Pandas, Python, Scikit-learn",7,Synthetic demo data,Generated for SKILLYNTRA prototype; not live job-posting data.
SKL100793,Predictive Maintenance Engineer,Engineering & Manufacturing,Apex Digital,Hyderabad,Telangana,Full-time,Senior,6.8,9.4,4,5,Use machine and sensor data to identify failure patterns and improve maintenance planning. The role is based in Hyderabad and works with cross-functional teams.,"Predictive Maintenance, IoT, Machine Learning, Python, Sensor Analytics, PLC, SIEM",7,Synthetic demo data,Generated for SKILLYNTRA prototype; not live job-posting data.
SKL100794,Software Engineer,Software & IT,SmartFab Technologies,Pune,Maharashtra,Full-time,Senior,8.3,11.4,4,7,"Design, develop, test, and maintain software services while collaborating with engineering teams. The role is based in Pune and works with cross-functional teams.","Git, Excel, Data Structures, SQL, Java, Python, Industrial Automation, REST API",8,Synthetic demo data,Generated for SKILLYNTRA prototype; not live job-posting data.
SKL100795,Embedded Systems Engineer,Electronics & Embedded,Apex Digital,Pune,Maharashtra,Contract,Senior,11.3,14.8,4,6,Develop firmware and embedded applications for microcontrollers and connected devices. The role is based in Pune and works with cross-functional teams.,"Kubernetes, React, Embedded Systems, C, RTOS, Microcontrollers, C++, Git",8,Synthetic demo data,Generated for SKILLYNTRA prototype; not live job-posting data.
SKL100796,AI Engineer,AI & Machine Learning,CloudSphere,Mumbai,Maharashtra,Full-time,Senior,14.0,15.6,5,9,"Develop and deploy AI solutions, integrate machine-learning models into applications, and improve production performance. The role is based in Mumbai and works with cross-functional teams.","Python, Deep Learning, Machine Learning, PyTorch, RTOS, TensorFlow, SQL, Analytics",8,Synthetic demo data,Generated for SKILLYNTRA prototype; not live job-posting data.
SKL100797,Embedded Systems Engineer,Electronics & Embedded,CloudSphere,Aurangabad,Maharashtra,Contract,Mid Level,11.2,17.1,2,4,Develop firmware and embedded applications for microcontrollers and connected devices. The role is based in Aurangabad and works with cross-functional teams.,"C++, Git, RTOS, C, Embedded Systems, Microcontrollers",6,Synthetic demo data,Generated for SKILLYNTRA prototype; not live job-posting data.
SKL100798,Mechanical Design Engineer,Engineering & Manufacturing,NextGen Analytics,Thane,Maharashtra,Full-time,Mid Level,9.4,13.7,2,3,"Create and validate mechanical designs, prepare CAD models and drawings, and support manufacturing. The role is based in Thane and works with cross-functional teams.","GD&T, AutoCAD, CAD, Mechanical Design, Industrial AI, Manufacturing, SolidWorks, Cybersecurity",8,Synthetic demo data,Generated for SKILLYNTRA prototype; not live job-posting data.
SKL100799,Product Manager,Product & Business,SmartFab Technologies,Thane,Maharashtra,Full-time,Mid Level,12.3,15.8,2,3,"Define product priorities, analyze user and market needs, coordinate teams, and measure product outcomes. The role is based in Thane and works with cross-functional teams.","Agile, Communication, Product Management, Market Research, SQL, Analytics",6,Synthetic demo data,Generated for SKILLYNTRA prototype; not live job-posting data.
SKL100800,Full Stack Developer,Software & IT,Prime Automation,Mumbai,Maharashtra,Contract,Mid Level,11.6,13.2,2,6,Build responsive web applications across frontend and backend services and integrate APIs and databases. The role is based in Mumbai and works with cross-functional teams.,"CSS, Node.js, HTML, React, JavaScript, SQL, Git",7,Synthetic demo data,Generated for SKILLYNTRA prototype; not live job-posting data.
SKL100801,Mechanical Design Engineer,Engineering & Manufacturing,IndusWorks,Thane,Maharashtra,Contract,Mid Level,8.1,9.7,3,5,"Create and validate mechanical designs, prepare CAD models and drawings, and support manufacturing. The role is based in Thane and works with cross-functional teams.","GD&T, SolidWorks, CAD, Mechanical Design, AutoCAD, Market Research, Manufacturing",7,Synthetic demo data,Generated for SKILLYNTRA prototype; not live job-posting data.
SKL100802,Mechanical Design Engineer,Engineering & Manufacturing,VisionEdge,Noida,Uttar Pradesh,Full-time,Senior,5.4,8.8,5,9,"Create and validate mechanical designs, prepare CAD models and drawings, and support manufacturing. The role is based in Noida and works with cross-functional teams.","Manufacturing, GD&T, CAD, AutoCAD, SolidWorks, Mechanical Design",6,Synthetic demo data,Generated for SKILLYNTRA prototype; not live job-posting data.
SKL100803,Automation Engineer,Engineering & Automation,SmartFab Technologies,Bengaluru,Karnataka,Contract,Mid Level,8.1,12.0,3,5,"Design and maintain industrial automation systems, PLC programs, sensors, and control workflows. The role is based in Bengaluru and works with cross-functional teams.","Python, PLC, Sensors, IoT, Industrial Automation, SCADA",6,Synthetic demo data,Generated for SKILLYNTRA prototype; not live job-posting data.
SKL100804,Product Manager,Product & Business,InnoSoft,Thane,Maharashtra,Full-time,Senior,19.4,20.6,4,6,"Define product priorities, analyze user and market needs, coordinate teams, and measure product outcomes. The role is based in Thane and works with cross-functional teams.","Sensors, Market Research, Product Management, Communication, Agile, Analytics, Predictive Maintenance, SQL",8,Synthetic demo data,Generated for SKILLYNTRA prototype; not live job-posting data.
SKL100805,Full Stack Developer,Software & IT,FutureGrid,Mumbai,Maharashtra,Full-time,Mid Level,8.7,14.1,2,6,Build responsive web applications across frontend and backend services and integrate APIs and databases. The role is based in Mumbai and works with cross-functional teams.,"Git, SQL, CSS, Node.js, React, JavaScript, Unity, HTML",8,Synthetic demo data,Generated for SKILLYNTRA prototype; not live job-posting data.
SKL100806,EV Data Analyst,Automotive & EV,BluePeak Consulting,Jaipur,Rajasthan,Contract,Junior,8.8,10.0,1,2,"Analyze electric-vehicle data, create dashboards, and identify operational and market trends. The role is based in Jaipur and works with cross-functional teams.","Excel, SQL, EV Analytics, Power BI, Kubernetes, RTOS, Python, Statistics",8,Synthetic demo data,Generated for SKILLYNTRA prototype; not live job-posting data.
SKL100807,Automation Engineer,Engineering & Automation,IndusWorks,Chennai,Tamil Nadu,Full-time,Mid Level,11.3,15.9,3,6,"Design and maintain industrial automation systems, PLC programs, sensors, and control workflows. The role is based in Chennai and works with cross-functional teams.","Industrial Automation, PLC, SCADA, Python, Sensors, IoT",6,Synthetic demo data,Generated for SKILLYNTRA prototype; not live job-posting data.
SKL100808,Cybersecurity Analyst,Cybersecurity,Apex Digital,Gurugram,Haryana,Full-time,Mid Level,10.7,12.8,2,3,"Monitor security events, investigate incidents, assess risks, and support security controls. The role is based in Gurugram and works with cross-functional teams.","Cybersecurity, SIEM, Python, Incident Response, Linux, Networking",6,Synthetic demo data,Generated for SKILLYNTRA prototype; not live job-posting data.
SKL100809,Business Analyst,Business & Analytics,MahaTech Industries,Kolkata,West Bengal,Contract,Mid Level,11.5,16.4,3,4,"Gather business requirements, analyze operational data, create reports, and support decision-making. The role is based in Kolkata and works with cross-functional teams.","Excel, Power BI, Business Analysis, Statistics, SQL, Communication, Circuit Design",7,Synthetic demo data,Generated for SKILLYNTRA prototype; not live job-posting data.
SKL100810,DevOps Engineer,Cloud & DevOps,Vertex Systems,Noida,Uttar Pradesh,Full-time,Mid Level,7.8,12.9,3,7,"Automate software delivery, maintain CI/CD pipelines, monitor systems, and improve deployment reliability. The role is based in Noida and works with cross-functional teams.","Deep Learning, AWS, CI/CD, JavaScript, Linux, Git, Docker, Kubernetes",8,Synthetic demo data,Generated for SKILLYNTRA prototype; not live job-posting data.
SKL100811,Industrial AI Engineer,Engineering & AI,SkillTech,Chennai,Tamil Nadu,Full-time,Mid Level,6.4,10.9,2,4,"Apply AI and computer vision to industrial processes, sensor data, and intelligent automation systems. The role is based in Chennai and works with cross-functional teams.","GD&T, Python, Industrial AI, Machine Learning, Networking, IoT, SQL, Computer Vision",8,Synthetic demo data,Generated for SKILLYNTRA prototype; not live job-posting data.
SKL100812,Industrial AI Engineer,Engineering & AI,InnoSoft,Hyderabad,Telangana,Full-time,Senior,12.0,14.5,5,8,"Apply AI and computer vision to industrial processes, sensor data, and intelligent automation systems. The role is based in Hyderabad and works with cross-functional teams.","SQL, Industrial AI, Machine Learning, Computer Vision, IoT, Python",6,Synthetic demo data,Generated for SKILLYNTRA prototype; not live job-posting data.
SKL100813,Mechanical Design Engineer,Engineering & Manufacturing,Nova Mobility,Mumbai,Maharashtra,Full-time,Mid Level,7.8,10.5,3,6,"Create and validate mechanical designs, prepare CAD models and drawings, and support manufacturing. The role is based in Mumbai and works with cross-functional teams.","Predictive Maintenance, AutoCAD, GD&T, Manufacturing, Mechanical Design, CAD, SolidWorks",7,Synthetic demo data,Generated for SKILLYNTRA prototype; not live job-posting data.
SKL100814,Product Manager,Product & Business,BluePeak Consulting,Aurangabad,Maharashtra,Full-time,Mid Level,7.8,12.6,3,7,"Define product priorities, analyze user and market needs, coordinate teams, and measure product outcomes. The role is based in Aurangabad and works with cross-functional teams.","Product Management, PLC, Market Research, Analytics, Communication, SQL, Agile",7,Synthetic demo data,Generated for SKILLYNTRA prototype; not live job-posting data.
SKL100815,Data Scientist,AI & Data,AutoNext,Aurangabad,Maharashtra,Full-time,Mid Level,12.4,13.6,2,5,"Build statistical and machine-learning models, prepare datasets, evaluate model performance, and communicate findings. The role is based in Aurangabad and works with cross-functional teams.","Statistics, Python, Machine Learning, Scikit-learn, Game Development, Pandas, SQL",7,Synthetic demo data,Generated for SKILLYNTRA prototype; not live job-posting data.
SKL100816,Software Engineer,Software & IT,CoreStack,Delhi,Delhi,Full-time,Entry Level,13.0,14.5,0,1,"Design, develop, test, and maintain software services while collaborating with engineering teams. The role is based in Delhi and works with cross-functional teams.","Java, Git, SQL, Statistics, Python, REST API, EV Analytics, Data Structures",8,Synthetic demo data,Generated for SKILLYNTRA prototype; not live job-posting data.
SKL100817,EV Data Analyst,Automotive & EV,Nova Mobility,Nagpur,Maharashtra,Full-time,Senior,10.9,13.0,4,8,"Analyze electric-vehicle data, create dashboards, and identify operational and market trends. The role is based in Nagpur and works with cross-functional teams.","SQL, EV Analytics, Python, Statistics, Excel, Power BI",6,Synthetic demo data,Generated for SKILLYNTRA prototype; not live job-posting data.
SKL100818,Data Scientist,AI & Data,TechNova Solutions,Jaipur,Rajasthan,Full-time,Senior,11.0,16.0,5,6,"Build statistical and machine-learning models, prepare datasets, evaluate model performance, and communicate findings. The role is based in Jaipur and works with cross-functional teams.","Scikit-learn, Statistics, Python, Pandas, Machine Learning, SQL",6,Synthetic demo data,Generated for SKILLYNTRA prototype; not live job-posting data.
SKL100819,Data Scientist,AI & Data,Apex Digital,Aurangabad,Maharashtra,Full-time,Senior,7.3,12.0,4,8,"Build statistical and machine-learning models, prepare datasets, evaluate model performance, and communicate findings. The role is based in Aurangabad and works with cross-functional teams.","SQL, Machine Learning, Pandas, Statistics, Scikit-learn, SIEM, Python",7,Synthetic demo data,Generated for SKILLYNTRA prototype; not live job-posting data.
SKL100820,Machine Learning Engineer,AI & Machine Learning,InsightWorks,Gurugram,Haryana,Full-time,Senior,17.0,22.3,4,6,"Develop, test, deploy, and maintain machine-learning pipelines and production models. The role is based in Gurugram and works with cross-functional teams.","HR Analytics, TensorFlow, Machine Learning, Scikit-learn, Python, Docker, PyTorch",7,Synthetic demo data,Generated for SKILLYNTRA prototype; not live job-posting data.
SKL100821,Machine Learning Engineer,AI & Machine Learning,InsightWorks,Aurangabad,Maharashtra,Contract,Senior,10.5,12.0,4,8,"Develop, test, deploy, and maintain machine-learning pipelines and production models. The role is based in Aurangabad and works with cross-functional teams.","PyTorch, Python, Docker, Machine Learning, Kubernetes, TensorFlow, Scikit-learn",7,Synthetic demo data,Generated for SKILLYNTRA prototype; not live job-posting data.
SKL100822,Game Developer,Gaming & Interactive,CoreStack,Thane,Maharashtra,Full-time,Senior,8.1,12.0,5,6,"Develop gameplay systems, implement mechanics, optimize performance, and collaborate with design teams. The role is based in Thane and works with cross-functional teams.","C++, C#, Git, 3D Mathematics, Unity, Game Development",6,Synthetic demo data,Generated for SKILLYNTRA prototype; not live job-posting data.
SKL100823,Product Manager,Product & Business,IndusWorks,Thane,Maharashtra,Full-time,Senior,8.2,10.1,7,8,"Define product priorities, analyze user and market needs, coordinate teams, and measure product outcomes. The role is based in Thane and works with cross-functional teams.","Communication, Analytics, Agile, SQL, Manufacturing, Product Management, Market Research",7,Synthetic demo data,Generated for SKILLYNTRA prototype; not live job-posting data.
SKL100824,Data Scientist,AI & Data,AutoNext,Ahmedabad,Gujarat,Full-time,Mid Level,9.1,11.8,3,7,"Build statistical and machine-learning models, prepare datasets, evaluate model performance, and communicate findings. The role is based in Ahmedabad and works with cross-functional teams.","Pandas, SQL, Scikit-learn, Statistics, Machine Learning, Python",6,Synthetic demo data,Generated for SKILLYNTRA prototype; not live job-posting data.
SKL100825,EV Data Analyst,Automotive & EV,AutoNext,Ahmedabad,Gujarat,Full-time,Senior,6.5,10.8,4,8,"Analyze electric-vehicle data, create dashboards, and identify operational and market trends. The role is based in Ahmedabad and works with cross-functional teams.","Power BI, SQL, Industrial AI, Python, EV Analytics, Statistics, Excel",7,Synthetic demo data,Generated for SKILLYNTRA prototype; not live job-posting data.
SKL100826,Game Developer,Gaming & Interactive,TechNova Solutions,Nashik,Maharashtra,Full-time,Junior,5.5,8.7,1,2,"Develop gameplay systems, implement mechanics, optimize performance, and collaborate with design teams. The role is based in Nashik and works with cross-functional teams.","C#, Unity, 3D Mathematics, Git, Game Development, C++",6,Synthetic demo data,Generated for SKILLYNTRA prototype; not live job-posting data.
SKL100827,EV Data Analyst,Automotive & EV,InnoSoft,Bengaluru,Karnataka,Full-time,Entry Level,4.9,10.9,0,3,"Analyze electric-vehicle data, create dashboards, and identify operational and market trends. The role is based in Bengaluru and works with cross-functional teams.","SQL, Python, Statistics, Excel, TensorFlow, Power BI, Sensor Analytics, EV Analytics",8,Synthetic demo data,Generated for SKILLYNTRA prototype; not live job-posting data.
SKL100828,Product Manager,Product & Business,Vertex Systems,Chennai,Tamil Nadu,Full-time,Senior,13.8,16.0,6,9,"Define product priorities, analyze user and market needs, coordinate teams, and measure product outcomes. The role is based in Chennai and works with cross-functional teams.","Product Management, SQL, Cybersecurity, Analytics, Market Research, Communication, Agile",7,Synthetic demo data,Generated for SKILLYNTRA prototype; not live job-posting data.
SKL100829,Business Analyst,Business & Analytics,Nova Mobility,Bengaluru,Karnataka,Full-time,Junior,4.5,10.4,1,5,"Gather business requirements, analyze operational data, create reports, and support decision-making. The role is based in Bengaluru and works with cross-functional teams.","Power BI, Communication, Statistics, Business Analysis, SQL, PLC, Excel",7,Synthetic demo data,Generated for SKILLYNTRA prototype; not live job-posting data.
SKL100830,Electronics Engineer,Electronics & Embedded,SkillTech,Hyderabad,Telangana,Contract,Junior,5.8,9.6,1,2,"Design, test, and troubleshoot electronic systems, PCBs, and embedded hardware. The role is based in Hyderabad and works with cross-functional teams.","C, Testing, MATLAB, Embedded Systems, Circuit Design, PCB Design",6,Synthetic demo data,Generated for SKILLYNTRA prototype; not live job-posting data.
SKL100831,Embedded Systems Engineer,Electronics & Embedded,FutureGrid,Gurugram,Haryana,Full-time,Mid Level,12.4,16.2,2,6,Develop firmware and embedded applications for microcontrollers and connected devices. The role is based in Gurugram and works with cross-functional teams.,"Embedded Systems, PLC, Microcontrollers, Git, C, Communication, RTOS, C++",8,Synthetic demo data,Generated for SKILLYNTRA prototype; not live job-posting data.
SKL100832,Embedded Systems Engineer,Electronics & Embedded,IndusWorks,Mumbai,Maharashtra,Full-time,Senior,7.0,11.8,4,8,Develop firmware and embedded applications for microcontrollers and connected devices. The role is based in Mumbai and works with cross-functional teams.,"Microcontrollers, Embedded Systems, RTOS, Git, C, Mechanical Design, C++, Data Visualization",8,Synthetic demo data,Generated for SKILLYNTRA prototype; not live job-posting data.
SKL100833,Software Engineer,Software & IT,AutoNext,Nashik,Maharashtra,Full-time,Entry Level,5.8,11.6,0,3,"Design, develop, test, and maintain software services while collaborating with engineering teams. The role is based in Nashik and works with cross-functional teams.","Python, Java, SQL, Data Structures, Git, REST API",6,Synthetic demo data,Generated for SKILLYNTRA prototype; not live job-posting data.
SKL100834,Product Manager,Product & Business,Apex Digital,Chennai,Tamil Nadu,Full-time,Mid Level,11.9,14.8,3,7,"Define product priorities, analyze user and market needs, coordinate teams, and measure product outcomes. The role is based in Chennai and works with cross-functional teams.","Market Research, SQL, Communication, Product Management, GD&T, Analytics, Agile",7,Synthetic demo data,Generated for SKILLYNTRA prototype; not live job-posting data.
SKL100835,Cybersecurity Analyst,Cybersecurity,IndusWorks,Gurugram,Haryana,Full-time,Mid Level,8.4,13.4,3,7,"Monitor security events, investigate incidents, assess risks, and support security controls. The role is based in Gurugram and works with cross-functional teams.","SIEM, MATLAB, Python, Cybersecurity, Linux, Networking, Incident Response, C",8,Synthetic demo data,Generated for SKILLYNTRA prototype; not live job-posting data.
SKL100836,Mechanical Design Engineer,Engineering & Manufacturing,SkillTech,Nagpur,Maharashtra,Full-time,Senior,6.0,7.9,4,6,"Create and validate mechanical designs, prepare CAD models and drawings, and support manufacturing. The role is based in Nagpur and works with cross-functional teams.","CAD, Mechanical Design, 3D Mathematics, AutoCAD, SolidWorks, Manufacturing, GD&T, Communication",8,Synthetic demo data,Generated for SKILLYNTRA prototype; not live job-posting data.
SKL100837,Machine Learning Engineer,AI & Machine Learning,Quantix Labs,Kolkata,West Bengal,Full-time,Mid Level,14.3,15.4,3,4,"Develop, test, deploy, and maintain machine-learning pipelines and production models. The role is based in Kolkata and works with cross-functional teams.","Docker, PyTorch, Machine Learning, Scikit-learn, Python, Microcontrollers, TensorFlow",7,Synthetic demo data,Generated for SKILLYNTRA prototype; not live job-posting data.
SKL100838,Industrial AI Engineer,Engineering & AI,VisionEdge,Delhi,Delhi,Full-time,Senior,11.2,16.6,4,6,"Apply AI and computer vision to industrial processes, sensor data, and intelligent automation systems. The role is based in Delhi and works with cross-functional teams.","Computer Vision, SQL, React, Machine Learning, Industrial AI, Business Analysis, IoT, Python",8,Synthetic demo data,Generated for SKILLYNTRA prototype; not live job-posting data.
SKL100839,AI Engineer,AI & Machine Learning,Apex Digital,Bengaluru,Karnataka,Full-time,Junior,15.3,16.6,1,5,"Develop and deploy AI solutions, integrate machine-learning models into applications, and improve production performance. The role is based in Bengaluru and works with cross-functional teams.","PyTorch, Python, SQL, Machine Learning, Deep Learning, TensorFlow",6,Synthetic demo data,Generated for SKILLYNTRA prototype; not live job-posting data.
SKL100840,Business Analyst,Business & Analytics,Nova Mobility,Kolkata,West Bengal,Full-time,Senior,8.1,13.8,4,7,"Gather business requirements, analyze operational data, create reports, and support decision-making. The role is based in Kolkata and works with cross-functional teams.","Excel, Power BI, Business Analysis, Communication, SQL, Statistics, HTML",7,Synthetic demo data,Generated for SKILLYNTRA prototype; not live job-posting data.
SKL100841,AI Engineer,AI & Machine Learning,VisionEdge,Nashik,Maharashtra,Full-time,Junior,14.9,19.4,1,4,"Develop and deploy AI solutions, integrate machine-learning models into applications, and improve production performance. The role is based in Nashik and works with cross-functional teams.","TensorFlow, PyTorch, Machine Learning, Deep Learning, Python, CI/CD, SQL",7,Synthetic demo data,Generated for SKILLYNTRA prototype; not live job-posting data.
SKL100842,Business Analyst,Business & Analytics,InsightWorks,Hyderabad,Telangana,Full-time,Senior,8.5,11.8,5,6,"Gather business requirements, analyze operational data, create reports, and support decision-making. The role is based in Hyderabad and works with cross-functional teams.","Power BI, Communication, Business Analysis, Statistics, Excel, SQL",6,Synthetic demo data,Generated for SKILLYNTRA prototype; not live job-posting data.
SKL100843,Full Stack Developer,Software & IT,TechNova Solutions,Ahmedabad,Gujarat,Contract,Junior,8.9,14.3,1,4,Build responsive web applications across frontend and backend services and integrate APIs and databases. The role is based in Ahmedabad and works with cross-functional teams.,"Git, JavaScript, SQL, HTML, React, CSS, Node.js",7,Synthetic demo data,Generated for SKILLYNTRA prototype; not live job-posting data.
SKL100844,Product Manager,Product & Business,DataBridge,Nashik,Maharashtra,Full-time,Mid Level,12.4,17.6,3,6,"Define product priorities, analyze user and market needs, coordinate teams, and measure product outcomes. The role is based in Nashik and works with cross-functional teams.","Product Management, Communication, SQL, Analytics, Agile, Sensors, Market Research",7,Synthetic demo data,Generated for SKILLYNTRA prototype; not live job-posting data.
SKL100845,AI Engineer,AI & Machine Learning,Quantix Labs,Hyderabad,Telangana,Full-time,Senior,11.5,15.7,5,8,"Develop and deploy AI solutions, integrate machine-learning models into applications, and improve production performance. The role is based in Hyderabad and works with cross-functional teams.","PyTorch, TensorFlow, Deep Learning, Python, Machine Learning, SCADA, SQL",7,Synthetic demo data,Generated for SKILLYNTRA prototype; not live job-posting data.
SKL100846,EV Data Analyst,Automotive & EV,Vertex Systems,Delhi,Delhi,Full-time,Senior,6.8,11.8,5,9,"Analyze electric-vehicle data, create dashboards, and identify operational and market trends. The role is based in Delhi and works with cross-functional teams.","SQL, Statistics, Python, Circuit Design, EV Analytics, Excel, Power BI",7,Synthetic demo data,Generated for SKILLYNTRA prototype; not live job-posting data.
SKL100847,Cloud Engineer,Cloud & DevOps,DataBridge,Hyderabad,Telangana,Full-time,Junior,11.7,15.8,1,2,"Design and maintain cloud infrastructure, automate deployments, and improve reliability and scalability. The role is based in Hyderabad and works with cross-functional teams.","AWS, Azure, CAD, CI/CD, Linux, Kubernetes, Docker",7,Synthetic demo data,Generated for SKILLYNTRA prototype; not live job-posting data.
SKL100848,Business Analyst,Business & Analytics,Apex Digital,Gurugram,Haryana,Full-time,Senior,11.0,12.0,5,8,"Gather business requirements, analyze operational data, create reports, and support decision-making. The role is based in Gurugram and works with cross-functional teams.","Communication, Statistics, Business Analysis, Excel, SQL, IoT, Power BI",7,Synthetic demo data,Generated for SKILLYNTRA prototype; not live job-posting data.
SKL100849,Automation Engineer,Engineering & Automation,Nova Mobility,Chennai,Tamil Nadu,Contract,Entry Level,10.5,13.8,0,4,"Design and maintain industrial automation systems, PLC programs, sensors, and control workflows. The role is based in Chennai and works with cross-functional teams.","PLC, Sensors, Git, Python, Industrial Automation, SCADA, IoT, PCB Design",8,Synthetic demo data,Generated for SKILLYNTRA prototype; not live job-posting data.
SKL100850,Game Developer,Gaming & Interactive,MahaTech Industries,Aurangabad,Maharashtra,Full-time,Junior,7.8,12.7,1,2,"Develop gameplay systems, implement mechanics, optimize performance, and collaborate with design teams. The role is based in Aurangabad and works with cross-functional teams.","3D Mathematics, Mechanical Design, Game Development, C#, Incident Response, Git, Unity, C++",8,Synthetic demo data,Generated for SKILLYNTRA prototype; not live job-posting data.
SKL100851,Software Engineer,Software & IT,SmartFab Technologies,Noida,Uttar Pradesh,Full-time,Entry Level,8.1,12.9,0,1,"Design, develop, test, and maintain software services while collaborating with engineering teams. The role is based in Noida and works with cross-functional teams.","Data Structures, REST API, SQL, Python, Industrial AI, Java, Git",7,Synthetic demo data,Generated for SKILLYNTRA prototype; not live job-posting data.
SKL100852,Full Stack Developer,Software & IT,FutureGrid,Aurangabad,Maharashtra,Full-time,Entry Level,6.7,8.8,0,2,Build responsive web applications across frontend and backend services and integrate APIs and databases. The role is based in Aurangabad and works with cross-functional teams.,"SQL, HTML, JavaScript, Node.js, Git, React, CSS",7,Synthetic demo data,Generated for SKILLYNTRA prototype; not live job-posting data.
SKL100853,HR Analyst,HR & Operations,AutoNext,Mumbai,Maharashtra,Full-time,Senior,7.2,12.8,4,8,"Analyze workforce data, prepare HR reports, and support evidence-based people and talent decisions. The role is based in Mumbai and works with cross-functional teams.","Power BI, SIEM, Data Analysis, Excel, HR Analytics, Git, Communication",7,Synthetic demo data,Generated for SKILLYNTRA prototype; not live job-posting data.
SKL100854,Software Engineer,Software & IT,SmartFab Technologies,Bengaluru,Karnataka,Full-time,Mid Level,11.0,14.6,2,6,"Design, develop, test, and maintain software services while collaborating with engineering teams. The role is based in Bengaluru and works with cross-functional teams.","Java, SQL, Git, Python, REST API, IoT, Data Structures",7,Synthetic demo data,Generated for SKILLYNTRA prototype; not live job-posting data.
SKL100855,HR Analyst,HR & Operations,SmartFab Technologies,Thane,Maharashtra,Full-time,Senior,6.7,11.4,4,5,"Analyze workforce data, prepare HR reports, and support evidence-based people and talent decisions. The role is based in Thane and works with cross-functional teams.","Power BI, Excel, Communication, Data Analysis, HR Analytics",5,Synthetic demo data,Generated for SKILLYNTRA prototype; not live job-posting data.
SKL100856,Cloud Engineer,Cloud & DevOps,Prime Automation,Aurangabad,Maharashtra,Full-time,Junior,10.2,12.1,1,4,"Design and maintain cloud infrastructure, automate deployments, and improve reliability and scalability. The role is based in Aurangabad and works with cross-functional teams.","AWS, Azure, Kubernetes, Docker, CI/CD, Linux",6,Synthetic demo data,Generated for SKILLYNTRA prototype; not live job-posting data.
SKL100857,Cybersecurity Analyst,Cybersecurity,Nova Mobility,Bengaluru,Karnataka,Full-time,Junior,10.1,15.3,1,5,"Monitor security events, investigate incidents, assess risks, and support security controls. The role is based in Bengaluru and works with cross-functional teams.","Linux, Incident Response, Python, SIEM, React, Networking, Cybersecurity",7,Synthetic demo data,Generated for SKILLYNTRA prototype; not live job-posting data.
SKL100858,Software Engineer,Software & IT,BluePeak Consulting,Delhi,Delhi,Full-time,Mid Level,5.1,9.4,3,7,"Design, develop, test, and maintain software services while collaborating with engineering teams. The role is based in Delhi and works with cross-functional teams.","Data Structures, Java, REST API, HTML, Game Development, Git, SQL, Python",8,Synthetic demo data,Generated for SKILLYNTRA prototype; not live job-posting data.
SKL100859,Industrial AI Engineer,Engineering & AI,SmartFab Technologies,Gurugram,Haryana,Full-time,Senior,7.2,9.1,5,8,"Apply AI and computer vision to industrial processes, sensor data, and intelligent automation systems. The role is based in Gurugram and works with cross-functional teams.","IoT, SQL, Industrial AI, Machine Learning, Python, Computer Vision, Linux",7,Synthetic demo data,Generated for SKILLYNTRA prototype; not live job-posting data.
SKL100860,Cloud Engineer,Cloud & DevOps,SkillTech,Chennai,Tamil Nadu,Full-time,Senior,10.8,14.1,6,10,"Design and maintain cloud infrastructure, automate deployments, and improve reliability and scalability. The role is based in Chennai and works with cross-functional teams.","Linux, CI/CD, Azure, Kubernetes, Docker, AWS",6,Synthetic demo data,Generated for SKILLYNTRA prototype; not live job-posting data.
SKL100861,Cybersecurity Analyst,Cybersecurity,SmartFab Technologies,Bengaluru,Karnataka,Full-time,Senior,10.9,12.0,5,8,"Monitor security events, investigate incidents, assess risks, and support security controls. The role is based in Bengaluru and works with cross-functional teams.","Python, Incident Response, Linux, Cybersecurity, SIEM, CI/CD, Networking",7,Synthetic demo data,Generated for SKILLYNTRA prototype; not live job-posting data.
SKL100862,Data Scientist,AI & Data,Apex Digital,Delhi,Delhi,Contract,Mid Level,11.3,14.3,3,4,"Build statistical and machine-learning models, prepare datasets, evaluate model performance, and communicate findings. The role is based in Delhi and works with cross-functional teams.","SQL, Machine Learning, Statistics, Scikit-learn, Pandas, Python",6,Synthetic demo data,Generated for SKILLYNTRA prototype; not live job-posting data.
SKL100863,Mechanical Design Engineer,Engineering & Manufacturing,DataBridge,Kolkata,West Bengal,Full-time,Mid Level,8.0,10.2,2,6,"Create and validate mechanical designs, prepare CAD models and drawings, and support manufacturing. The role is based in Kolkata and works with cross-functional teams.","SolidWorks, CAD, Mechanical Design, Manufacturing, GD&T, SCADA, AutoCAD, Kubernetes",8,Synthetic demo data,Generated for SKILLYNTRA prototype; not live job-posting data.
SKL100864,Game Developer,Gaming & Interactive,NextGen Analytics,Chennai,Tamil Nadu,Full-time,Mid Level,7.8,8.9,2,5,"Develop gameplay systems, implement mechanics, optimize performance, and collaborate with design teams. The role is based in Chennai and works with cross-functional teams.","Git, 3D Mathematics, C#, Product Management, C++, Game Development, Data Visualization, Unity",8,Synthetic demo data,Generated for SKILLYNTRA prototype; not live job-posting data.
SKL100865,Electronics Engineer,Electronics & Embedded,CoreStack,Chennai,Tamil Nadu,Contract,Junior,5.9,9.3,1,2,"Design, test, and troubleshoot electronic systems, PCBs, and embedded hardware. The role is based in Chennai and works with cross-functional teams.","C, Circuit Design, MATLAB, PCB Design, Embedded Systems, Data Visualization, Testing",7,Synthetic demo data,Generated for SKILLYNTRA prototype; not live job-posting data.
SKL100866,Full Stack Developer,Software & IT,FutureGrid,Noida,Uttar Pradesh,Full-time,Mid Level,8.4,9.5,2,3,Build responsive web applications across frontend and backend services and integrate APIs and databases. The role is based in Noida and works with cross-functional teams.,"React, HTML, JavaScript, CSS, SQL, Git, PLC, Node.js",8,Synthetic demo data,Generated for SKILLYNTRA prototype; not live job-posting data.
SKL100867,Data Analyst,Data & Analytics,SmartFab Technologies,Gurugram,Haryana,Full-time,Junior,6.6,11.2,1,2,"Analyze business data, build dashboards, identify trends, and communicate actionable insights to stakeholders. The role is based in Gurugram and works with cross-functional teams.","Industrial AI, Python, SQL, Excel, Power BI, Statistics, Data Visualization, React",8,Synthetic demo data,Generated for SKILLYNTRA prototype; not live job-posting data.
SKL100868,Business Analyst,Business & Analytics,Quantix Labs,Thane,Maharashtra,Full-time,Mid Level,7.7,12.4,3,5,"Gather business requirements, analyze operational data, create reports, and support decision-making. The role is based in Thane and works with cross-functional teams.","SQL, Power BI, Statistics, Business Analysis, Excel, Communication",6,Synthetic demo data,Generated for SKILLYNTRA prototype; not live job-posting data.
SKL100869,Embedded Systems Engineer,Electronics & Embedded,AutoNext,Mumbai,Maharashtra,Full-time,Senior,4.7,9.5,4,7,Develop firmware and embedded applications for microcontrollers and connected devices. The role is based in Mumbai and works with cross-functional teams.,"C++, Git, C, Docker, Microcontrollers, Embedded Systems, Game Development, RTOS",8,Synthetic demo data,Generated for SKILLYNTRA prototype; not live job-posting data.
SKL100870,Electronics Engineer,Electronics & Embedded,InsightWorks,Thane,Maharashtra,Contract,Mid Level,10.0,11.1,3,7,"Design, test, and troubleshoot electronic systems, PCBs, and embedded hardware. The role is based in Thane and works with cross-functional teams.","C, Circuit Design, PCB Design, Machine Learning, Embedded Systems, MATLAB, Testing",7,Synthetic demo data,Generated for SKILLYNTRA prototype; not live job-posting data.
SKL100871,Electronics Engineer,Electronics & Embedded,Apex Digital,Jaipur,Rajasthan,Contract,Entry Level,4.9,10.9,0,4,"Design, test, and troubleshoot electronic systems, PCBs, and embedded hardware. The role is based in Jaipur and works with cross-functional teams.","CSS, Circuit Design, Embedded Systems, C, MATLAB, Testing, Deep Learning, PCB Design",8,Synthetic demo data,Generated for SKILLYNTRA prototype; not live job-posting data.
SKL100872,Electronics Engineer,Electronics & Embedded,SmartFab Technologies,Aurangabad,Maharashtra,Contract,Mid Level,7.8,12.3,2,3,"Design, test, and troubleshoot electronic systems, PCBs, and embedded hardware. The role is based in Aurangabad and works with cross-functional teams.","PCB Design, Embedded Systems, Circuit Design, MATLAB, Networking, Python, C, Testing",8,Synthetic demo data,Generated for SKILLYNTRA prototype; not live job-posting data.
SKL100873,Automation Engineer,Engineering & Automation,VisionEdge,Aurangabad,Maharashtra,Contract,Junior,7.2,8.2,1,3,"Design and maintain industrial automation systems, PLC programs, sensors, and control workflows. The role is based in Aurangabad and works with cross-functional teams.","Product Management, Industrial Automation, Python, PLC, SCADA, Sensors, IoT",7,Synthetic demo data,Generated for SKILLYNTRA prototype; not live job-posting data.
SKL100874,Mechanical Design Engineer,Engineering & Manufacturing,TechNova Solutions,Nagpur,Maharashtra,Full-time,Senior,4.4,8.5,4,6,"Create and validate mechanical designs, prepare CAD models and drawings, and support manufacturing. The role is based in Nagpur and works with cross-functional teams.","GD&T, SolidWorks, AutoCAD, CAD, Mechanical Design, Manufacturing",6,Synthetic demo data,Generated for SKILLYNTRA prototype; not live job-posting data.
SKL100875,Full Stack Developer,Software & IT,AutoNext,Delhi,Delhi,Full-time,Senior,13.5,14.7,5,6,Build responsive web applications across frontend and backend services and integrate APIs and databases. The role is based in Delhi and works with cross-functional teams.,"CSS, JavaScript, HTML, Node.js, SolidWorks, React, RTOS, SQL, Git",9,Synthetic demo data,Generated for SKILLYNTRA prototype; not live job-posting data.
SKL100876,Industrial AI Engineer,Engineering & AI,Vertex Systems,Kolkata,West Bengal,Full-time,Mid Level,9.2,14.7,3,5,"Apply AI and computer vision to industrial processes, sensor data, and intelligent automation systems. The role is based in Kolkata and works with cross-functional teams.","IoT, Machine Learning, Python, SQL, Computer Vision, Industrial AI",6,Synthetic demo data,Generated for SKILLYNTRA prototype; not live job-posting data.
SKL100877,Full Stack Developer,Software & IT,BluePeak Consulting,Hyderabad,Telangana,Contract,Senior,12.1,17.3,5,6,Build responsive web applications across frontend and backend services and integrate APIs and databases. The role is based in Hyderabad and works with cross-functional teams.,"Git, CSS, Node.js, HTML, JavaScript, SQL, React",7,Synthetic demo data,Generated for SKILLYNTRA prototype; not live job-posting data.
SKL100878,Predictive Maintenance Engineer,Engineering & Manufacturing,InnoSoft,Hyderabad,Telangana,Full-time,Entry Level,13.6,19.0,0,4,Use machine and sensor data to identify failure patterns and improve maintenance planning. The role is based in Hyderabad and works with cross-functional teams.,"PLC, Predictive Maintenance, IoT, Machine Learning, Pandas, C, Sensor Analytics, Python",8,Synthetic demo data,Generated for SKILLYNTRA prototype; not live job-posting data.
SKL100879,Game Developer,Gaming & Interactive,BluePeak Consulting,Gurugram,Haryana,Full-time,Senior,7.9,9.5,5,9,"Develop gameplay systems, implement mechanics, optimize performance, and collaborate with design teams. The role is based in Gurugram and works with cross-functional teams.","Unity, Game Development, 3D Mathematics, C++, Git, C#",6,Synthetic demo data,Generated for SKILLYNTRA prototype; not live job-posting data.
SKL100880,Mechanical Design Engineer,Engineering & Manufacturing,SmartFab Technologies,Noida,Uttar Pradesh,Full-time,Junior,8.7,10.7,1,3,"Create and validate mechanical designs, prepare CAD models and drawings, and support manufacturing. The role is based in Noida and works with cross-functional teams.","Manufacturing, SolidWorks, Mechanical Design, CAD, AutoCAD, GD&T",6,Synthetic demo data,Generated for SKILLYNTRA prototype; not live job-posting data.
SKL100881,Cybersecurity Analyst,Cybersecurity,FutureGrid,Thane,Maharashtra,Full-time,Senior,7.0,10.2,5,9,"Monitor security events, investigate incidents, assess risks, and support security controls. The role is based in Thane and works with cross-functional teams.","Machine Learning, SIEM, Incident Response, Linux, Cybersecurity, Python, Networking",7,Synthetic demo data,Generated for SKILLYNTRA prototype; not live job-posting data.
SKL100882,DevOps Engineer,Cloud & DevOps,Quantix Labs,Kolkata,West Bengal,Full-time,Senior,14.6,17.1,5,8,"Automate software delivery, maintain CI/CD pipelines, monitor systems, and improve deployment reliability. The role is based in Kolkata and works with cross-functional teams.","Docker, Mechanical Design, Linux, Kubernetes, CSS, Git, AWS, CI/CD",8,Synthetic demo data,Generated for SKILLYNTRA prototype; not live job-posting data.
SKL100883,Electronics Engineer,Electronics & Embedded,InnoSoft,Aurangabad,Maharashtra,Contract,Mid Level,3.7,5.7,2,4,"Design, test, and troubleshoot electronic systems, PCBs, and embedded hardware. The role is based in Aurangabad and works with cross-functional teams.","Testing, Embedded Systems, MATLAB, CAD, PCB Design, Circuit Design, C",7,Synthetic demo data,Generated for SKILLYNTRA prototype; not live job-posting data.
SKL100884,Electronics Engineer,Electronics & Embedded,Nova Mobility,Kolkata,West Bengal,Contract,Mid Level,7.3,10.8,2,4,"Design, test, and troubleshoot electronic systems, PCBs, and embedded hardware. The role is based in Kolkata and works with cross-functional teams.","PCB Design, Game Development, Circuit Design, MATLAB, C, Embedded Systems, Testing, Git",8,Synthetic demo data,Generated for SKILLYNTRA prototype; not live job-posting data.
SKL100885,Data Analyst,Data & Analytics,NextGen Analytics,Noida,Uttar Pradesh,Contract,Mid Level,5.0,7.2,2,4,"Analyze business data, build dashboards, identify trends, and communicate actionable insights to stakeholders. The role is based in Noida and works with cross-functional teams.","Statistics, Power BI, Excel, SQL, Python, Data Visualization, Manufacturing",7,Synthetic demo data,Generated for SKILLYNTRA prototype; not live job-posting data.
SKL100886,Embedded Systems Engineer,Electronics & Embedded,TechNova Solutions,Kolkata,West Bengal,Full-time,Senior,10.7,13.5,5,7,Develop firmware and embedded applications for microcontrollers and connected devices. The role is based in Kolkata and works with cross-functional teams.,"C++, RTOS, Git, Embedded Systems, C, Microcontrollers",6,Synthetic demo data,Generated for SKILLYNTRA prototype; not live job-posting data.
SKL100887,EV Data Analyst,Automotive & EV,CoreStack,Chennai,Tamil Nadu,Full-time,Entry Level,7.6,11.2,0,1,"Analyze electric-vehicle data, create dashboards, and identify operational and market trends. The role is based in Chennai and works with cross-functional teams.","Excel, Statistics, Python, EV Analytics, SQL, Power BI",6,Synthetic demo data,Generated for SKILLYNTRA prototype; not live job-posting data.
SKL100888,Data Scientist,AI & Data,DataBridge,Delhi,Delhi,Full-time,Senior,6.9,8.9,5,8,"Build statistical and machine-learning models, prepare datasets, evaluate model performance, and communicate findings. The role is based in Delhi and works with cross-functional teams.","Scikit-learn, Statistics, Python, Machine Learning, Pandas, SQL",6,Synthetic demo data,Generated for SKILLYNTRA prototype; not live job-posting data.
SKL100889,DevOps Engineer,Cloud & DevOps,InsightWorks,Delhi,Delhi,Contract,Senior,7.2,12.6,4,8,"Automate software delivery, maintain CI/CD pipelines, monitor systems, and improve deployment reliability. The role is based in Delhi and works with cross-functional teams.","Git, CI/CD, AWS, Docker, Linux, Kubernetes",6,Synthetic demo data,Generated for SKILLYNTRA prototype; not live job-posting data.
SKL100890,AI Engineer,AI & Machine Learning,Vertex Systems,Hyderabad,Telangana,Full-time,Junior,14.8,17.3,1,3,"Develop and deploy AI solutions, integrate machine-learning models into applications, and improve production performance. The role is based in Hyderabad and works with cross-functional teams.","SQL, Machine Learning, Deep Learning, Python, PyTorch, TensorFlow",6,Synthetic demo data,Generated for SKILLYNTRA prototype; not live job-posting data.
SKL100891,Embedded Systems Engineer,Electronics & Embedded,SkillTech,Ahmedabad,Gujarat,Full-time,Mid Level,6.3,9.3,3,4,Develop firmware and embedded applications for microcontrollers and connected devices. The role is based in Ahmedabad and works with cross-functional teams.,"C, JavaScript, RTOS, Microcontrollers, Embedded Systems, C++, Git",7,Synthetic demo data,Generated for SKILLYNTRA prototype; not live job-posting data.
SKL100892,Cybersecurity Analyst,Cybersecurity,CoreStack,Jaipur,Rajasthan,Contract,Junior,6.5,10.3,1,4,"Monitor security events, investigate incidents, assess risks, and support security controls. The role is based in Jaipur and works with cross-functional teams.","Networking, Python, Incident Response, Microcontrollers, Linux, Cybersecurity, SIEM",7,Synthetic demo data,Generated for SKILLYNTRA prototype; not live job-posting data.
SKL100893,Industrial AI Engineer,Engineering & AI,Nova Mobility,Nashik,Maharashtra,Full-time,Junior,13.4,14.9,1,5,"Apply AI and computer vision to industrial processes, sensor data, and intelligent automation systems. The role is based in Nashik and works with cross-functional teams.","Computer Vision, IoT, Python, Machine Learning, Industrial AI, EV Analytics, SQL",7,Synthetic demo data,Generated for SKILLYNTRA prototype; not live job-posting data.
SKL100894,Cloud Engineer,Cloud & DevOps,BluePeak Consulting,Aurangabad,Maharashtra,Contract,Mid Level,14.4,17.8,3,6,"Design and maintain cloud infrastructure, automate deployments, and improve reliability and scalability. The role is based in Aurangabad and works with cross-functional teams.","Embedded Systems, TensorFlow, AWS, Linux, Azure, CI/CD, Kubernetes, Docker",8,Synthetic demo data,Generated for SKILLYNTRA prototype; not live job-posting data.
SKL100895,Full Stack Developer,Software & IT,Nova Mobility,Jaipur,Rajasthan,Full-time,Senior,7.6,11.2,4,6,Build responsive web applications across frontend and backend services and integrate APIs and databases. The role is based in Jaipur and works with cross-functional teams.,"JavaScript, HTML, SQL, React, Node.js, CSS, PCB Design, Git",8,Synthetic demo data,Generated for SKILLYNTRA prototype; not live job-posting data.
SKL100896,HR Analyst,HR & Operations,FutureGrid,Nashik,Maharashtra,Full-time,Mid Level,8.0,10.6,2,5,"Analyze workforce data, prepare HR reports, and support evidence-based people and talent decisions. The role is based in Nashik and works with cross-functional teams.","Power BI, HR Analytics, Excel, Industrial AI, Communication, Data Analysis",6,Synthetic demo data,Generated for SKILLYNTRA prototype; not live job-posting data.
SKL100897,Mechanical Design Engineer,Engineering & Manufacturing,IndusWorks,Thane,Maharashtra,Full-time,Mid Level,3.6,8.1,3,6,"Create and validate mechanical designs, prepare CAD models and drawings, and support manufacturing. The role is based in Thane and works with cross-functional teams.","CAD, AutoCAD, SolidWorks, Manufacturing, GD&T, Mechanical Design",6,Synthetic demo data,Generated for SKILLYNTRA prototype; not live job-posting data.
SKL100898,Mechanical Design Engineer,Engineering & Manufacturing,InnoSoft,Ahmedabad,Gujarat,Contract,Mid Level,8.7,12.8,2,4,"Create and validate mechanical designs, prepare CAD models and drawings, and support manufacturing. The role is based in Ahmedabad and works with cross-functional teams.","SQL, CAD, Manufacturing, SolidWorks, Mechanical Design, AutoCAD, GD&T",7,Synthetic demo data,Generated for SKILLYNTRA prototype; not live job-posting data.
SKL100899,Embedded Systems Engineer,Electronics & Embedded,MahaTech Industries,Hyderabad,Telangana,Full-time,Senior,10.2,15.7,5,9,Develop firmware and embedded applications for microcontrollers and connected devices. The role is based in Hyderabad and works with cross-functional teams.,"C++, Data Analysis, C, Microcontrollers, Git, RTOS, Embedded Systems",7,Synthetic demo data,Generated for SKILLYNTRA prototype; not live job-posting data.
SKL100900,Business Analyst,Business & Analytics,CoreStack,Aurangabad,Maharashtra,Full-time,Mid Level,11.4,12.9,2,6,"Gather business requirements, analyze operational data, create reports, and support decision-making. The role is based in Aurangabad and works with cross-functional teams.","Communication, Excel, Business Analysis, Power BI, SQL, Statistics",6,Synthetic demo data,Generated for SKILLYNTRA prototype; not live job-posting data.
SKL100901,Software Engineer,Software & IT,FutureGrid,Delhi,Delhi,Full-time,Senior,10.6,13.8,4,6,"Design, develop, test, and maintain software services while collaborating with engineering teams. The role is based in Delhi and works with cross-functional teams.","Java, Python, Git, Machine Learning, SQL, Data Structures, REST API",7,Synthetic demo data,Generated for SKILLYNTRA prototype; not live job-posting data.
SKL100902,AI Engineer,AI & Machine Learning,SmartFab Technologies,Jaipur,Rajasthan,Full-time,Mid Level,16.7,18.8,3,7,"Develop and deploy AI solutions, integrate machine-learning models into applications, and improve production performance. The role is based in Jaipur and works with cross-functional teams.","SQL, Incident Response, Python, TensorFlow, Deep Learning, PyTorch, Machine Learning",7,Synthetic demo data,Generated for SKILLYNTRA prototype; not live job-posting data.
SKL100903,Electronics Engineer,Electronics & Embedded,TechNova Solutions,Gurugram,Haryana,Full-time,Junior,7.7,10.8,1,2,"Design, test, and troubleshoot electronic systems, PCBs, and embedded hardware. The role is based in Gurugram and works with cross-functional teams.","MATLAB, Embedded Systems, Testing, PCB Design, React, C, Circuit Design",7,Synthetic demo data,Generated for SKILLYNTRA prototype; not live job-posting data.
SKL100904,Predictive Maintenance Engineer,Engineering & Manufacturing,SmartFab Technologies,Jaipur,Rajasthan,Full-time,Senior,7.2,9.9,4,8,Use machine and sensor data to identify failure patterns and improve maintenance planning. The role is based in Jaipur and works with cross-functional teams.,"IoT, Sensor Analytics, Machine Learning, Predictive Maintenance, Python, PLC",6,Synthetic demo data,Generated for SKILLYNTRA prototype; not live job-posting data.
SKL100905,Predictive Maintenance Engineer,Engineering & Manufacturing,NextGen Analytics,Jaipur,Rajasthan,Full-time,Senior,10.3,16.3,4,8,Use machine and sensor data to identify failure patterns and improve maintenance planning. The role is based in Jaipur and works with cross-functional teams.,"Python, Predictive Maintenance, IoT, Machine Learning, Sensor Analytics, PLC",6,Synthetic demo data,Generated for SKILLYNTRA prototype; not live job-posting data.
SKL100906,Business Analyst,Business & Analytics,Nova Mobility,Mumbai,Maharashtra,Full-time,Senior,7.6,12.5,5,8,"Gather business requirements, analyze operational data, create reports, and support decision-making. The role is based in Mumbai and works with cross-functional teams.","Statistics, Excel, Testing, Power BI, Communication, Business Analysis, SQL, React",8,Synthetic demo data,Generated for SKILLYNTRA prototype; not live job-posting data.
SKL100907,Data Analyst,Data & Analytics,SmartFab Technologies,Nagpur,Maharashtra,Full-time,Mid Level,4.8,6.9,3,5,"Analyze business data, build dashboards, identify trends, and communicate actionable insights to stakeholders. The role is based in Nagpur and works with cross-functional teams.","Statistics, Python, Excel, Power BI, SQL, PyTorch, Data Visualization, Docker",8,Synthetic demo data,Generated for SKILLYNTRA prototype; not live job-posting data.
SKL100908,Software Engineer,Software & IT,FutureGrid,Nagpur,Maharashtra,Full-time,Junior,5.3,9.3,1,2,"Design, develop, test, and maintain software services while collaborating with engineering teams. The role is based in Nagpur and works with cross-functional teams.","Git, Data Structures, Python, SQL, REST API, Java",6,Synthetic demo data,Generated for SKILLYNTRA prototype; not live job-posting data.
SKL100909,DevOps Engineer,Cloud & DevOps,Vertex Systems,Noida,Uttar Pradesh,Full-time,Mid Level,8.0,13.9,2,5,"Automate software delivery, maintain CI/CD pipelines, monitor systems, and improve deployment reliability. The role is based in Noida and works with cross-functional teams.","CI/CD, Git, AWS, Linux, Kubernetes, Docker",6,Synthetic demo data,Generated for SKILLYNTRA prototype; not live job-posting data.
SKL100910,Game Developer,Gaming & Interactive,VisionEdge,Pune,Maharashtra,Full-time,Senior,7.4,10.7,5,7,"Develop gameplay systems, implement mechanics, optimize performance, and collaborate with design teams. The role is based in Pune and works with cross-functional teams.","Computer Vision, C#, 3D Mathematics, C++, Git, Game Development, Unity",7,Synthetic demo data,Generated for SKILLYNTRA prototype; not live job-posting data.
SKL100911,Full Stack Developer,Software & IT,Vertex Systems,Ahmedabad,Gujarat,Full-time,Entry Level,11.5,14.3,0,4,Build responsive web applications across frontend and backend services and integrate APIs and databases. The role is based in Ahmedabad and works with cross-functional teams.,"CSS, HR Analytics, Git, Node.js, HTML, JavaScript, React, SQL",8,Synthetic demo data,Generated for SKILLYNTRA prototype; not live job-posting data.
SKL100912,Automation Engineer,Engineering & Automation,TechNova Solutions,Pune,Maharashtra,Contract,Mid Level,7.2,12.5,3,7,"Design and maintain industrial automation systems, PLC programs, sensors, and control workflows. The role is based in Pune and works with cross-functional teams.","SCADA, Python, Sensors, Embedded Systems, IoT, PLC, Industrial Automation",7,Synthetic demo data,Generated for SKILLYNTRA prototype; not live job-posting data.
SKL100913,Industrial AI Engineer,Engineering & AI,DataBridge,Pune,Maharashtra,Full-time,Senior,6.5,11.7,6,9,"Apply AI and computer vision to industrial processes, sensor data, and intelligent automation systems. The role is based in Pune and works with cross-functional teams.","Computer Vision, SQL, IoT, Machine Learning, Python, Industrial AI",6,Synthetic demo data,Generated for SKILLYNTRA prototype; not live job-posting data.
SKL100914,Industrial AI Engineer,Engineering & AI,MahaTech Industries,Ahmedabad,Gujarat,Full-time,Junior,15.5,19.8,1,3,"Apply AI and computer vision to industrial processes, sensor data, and intelligent automation systems. The role is based in Ahmedabad and works with cross-functional teams.","Industrial AI, IoT, Python, SQL, Microcontrollers, Machine Learning, Computer Vision",7,Synthetic demo data,Generated for SKILLYNTRA prototype; not live job-posting data.
SKL100915,HR Analyst,HR & Operations,Apex Digital,Kolkata,West Bengal,Full-time,Junior,6.0,8.5,1,2,"Analyze workforce data, prepare HR reports, and support evidence-based people and talent decisions. The role is based in Kolkata and works with cross-functional teams.","HR Analytics, Communication, Excel, Game Development, Data Analysis, Power BI, SolidWorks",7,Synthetic demo data,Generated for SKILLYNTRA prototype; not live job-posting data.
SKL100916,Data Analyst,Data & Analytics,AutoNext,Kolkata,West Bengal,Full-time,Entry Level,8.1,9.3,0,2,"Analyze business data, build dashboards, identify trends, and communicate actionable insights to stakeholders. The role is based in Kolkata and works with cross-functional teams.","Excel, Power BI, Python, SQL, Product Management, Data Visualization, Statistics",7,Synthetic demo data,Generated for SKILLYNTRA prototype; not live job-posting data.
SKL100917,HR Analyst,HR & Operations,CloudSphere,Kolkata,West Bengal,Full-time,Entry Level,8.9,10.5,0,4,"Analyze workforce data, prepare HR reports, and support evidence-based people and talent decisions. The role is based in Kolkata and works with cross-functional teams.","HR Analytics, Power BI, Excel, IoT, Data Analysis, Communication",6,Synthetic demo data,Generated for SKILLYNTRA prototype; not live job-posting data.
SKL100918,Industrial AI Engineer,Engineering & AI,DataBridge,Hyderabad,Telangana,Full-time,Mid Level,13.2,16.0,2,5,"Apply AI and computer vision to industrial processes, sensor data, and intelligent automation systems. The role is based in Hyderabad and works with cross-functional teams.","SQL, IoT, Python, Power BI, Industrial AI, PCB Design, Computer Vision, Machine Learning",8,Synthetic demo data,Generated for SKILLYNTRA prototype; not live job-posting data.
SKL100919,Software Engineer,Software & IT,NextGen Analytics,Nagpur,Maharashtra,Full-time,Senior,12.2,14.6,5,6,"Design, develop, test, and maintain software services while collaborating with engineering teams. The role is based in Nagpur and works with cross-functional teams.","Python, Data Structures, Computer Vision, REST API, Business Analysis, Java, SQL, Git",8,Synthetic demo data,Generated for SKILLYNTRA prototype; not live job-posting data.
SKL100920,Software Engineer,Software & IT,Prime Automation,Thane,Maharashtra,Full-time,Mid Level,10.8,16.5,2,4,"Design, develop, test, and maintain software services while collaborating with engineering teams. The role is based in Thane and works with cross-functional teams.","Java, SQL, REST API, Python, Git, Data Structures",6,Synthetic demo data,Generated for SKILLYNTRA prototype; not live job-posting data.
SKL100921,Software Engineer,Software & IT,MahaTech Industries,Noida,Uttar Pradesh,Contract,Junior,9.0,10.0,1,3,"Design, develop, test, and maintain software services while collaborating with engineering teams. The role is based in Noida and works with cross-functional teams.","Data Structures, Python, REST API, Git, Java, SQL, Industrial Automation",7,Synthetic demo data,Generated for SKILLYNTRA prototype; not live job-posting data.
SKL100922,Electronics Engineer,Electronics & Embedded,CoreStack,Aurangabad,Maharashtra,Full-time,Mid Level,8.3,12.6,3,4,"Design, test, and troubleshoot electronic systems, PCBs, and embedded hardware. The role is based in Aurangabad and works with cross-functional teams.","Circuit Design, Statistics, C, MATLAB, Excel, PCB Design, Embedded Systems, Testing",8,Synthetic demo data,Generated for SKILLYNTRA prototype; not live job-posting data.
SKL100923,Business Analyst,Business & Analytics,BluePeak Consulting,Ahmedabad,Gujarat,Full-time,Mid Level,10.3,13.4,2,3,"Gather business requirements, analyze operational data, create reports, and support decision-making. The role is based in Ahmedabad and works with cross-functional teams.","Power BI, Statistics, Business Analysis, SQL, Excel, Communication",6,Synthetic demo data,Generated for SKILLYNTRA prototype; not live job-posting data.
SKL100924,Machine Learning Engineer,AI & Machine Learning,FutureGrid,Chennai,Tamil Nadu,Full-time,Mid Level,10.7,13.9,2,5,"Develop, test, deploy, and maintain machine-learning pipelines and production models. The role is based in Chennai and works with cross-functional teams.","Docker, Python, Scikit-learn, TensorFlow, Machine Learning, PyTorch",6,Synthetic demo data,Generated for SKILLYNTRA prototype; not live job-posting data.
SKL100925,DevOps Engineer,Cloud & DevOps,TechNova Solutions,Ahmedabad,Gujarat,Full-time,Mid Level,12.3,17.2,2,5,"Automate software delivery, maintain CI/CD pipelines, monitor systems, and improve deployment reliability. The role is based in Ahmedabad and works with cross-functional teams.","AWS, Machine Learning, Git, Docker, Kubernetes, CI/CD, Sensor Analytics, Linux",8,Synthetic demo data,Generated for SKILLYNTRA prototype; not live job-posting data.
SKL100926,Full Stack Developer,Software & IT,Nova Mobility,Mumbai,Maharashtra,Contract,Senior,12.5,17.3,5,7,Build responsive web applications across frontend and backend services and integrate APIs and databases. The role is based in Mumbai and works with cross-functional teams.,"Node.js, JavaScript, CSS, React, SQL, Git, HTML",7,Synthetic demo data,Generated for SKILLYNTRA prototype; not live job-posting data.
SKL100927,Product Manager,Product & Business,BluePeak Consulting,Bengaluru,Karnataka,Full-time,Senior,13.1,14.8,5,9,"Define product priorities, analyze user and market needs, coordinate teams, and measure product outcomes. The role is based in Bengaluru and works with cross-functional teams.","Market Research, SQL, 3D Mathematics, Communication, Analytics, Agile, Product Management",7,Synthetic demo data,Generated for SKILLYNTRA prototype; not live job-posting data.
SKL100928,Mechanical Design Engineer,Engineering & Manufacturing,IndusWorks,Nashik,Maharashtra,Full-time,Mid Level,8.5,13.5,3,5,"Create and validate mechanical designs, prepare CAD models and drawings, and support manufacturing. The role is based in Nashik and works with cross-functional teams.","GD&T, AutoCAD, Manufacturing, Mechanical Design, SolidWorks, CAD",6,Synthetic demo data,Generated for SKILLYNTRA prototype; not live job-posting data.
SKL100929,HR Analyst,HR & Operations,CloudSphere,Mumbai,Maharashtra,Full-time,Mid Level,8.4,10.0,2,4,"Analyze workforce data, prepare HR reports, and support evidence-based people and talent decisions. The role is based in Mumbai and works with cross-functional teams.","Power BI, Data Analysis, Excel, Communication, TensorFlow, HR Analytics, Market Research",7,Synthetic demo data,Generated for SKILLYNTRA prototype; not live job-posting data.
SKL100930,Data Analyst,Data & Analytics,Apex Digital,Noida,Uttar Pradesh,Full-time,Senior,6.1,11.0,4,7,"Analyze business data, build dashboards, identify trends, and communicate actionable insights to stakeholders. The role is based in Noida and works with cross-functional teams.","SQL, Industrial Automation, Data Visualization, Excel, Statistics, Python, Power BI, Communication",8,Synthetic demo data,Generated for SKILLYNTRA prototype; not live job-posting data.
SKL100931,Cybersecurity Analyst,Cybersecurity,InnoSoft,Pune,Maharashtra,Full-time,Mid Level,9.6,12.8,2,3,"Monitor security events, investigate incidents, assess risks, and support security controls. The role is based in Pune and works with cross-functional teams.","Linux, Python, Cybersecurity, Networking, SIEM, Incident Response",6,Synthetic demo data,Generated for SKILLYNTRA prototype; not live job-posting data.
SKL100932,Electronics Engineer,Electronics & Embedded,Quantix Labs,Delhi,Delhi,Contract,Junior,8.9,14.8,1,5,"Design, test, and troubleshoot electronic systems, PCBs, and embedded hardware. The role is based in Delhi and works with cross-functional teams.","Analytics, MATLAB, Embedded Systems, C, PCB Design, Circuit Design, Testing",7,Synthetic demo data,Generated for SKILLYNTRA prototype; not live job-posting data.
SKL100933,Cybersecurity Analyst,Cybersecurity,NextGen Analytics,Thane,Maharashtra,Contract,Entry Level,10.4,13.8,0,1,"Monitor security events, investigate incidents, assess risks, and support security controls. The role is based in Thane and works with cross-functional teams.","Python, Linux, Communication, SIEM, Cybersecurity, Networking, Incident Response, IoT",8,Synthetic demo data,Generated for SKILLYNTRA prototype; not live job-posting data.
SKL100934,Data Scientist,AI & Data,Apex Digital,Delhi,Delhi,Full-time,Senior,11.8,13.3,5,6,"Build statistical and machine-learning models, prepare datasets, evaluate model performance, and communicate findings. The role is based in Delhi and works with cross-functional teams.","Scikit-learn, Python, SQL, Statistics, Pandas, Machine Learning",6,Synthetic demo data,Generated for SKILLYNTRA prototype; not live job-posting data.
SKL100935,Automation Engineer,Engineering & Automation,VisionEdge,Jaipur,Rajasthan,Full-time,Senior,11.5,16.6,4,5,"Design and maintain industrial automation systems, PLC programs, sensors, and control workflows. The role is based in Jaipur and works with cross-functional teams.","Industrial Automation, IoT, PyTorch, Python, SCADA, PLC, Sensors, Predictive Maintenance",8,Synthetic demo data,Generated for SKILLYNTRA prototype; not live job-posting data.
SKL100936,Product Manager,Product & Business,Prime Automation,Kolkata,West Bengal,Full-time,Mid Level,18.0,20.3,2,6,"Define product priorities, analyze user and market needs, coordinate teams, and measure product outcomes. The role is based in Kolkata and works with cross-functional teams.","Analytics, Communication, Market Research, GD&T, Product Management, Unity, Agile, SQL",8,Synthetic demo data,Generated for SKILLYNTRA prototype; not live job-posting data.
SKL100937,Cloud Engineer,Cloud & DevOps,CoreStack,Chennai,Tamil Nadu,Full-time,Senior,14.1,18.9,6,9,"Design and maintain cloud infrastructure, automate deployments, and improve reliability and scalability. The role is based in Chennai and works with cross-functional teams.","CI/CD, Kubernetes, Azure, Linux, AWS, Docker",6,Synthetic demo data,Generated for SKILLYNTRA prototype; not live job-posting data.
SKL100938,Product Manager,Product & Business,NextGen Analytics,Mumbai,Maharashtra,Full-time,Senior,11.1,14.6,7,11,"Define product priorities, analyze user and market needs, coordinate teams, and measure product outcomes. The role is based in Mumbai and works with cross-functional teams.","Product Management, Analytics, Communication, Agile, Market Research, SQL",6,Synthetic demo data,Generated for SKILLYNTRA prototype; not live job-posting data.
SKL100939,Business Analyst,Business & Analytics,VisionEdge,Ahmedabad,Gujarat,Full-time,Mid Level,11.7,14.3,2,4,"Gather business requirements, analyze operational data, create reports, and support decision-making. The role is based in Ahmedabad and works with cross-functional teams.","SQL, Statistics, Business Analysis, Power BI, Communication, Excel",6,Synthetic demo data,Generated for SKILLYNTRA prototype; not live job-posting data.
SKL100940,Game Developer,Gaming & Interactive,NextGen Analytics,Delhi,Delhi,Contract,Junior,4.8,8.8,1,2,"Develop gameplay systems, implement mechanics, optimize performance, and collaborate with design teams. The role is based in Delhi and works with cross-functional teams.","Game Development, C++, Incident Response, SQL, C#, 3D Mathematics, Unity, Git",8,Synthetic demo data,Generated for SKILLYNTRA prototype; not live job-posting data.
SKL100941,Machine Learning Engineer,AI & Machine Learning,FutureGrid,Jaipur,Rajasthan,Full-time,Senior,10.9,13.0,5,6,"Develop, test, deploy, and maintain machine-learning pipelines and production models. The role is based in Jaipur and works with cross-functional teams.","Python, TensorFlow, Scikit-learn, Docker, PyTorch, Machine Learning",6,Synthetic demo data,Generated for SKILLYNTRA prototype; not live job-posting data.
SKL100942,Industrial AI Engineer,Engineering & AI,CloudSphere,Nagpur,Maharashtra,Contract,Mid Level,10.8,15.9,2,4,"Apply AI and computer vision to industrial processes, sensor data, and intelligent automation systems. The role is based in Nagpur and works with cross-functional teams.","Industrial AI, Computer Vision, SQL, Machine Learning, IoT, Python",6,Synthetic demo data,Generated for SKILLYNTRA prototype; not live job-posting data.
SKL100943,Mechanical Design Engineer,Engineering & Manufacturing,CoreStack,Chennai,Tamil Nadu,Full-time,Senior,6.2,11.4,4,6,"Create and validate mechanical designs, prepare CAD models and drawings, and support manufacturing. The role is based in Chennai and works with cross-functional teams.","AutoCAD, CAD, SolidWorks, Manufacturing, Node.js, GD&T, Mechanical Design, HR Analytics",8,Synthetic demo data,Generated for SKILLYNTRA prototype; not live job-posting data.
SKL100944,DevOps Engineer,Cloud & DevOps,CoreStack,Thane,Maharashtra,Full-time,Mid Level,17.5,19.2,3,4,"Automate software delivery, maintain CI/CD pipelines, monitor systems, and improve deployment reliability. The role is based in Thane and works with cross-functional teams.","Docker, Git, Data Analysis, React, AWS, CI/CD, Linux, Kubernetes",8,Synthetic demo data,Generated for SKILLYNTRA prototype; not live job-posting data.
SKL100945,EV Data Analyst,Automotive & EV,CloudSphere,Jaipur,Rajasthan,Full-time,Mid Level,8.6,9.9,3,6,"Analyze electric-vehicle data, create dashboards, and identify operational and market trends. The role is based in Jaipur and works with cross-functional teams.","Excel, EV Analytics, Power BI, Statistics, IoT, SQL, Python, Incident Response",8,Synthetic demo data,Generated for SKILLYNTRA prototype; not live job-posting data.
SKL100946,Industrial AI Engineer,Engineering & AI,IndusWorks,Jaipur,Rajasthan,Contract,Junior,6.7,11.3,1,4,"Apply AI and computer vision to industrial processes, sensor data, and intelligent automation systems. The role is based in Jaipur and works with cross-functional teams.","Machine Learning, Testing, IoT, Data Analysis, Computer Vision, Industrial AI, SQL, Python",8,Synthetic demo data,Generated for SKILLYNTRA prototype; not live job-posting data.
SKL100947,Cloud Engineer,Cloud & DevOps,VisionEdge,Noida,Uttar Pradesh,Full-time,Mid Level,9.6,13.5,3,6,"Design and maintain cloud infrastructure, automate deployments, and improve reliability and scalability. The role is based in Noida and works with cross-functional teams.","Azure, Docker, AWS, Incident Response, CI/CD, Kubernetes, Testing, Linux",8,Synthetic demo data,Generated for SKILLYNTRA prototype; not live job-posting data.
SKL100948,Embedded Systems Engineer,Electronics & Embedded,NextGen Analytics,Mumbai,Maharashtra,Full-time,Senior,8.8,13.4,4,5,Develop firmware and embedded applications for microcontrollers and connected devices. The role is based in Mumbai and works with cross-functional teams.,"Git, RTOS, Data Analysis, Microcontrollers, C, C++, Communication, Embedded Systems",8,Synthetic demo data,Generated for SKILLYNTRA prototype; not live job-posting data.
SKL100949,AI Engineer,AI & Machine Learning,InnoSoft,Mumbai,Maharashtra,Full-time,Senior,17.5,20.4,5,9,"Develop and deploy AI solutions, integrate machine-learning models into applications, and improve production performance. The role is based in Mumbai and works with cross-functional teams.","PyTorch, SQL, TensorFlow, Python, Machine Learning, Deep Learning, C#",7,Synthetic demo data,Generated for SKILLYNTRA prototype; not live job-posting data.
SKL100950,Mechanical Design Engineer,Engineering & Manufacturing,DataBridge,Kolkata,West Bengal,Full-time,Mid Level,4.7,7.7,3,4,"Create and validate mechanical designs, prepare CAD models and drawings, and support manufacturing. The role is based in Kolkata and works with cross-functional teams.","CAD, Manufacturing, SolidWorks, Mechanical Design, AutoCAD, GD&T",6,Synthetic demo data,Generated for SKILLYNTRA prototype; not live job-posting data.
SKL100951,Data Analyst,Data & Analytics,SkillTech,Kolkata,West Bengal,Full-time,Entry Level,6.9,8.4,0,1,"Analyze business data, build dashboards, identify trends, and communicate actionable insights to stakeholders. The role is based in Kolkata and works with cross-functional teams.","Excel, Power BI, SQL, Data Visualization, Python, Statistics",6,Synthetic demo data,Generated for SKILLYNTRA prototype; not live job-posting data.
SKL100952,Data Analyst,Data & Analytics,InsightWorks,Ahmedabad,Gujarat,Full-time,Senior,7.8,13.6,4,7,"Analyze business data, build dashboards, identify trends, and communicate actionable insights to stakeholders. The role is based in Ahmedabad and works with cross-functional teams.","SQL, Power BI, Python, Excel, Statistics, Data Visualization",6,Synthetic demo data,Generated for SKILLYNTRA prototype; not live job-posting data.
SKL100953,Machine Learning Engineer,AI & Machine Learning,IndusWorks,Jaipur,Rajasthan,Full-time,Senior,13.9,19.3,5,8,"Develop, test, deploy, and maintain machine-learning pipelines and production models. The role is based in Jaipur and works with cross-functional teams.","Docker, SIEM, Sensor Analytics, Python, TensorFlow, Machine Learning, PyTorch, Scikit-learn",8,Synthetic demo data,Generated for SKILLYNTRA prototype; not live job-posting data.
SKL100954,Product Manager,Product & Business,FutureGrid,Kolkata,West Bengal,Full-time,Mid Level,15.9,19.8,2,5,"Define product priorities, analyze user and market needs, coordinate teams, and measure product outcomes. The role is based in Kolkata and works with cross-functional teams.","Analytics, Communication, Agile, Market Research, SQL, Product Management",6,Synthetic demo data,Generated for SKILLYNTRA prototype; not live job-posting data.
SKL100955,Automation Engineer,Engineering & Automation,CoreStack,Kolkata,West Bengal,Contract,Mid Level,11.6,15.9,3,7,"Design and maintain industrial automation systems, PLC programs, sensors, and control workflows. The role is based in Kolkata and works with cross-functional teams.","Python, IoT, PLC, Sensors, SCADA, Industrial Automation",6,Synthetic demo data,Generated for SKILLYNTRA prototype; not live job-posting data.
SKL100956,Cloud Engineer,Cloud & DevOps,InnoSoft,Ahmedabad,Gujarat,Full-time,Junior,6.6,12.6,1,4,"Design and maintain cloud infrastructure, automate deployments, and improve reliability and scalability. The role is based in Ahmedabad and works with cross-functional teams.","Azure, Docker, Linux, AWS, Kubernetes, CI/CD, SCADA",7,Synthetic demo data,Generated for SKILLYNTRA prototype; not live job-posting data.
SKL100957,Predictive Maintenance Engineer,Engineering & Manufacturing,InsightWorks,Delhi,Delhi,Contract,Senior,11.7,15.9,5,9,Use machine and sensor data to identify failure patterns and improve maintenance planning. The role is based in Delhi and works with cross-functional teams.,"Python, Predictive Maintenance, PLC, Machine Learning, Deep Learning, Sensor Analytics, IoT",7,Synthetic demo data,Generated for SKILLYNTRA prototype; not live job-posting data.
SKL100958,Mechanical Design Engineer,Engineering & Manufacturing,NextGen Analytics,Bengaluru,Karnataka,Full-time,Mid Level,6.7,9.3,3,4,"Create and validate mechanical designs, prepare CAD models and drawings, and support manufacturing. The role is based in Bengaluru and works with cross-functional teams.","SolidWorks, AutoCAD, Manufacturing, Mechanical Design, Networking, GD&T, CAD",7,Synthetic demo data,Generated for SKILLYNTRA prototype; not live job-posting data.
SKL100959,Cloud Engineer,Cloud & DevOps,FutureGrid,Mumbai,Maharashtra,Full-time,Senior,13.1,17.7,5,7,"Design and maintain cloud infrastructure, automate deployments, and improve reliability and scalability. The role is based in Mumbai and works with cross-functional teams.","Agile, CI/CD, AutoCAD, AWS, Linux, Azure, Docker, Kubernetes",8,Synthetic demo data,Generated for SKILLYNTRA prototype; not live job-posting data.
SKL100960,Predictive Maintenance Engineer,Engineering & Manufacturing,MahaTech Industries,Thane,Maharashtra,Contract,Junior,8.8,10.8,1,2,Use machine and sensor data to identify failure patterns and improve maintenance planning. The role is based in Thane and works with cross-functional teams.,"IoT, Sensor Analytics, Predictive Maintenance, Python, Machine Learning, PLC",6,Synthetic demo data,Generated for SKILLYNTRA prototype; not live job-posting data.
SKL100961,Cloud Engineer,Cloud & DevOps,SkillTech,Delhi,Delhi,Full-time,Junior,16.1,18.2,1,2,"Design and maintain cloud infrastructure, automate deployments, and improve reliability and scalability. The role is based in Delhi and works with cross-functional teams.","TensorFlow, C++, Docker, CI/CD, Linux, Azure, AWS, Kubernetes",8,Synthetic demo data,Generated for SKILLYNTRA prototype; not live job-posting data.
SKL100962,Game Developer,Gaming & Interactive,IndusWorks,Pune,Maharashtra,Contract,Junior,9.6,11.9,1,3,"Develop gameplay systems, implement mechanics, optimize performance, and collaborate with design teams. The role is based in Pune and works with cross-functional teams.","C++, Game Development, Pandas, Unity, C#, 3D Mathematics, Git",7,Synthetic demo data,Generated for SKILLYNTRA prototype; not live job-posting data.
SKL100963,Data Analyst,Data & Analytics,Prime Automation,Bengaluru,Karnataka,Full-time,Mid Level,7.7,9.7,3,6,"Analyze business data, build dashboards, identify trends, and communicate actionable insights to stakeholders. The role is based in Bengaluru and works with cross-functional teams.","Cybersecurity, SQL, Power BI, Data Visualization, Excel, Python, Statistics",7,Synthetic demo data,Generated for SKILLYNTRA prototype; not live job-posting data.
SKL100964,DevOps Engineer,Cloud & DevOps,Apex Digital,Mumbai,Maharashtra,Contract,Junior,16.8,20.3,1,3,"Automate software delivery, maintain CI/CD pipelines, monitor systems, and improve deployment reliability. The role is based in Mumbai and works with cross-functional teams.","Linux, AWS, Git, Docker, Kubernetes, CI/CD",6,Synthetic demo data,Generated for SKILLYNTRA prototype; not live job-posting data.
SKL100965,Product Manager,Product & Business,FutureGrid,Chennai,Tamil Nadu,Full-time,Senior,8.4,10.0,4,7,"Define product priorities, analyze user and market needs, coordinate teams, and measure product outcomes. The role is based in Chennai and works with cross-functional teams.","Market Research, Agile, Communication, SQL, Analytics, Product Management",6,Synthetic demo data,Generated for SKILLYNTRA prototype; not live job-posting data.
SKL100966,Industrial AI Engineer,Engineering & AI,Apex Digital,Hyderabad,Telangana,Contract,Junior,6.4,9.4,1,3,"Apply AI and computer vision to industrial processes, sensor data, and intelligent automation systems. The role is based in Hyderabad and works with cross-functional teams.","Industrial AI, IoT, Computer Vision, Machine Learning, Python, SQL",6,Synthetic demo data,Generated for SKILLYNTRA prototype; not live job-posting data.
SKL100967,Software Engineer,Software & IT,SkillTech,Hyderabad,Telangana,Full-time,Entry Level,12.7,17.3,0,2,"Design, develop, test, and maintain software services while collaborating with engineering teams. The role is based in Hyderabad and works with cross-functional teams.","Data Structures, SQL, Git, Java, Python, REST API",6,Synthetic demo data,Generated for SKILLYNTRA prototype; not live job-posting data.
SKL100968,HR Analyst,HR & Operations,Vertex Systems,Hyderabad,Telangana,Full-time,Entry Level,5.3,11.0,0,4,"Analyze workforce data, prepare HR reports, and support evidence-based people and talent decisions. The role is based in Hyderabad and works with cross-functional teams.","Excel, Data Analysis, Communication, Power BI, Computer Vision, AutoCAD, HR Analytics",7,Synthetic demo data,Generated for SKILLYNTRA prototype; not live job-posting data.
SKL100969,Automation Engineer,Engineering & Automation,CloudSphere,Mumbai,Maharashtra,Full-time,Senior,8.5,10.2,4,7,"Design and maintain industrial automation systems, PLC programs, sensors, and control workflows. The role is based in Mumbai and works with cross-functional teams.","SCADA, Python, Industrial Automation, IoT, Analytics, Sensors, PLC",7,Synthetic demo data,Generated for SKILLYNTRA prototype; not live job-posting data.
SKL100970,Business Analyst,Business & Analytics,MahaTech Industries,Thane,Maharashtra,Full-time,Junior,9.5,10.5,1,2,"Gather business requirements, analyze operational data, create reports, and support decision-making. The role is based in Thane and works with cross-functional teams.","Excel, Statistics, Power BI, Business Analysis, SQL, Communication",6,Synthetic demo data,Generated for SKILLYNTRA prototype; not live job-posting data.
SKL100971,Data Scientist,AI & Data,CoreStack,Delhi,Delhi,Contract,Junior,12.5,18.0,1,2,"Build statistical and machine-learning models, prepare datasets, evaluate model performance, and communicate findings. The role is based in Delhi and works with cross-functional teams.","SQL, Python, Machine Learning, Mechanical Design, Statistics, Excel, Scikit-learn, Pandas",8,Synthetic demo data,Generated for SKILLYNTRA prototype; not live job-posting data.
SKL100972,Electronics Engineer,Electronics & Embedded,Quantix Labs,Aurangabad,Maharashtra,Contract,Senior,6.6,12.1,5,9,"Design, test, and troubleshoot electronic systems, PCBs, and embedded hardware. The role is based in Aurangabad and works with cross-functional teams.","C, Circuit Design, MATLAB, Linux, Testing, Embedded Systems, PCB Design",7,Synthetic demo data,Generated for SKILLYNTRA prototype; not live job-posting data.
SKL100973,Cybersecurity Analyst,Cybersecurity,Nova Mobility,Kolkata,West Bengal,Full-time,Mid Level,7.9,10.4,2,3,"Monitor security events, investigate incidents, assess risks, and support security controls. The role is based in Kolkata and works with cross-functional teams.","Networking, Cybersecurity, Python, Linux, Incident Response, SIEM",6,Synthetic demo data,Generated for SKILLYNTRA prototype; not live job-posting data.
SKL100974,Cloud Engineer,Cloud & DevOps,Prime Automation,Bengaluru,Karnataka,Full-time,Senior,14.1,17.3,4,8,"Design and maintain cloud infrastructure, automate deployments, and improve reliability and scalability. The role is based in Bengaluru and works with cross-functional teams.","Azure, Kubernetes, AWS, Docker, CI/CD, IoT, Linux",7,Synthetic demo data,Generated for SKILLYNTRA prototype; not live job-posting data.
SKL100975,Cloud Engineer,Cloud & DevOps,Vertex Systems,Gurugram,Haryana,Full-time,Senior,16.4,21.1,5,7,"Design and maintain cloud infrastructure, automate deployments, and improve reliability and scalability. The role is based in Gurugram and works with cross-functional teams.","CI/CD, Azure, AWS, Git, Linux, Docker, Kubernetes, SolidWorks",8,Synthetic demo data,Generated for SKILLYNTRA prototype; not live job-posting data.
SKL100976,Industrial AI Engineer,Engineering & AI,CoreStack,Mumbai,Maharashtra,Contract,Senior,9.3,14.5,6,10,"Apply AI and computer vision to industrial processes, sensor data, and intelligent automation systems. The role is based in Mumbai and works with cross-functional teams.","Python, Analytics, SQL, Git, Industrial AI, IoT, Machine Learning, Computer Vision",8,Synthetic demo data,Generated for SKILLYNTRA prototype; not live job-posting data.
SKL100977,Full Stack Developer,Software & IT,TechNova Solutions,Hyderabad,Telangana,Full-time,Senior,8.2,12.5,5,7,Build responsive web applications across frontend and backend services and integrate APIs and databases. The role is based in Hyderabad and works with cross-functional teams.,"PyTorch, Git, JavaScript, React, HTML, SQL, CSS, Node.js",8,Synthetic demo data,Generated for SKILLYNTRA prototype; not live job-posting data.
SKL100978,Automation Engineer,Engineering & Automation,IndusWorks,Nagpur,Maharashtra,Full-time,Mid Level,8.9,13.7,3,6,"Design and maintain industrial automation systems, PLC programs, sensors, and control workflows. The role is based in Nagpur and works with cross-functional teams.","SCADA, Industrial Automation, IoT, Python, Predictive Maintenance, Mechanical Design, Sensors, PLC",8,Synthetic demo data,Generated for SKILLYNTRA prototype; not live job-posting data.
SKL100979,Business Analyst,Business & Analytics,NextGen Analytics,Jaipur,Rajasthan,Contract,Mid Level,5.6,7.4,2,5,"Gather business requirements, analyze operational data, create reports, and support decision-making. The role is based in Jaipur and works with cross-functional teams.","Communication, Excel, Business Analysis, Statistics, SQL, Power BI",6,Synthetic demo data,Generated for SKILLYNTRA prototype; not live job-posting data.
SKL100980,Industrial AI Engineer,Engineering & AI,Nova Mobility,Thane,Maharashtra,Full-time,Mid Level,7.1,10.9,3,6,"Apply AI and computer vision to industrial processes, sensor data, and intelligent automation systems. The role is based in Thane and works with cross-functional teams.","Industrial AI, SQL, IoT, Python, Computer Vision, Machine Learning",6,Synthetic demo data,Generated for SKILLYNTRA prototype; not live job-posting data.
SKL100981,EV Data Analyst,Automotive & EV,AutoNext,Chennai,Tamil Nadu,Full-time,Senior,9.5,15.0,5,8,"Analyze electric-vehicle data, create dashboards, and identify operational and market trends. The role is based in Chennai and works with cross-functional teams.","EV Analytics, Power BI, Python, Statistics, SQL, Excel",6,Synthetic demo data,Generated for SKILLYNTRA prototype; not live job-posting data.
SKL100982,Game Developer,Gaming & Interactive,InnoSoft,Hyderabad,Telangana,Contract,Mid Level,10.9,14.8,3,5,"Develop gameplay systems, implement mechanics, optimize performance, and collaborate with design teams. The role is based in Hyderabad and works with cross-functional teams.","C#, C++, Statistics, Unity, 3D Mathematics, Git, Game Development",7,Synthetic demo data,Generated for SKILLYNTRA prototype; not live job-posting data.
SKL100983,Embedded Systems Engineer,Electronics & Embedded,SmartFab Technologies,Thane,Maharashtra,Full-time,Entry Level,4.6,6.3,0,3,Develop firmware and embedded applications for microcontrollers and connected devices. The role is based in Thane and works with cross-functional teams.,"RTOS, Pandas, Embedded Systems, Git, C, C++, Microcontrollers",7,Synthetic demo data,Generated for SKILLYNTRA prototype; not live job-posting data.
SKL100984,AI Engineer,AI & Machine Learning,SkillTech,Thane,Maharashtra,Full-time,Senior,15.1,19.0,4,5,"Develop and deploy AI solutions, integrate machine-learning models into applications, and improve production performance. The role is based in Thane and works with cross-functional teams.","Python, PyTorch, TensorFlow, Machine Learning, SQL, Deep Learning",6,Synthetic demo data,Generated for SKILLYNTRA prototype; not live job-posting data.
SKL100985,Industrial AI Engineer,Engineering & AI,Nova Mobility,Thane,Maharashtra,Full-time,Junior,13.7,16.0,1,3,"Apply AI and computer vision to industrial processes, sensor data, and intelligent automation systems. The role is based in Thane and works with cross-functional teams.","SQL, Industrial AI, Machine Learning, EV Analytics, Computer Vision, IoT, Python",7,Synthetic demo data,Generated for SKILLYNTRA prototype; not live job-posting data.
SKL100986,Electronics Engineer,Electronics & Embedded,InsightWorks,Pune,Maharashtra,Contract,Entry Level,6.0,11.5,0,3,"Design, test, and troubleshoot electronic systems, PCBs, and embedded hardware. The role is based in Pune and works with cross-functional teams.","Git, C, Embedded Systems, MATLAB, PCB Design, Testing, Circuit Design",7,Synthetic demo data,Generated for SKILLYNTRA prototype; not live job-posting data.
SKL100987,Mechanical Design Engineer,Engineering & Manufacturing,SmartFab Technologies,Gurugram,Haryana,Full-time,Junior,8.2,11.9,1,4,"Create and validate mechanical designs, prepare CAD models and drawings, and support manufacturing. The role is based in Gurugram and works with cross-functional teams.","Manufacturing, SolidWorks, Deep Learning, Mechanical Design, CAD, AutoCAD, GD&T",7,Synthetic demo data,Generated for SKILLYNTRA prototype; not live job-posting data.
SKL100988,Data Analyst,Data & Analytics,IndusWorks,Ahmedabad,Gujarat,Full-time,Entry Level,3.9,6.7,0,2,"Analyze business data, build dashboards, identify trends, and communicate actionable insights to stakeholders. The role is based in Ahmedabad and works with cross-functional teams.","Data Visualization, Power BI, Excel, Python, SQL, Statistics",6,Synthetic demo data,Generated for SKILLYNTRA prototype; not live job-posting data.
SKL100989,Business Analyst,Business & Analytics,SkillTech,Jaipur,Rajasthan,Full-time,Entry Level,8.7,14.5,0,2,"Gather business requirements, analyze operational data, create reports, and support decision-making. The role is based in Jaipur and works with cross-functional teams.","Excel, Statistics, Business Analysis, Communication, SQL, Power BI, Microcontrollers",7,Synthetic demo data,Generated for SKILLYNTRA prototype; not live job-posting data.
SKL100990,AI Engineer,AI & Machine Learning,NextGen Analytics,Nashik,Maharashtra,Full-time,Senior,7.0,12.0,6,7,"Develop and deploy AI solutions, integrate machine-learning models into applications, and improve production performance. The role is based in Nashik and works with cross-functional teams.","PyTorch, Deep Learning, SQL, TensorFlow, Python, Machine Learning",6,Synthetic demo data,Generated for SKILLYNTRA prototype; not live job-posting data.
SKL100991,Industrial AI Engineer,Engineering & AI,Vertex Systems,Jaipur,Rajasthan,Full-time,Senior,12.7,14.6,6,10,"Apply AI and computer vision to industrial processes, sensor data, and intelligent automation systems. The role is based in Jaipur and works with cross-functional teams.","Machine Learning, IoT, Predictive Maintenance, Computer Vision, Python, Industrial AI, SQL",7,Synthetic demo data,Generated for SKILLYNTRA prototype; not live job-posting data.
SKL100992,Full Stack Developer,Software & IT,DataBridge,Nagpur,Maharashtra,Full-time,Junior,11.1,15.7,1,3,Build responsive web applications across frontend and backend services and integrate APIs and databases. The role is based in Nagpur and works with cross-functional teams.,"HTML, SQL, JavaScript, CSS, Node.js, Git, React",7,Synthetic demo data,Generated for SKILLYNTRA prototype; not live job-posting data.
SKL100993,Electronics Engineer,Electronics & Embedded,BluePeak Consulting,Bengaluru,Karnataka,Full-time,Senior,4.9,7.2,5,8,"Design, test, and troubleshoot electronic systems, PCBs, and embedded hardware. The role is based in Bengaluru and works with cross-functional teams.","MATLAB, Testing, PyTorch, PCB Design, Circuit Design, C, Embedded Systems",7,Synthetic demo data,Generated for SKILLYNTRA prototype; not live job-posting data.
SKL100994,Data Scientist,AI & Data,AutoNext,Mumbai,Maharashtra,Full-time,Mid Level,12.2,17.3,3,4,"Build statistical and machine-learning models, prepare datasets, evaluate model performance, and communicate findings. The role is based in Mumbai and works with cross-functional teams.","SQL, Pandas, Machine Learning, Python, Statistics, Scikit-learn",6,Synthetic demo data,Generated for SKILLYNTRA prototype; not live job-posting data.
SKL100995,Embedded Systems Engineer,Electronics & Embedded,Quantix Labs,Ahmedabad,Gujarat,Contract,Senior,9.1,13.8,5,6,Develop firmware and embedded applications for microcontrollers and connected devices. The role is based in Ahmedabad and works with cross-functional teams.,"C, RTOS, C++, Industrial Automation, Microcontrollers, Git, Embedded Systems",7,Synthetic demo data,Generated for SKILLYNTRA prototype; not live job-posting data.
SKL100996,Business Analyst,Business & Analytics,Vertex Systems,Chennai,Tamil Nadu,Full-time,Junior,4.3,7.1,1,3,"Gather business requirements, analyze operational data, create reports, and support decision-making. The role is based in Chennai and works with cross-functional teams.","SQL, Statistics, Excel, Communication, Sensor Analytics, Power BI, Business Analysis",7,Synthetic demo data,Generated for SKILLYNTRA prototype; not live job-posting data.
SKL100997,Software Engineer,Software & IT,InnoSoft,Gurugram,Haryana,Full-time,Mid Level,13.7,18.7,3,4,"Design, develop, test, and maintain software services while collaborating with engineering teams. The role is based in Gurugram and works with cross-functional teams.","REST API, Sensor Analytics, Python, SQL, Git, Java, Data Structures",7,Synthetic demo data,Generated for SKILLYNTRA prototype; not live job-posting data.
SKL100998,Software Engineer,Software & IT,Nova Mobility,Delhi,Delhi,Full-time,Junior,5.2,8.5,1,2,"Design, develop, test, and maintain software services while collaborating with engineering teams. The role is based in Delhi and works with cross-functional teams.","SQL, EV Analytics, Data Structures, REST API, Git, Python, Java",7,Synthetic demo data,Generated for SKILLYNTRA prototype; not live job-posting data.
SKL100999,DevOps Engineer,Cloud & DevOps,AutoNext,Nagpur,Maharashtra,Full-time,Senior,11.2,16.9,5,9,"Automate software delivery, maintain CI/CD pipelines, monitor systems, and improve deployment reliability. The role is based in Nagpur and works with cross-functional teams.","Docker, Git, CI/CD, Kubernetes, Linux, AWS",6,Synthetic demo data,Generated for SKILLYNTRA prototype; not live job-posting data.
SKL101000,Industrial AI Engineer,Engineering & AI,FutureGrid,Delhi,Delhi,Full-time,Mid Level,11.7,15.2,2,4,"Apply AI and computer vision to industrial processes, sensor data, and intelligent automation systems. The role is based in Delhi and works with cross-functional teams.","IoT, Industrial AI, Machine Learning, Python, SQL, Computer Vision",6,Synthetic demo data,Generated for SKILLYNTRA prototype; not live job-posting data.
SKL101001,Product Manager,Product & Business,SkillTech,Noida,Uttar Pradesh,Full-time,Senior,14.8,18.4,5,6,"Define product priorities, analyze user and market needs, coordinate teams, and measure product outcomes. The role is based in Noida and works with cross-functional teams.","Product Management, Analytics, SQL, Predictive Maintenance, Market Research, Communication, Agile",7,Synthetic demo data,Generated for SKILLYNTRA prototype; not live job-posting data.
SKL101002,Data Analyst,Data & Analytics,Quantix Labs,Hyderabad,Telangana,Full-time,Mid Level,4.5,7.2,3,5,"Analyze business data, build dashboards, identify trends, and communicate actionable insights to stakeholders. The role is based in Hyderabad and works with cross-functional teams.","Python, SQL, Statistics, Data Visualization, Excel, Power BI",6,Synthetic demo data,Generated for SKILLYNTRA prototype; not live job-posting data.
SKL101003,Cloud Engineer,Cloud & DevOps,IndusWorks,Kolkata,West Bengal,Full-time,Mid Level,13.8,17.8,3,5,"Design and maintain cloud infrastructure, automate deployments, and improve reliability and scalability. The role is based in Kolkata and works with cross-functional teams.","Linux, Azure, AWS, CI/CD, Kubernetes, Docker",6,Synthetic demo data,Generated for SKILLYNTRA prototype; not live job-posting data.
SKL101004,Game Developer,Gaming & Interactive,IndusWorks,Ahmedabad,Gujarat,Full-time,Senior,4.7,8.2,4,7,"Develop gameplay systems, implement mechanics, optimize performance, and collaborate with design teams. The role is based in Ahmedabad and works with cross-functional teams.","C#, Sensors, TensorFlow, Unity, 3D Mathematics, Game Development, C++, Git",8,Synthetic demo data,Generated for SKILLYNTRA prototype; not live job-posting data.
SKL101005,Data Scientist,AI & Data,CloudSphere,Hyderabad,Telangana,Full-time,Mid Level,9.3,14.4,2,3,"Build statistical and machine-learning models, prepare datasets, evaluate model performance, and communicate findings. The role is based in Hyderabad and works with cross-functional teams.","Pandas, Python, JavaScript, Statistics, Scikit-learn, Machine Learning, SQL",7,Synthetic demo data,Generated for SKILLYNTRA prototype; not live job-posting data.
SKL101006,Electronics Engineer,Electronics & Embedded,Apex Digital,Delhi,Delhi,Full-time,Mid Level,8.3,10.3,2,3,"Design, test, and troubleshoot electronic systems, PCBs, and embedded hardware. The role is based in Delhi and works with cross-functional teams.","Data Analysis, C, Embedded Systems, PCB Design, Circuit Design, Testing, MATLAB, Deep Learning",8,Synthetic demo data,Generated for SKILLYNTRA prototype; not live job-posting data.
SKL101007,Product Manager,Product & Business,TechNova Solutions,Pune,Maharashtra,Full-time,Senior,8.0,11.3,7,11,"Define product priorities, analyze user and market needs, coordinate teams, and measure product outcomes. The role is based in Pune and works with cross-functional teams.","Product Management, Analytics, Agile, Market Research, Communication, SQL",6,Synthetic demo data,Generated for SKILLYNTRA prototype; not live job-posting data.
SKL101008,Machine Learning Engineer,AI & Machine Learning,DataBridge,Kolkata,West Bengal,Full-time,Senior,9.4,13.4,4,7,"Develop, test, deploy, and maintain machine-learning pipelines and production models. The role is based in Kolkata and works with cross-functional teams.","Docker, CAD, TensorFlow, Python, Scikit-learn, Machine Learning, PyTorch",7,Synthetic demo data,Generated for SKILLYNTRA prototype; not live job-posting data.
SKL101009,EV Data Analyst,Automotive & EV,Quantix Labs,Hyderabad,Telangana,Full-time,Junior,10.7,13.5,1,4,"Analyze electric-vehicle data, create dashboards, and identify operational and market trends. The role is based in Hyderabad and works with cross-functional teams.","EV Analytics, Python, SQL, Power BI, Statistics, Excel",6,Synthetic demo data,Generated for SKILLYNTRA prototype; not live job-posting data.
SKL101010,Electronics Engineer,Electronics & Embedded,MahaTech Industries,Jaipur,Rajasthan,Full-time,Senior,5.6,10.4,5,8,"Design, test, and troubleshoot electronic systems, PCBs, and embedded hardware. The role is based in Jaipur and works with cross-functional teams.","PCB Design, Testing, MATLAB, Embedded Systems, Circuit Design, C",6,Synthetic demo data,Generated for SKILLYNTRA prototype; not live job-posting data.
SKL101011,Software Engineer,Software & IT,Apex Digital,Nashik,Maharashtra,Contract,Senior,14.4,16.6,4,6,"Design, develop, test, and maintain software services while collaborating with engineering teams. The role is based in Nashik and works with cross-functional teams.","REST API, Java, Data Structures, Embedded Systems, Git, Python, SQL",7,Synthetic demo data,Generated for SKILLYNTRA prototype; not live job-posting data.
SKL101012,EV Data Analyst,Automotive & EV,BluePeak Consulting,Pune,Maharashtra,Full-time,Mid Level,9.6,13.3,3,7,"Analyze electric-vehicle data, create dashboards, and identify operational and market trends. The role is based in Pune and works with cross-functional teams.","Power BI, EV Analytics, Python, Excel, Statistics, SQL",6,Synthetic demo data,Generated for SKILLYNTRA prototype; not live job-posting data.
SKL101013,DevOps Engineer,Cloud & DevOps,CoreStack,Pune,Maharashtra,Full-time,Junior,13.7,18.2,1,2,"Automate software delivery, maintain CI/CD pipelines, monitor systems, and improve deployment reliability. The role is based in Pune and works with cross-functional teams.","Kubernetes, AWS, Analytics, CI/CD, Git, Docker, Linux",7,Synthetic demo data,Generated for SKILLYNTRA prototype; not live job-posting data.
SKL101014,Game Developer,Gaming & Interactive,InnoSoft,Ahmedabad,Gujarat,Contract,Entry Level,8.4,12.8,0,3,"Develop gameplay systems, implement mechanics, optimize performance, and collaborate with design teams. The role is based in Ahmedabad and works with cross-functional teams.","3D Mathematics, C#, Game Development, Industrial AI, Git, Manufacturing, C++, Unity",8,Synthetic demo data,Generated for SKILLYNTRA prototype; not live job-posting data.
SKL101015,Data Analyst,Data & Analytics,NextGen Analytics,Thane,Maharashtra,Contract,Senior,6.0,11.2,4,7,"Analyze business data, build dashboards, identify trends, and communicate actionable insights to stakeholders. The role is based in Thane and works with cross-functional teams.","Data Visualization, Excel, Circuit Design, Power BI, Python, Statistics, SQL",7,Synthetic demo data,Generated for SKILLYNTRA prototype; not live job-posting data.
SKL101016,Full Stack Developer,Software & IT,Vertex Systems,Jaipur,Rajasthan,Full-time,Senior,7.7,10.3,4,7,Build responsive web applications across frontend and backend services and integrate APIs and databases. The role is based in Jaipur and works with cross-functional teams.,"HTML, Git, Game Development, JavaScript, SQL, Node.js, CSS, React",8,Synthetic demo data,Generated for SKILLYNTRA prototype; not live job-posting data.
SKL101017,Full Stack Developer,Software & IT,MahaTech Industries,Mumbai,Maharashtra,Full-time,Mid Level,11.6,16.9,3,4,Build responsive web applications across frontend and backend services and integrate APIs and databases. The role is based in Mumbai and works with cross-functional teams.,"JavaScript, SQL, CSS, React, Node.js, HTML, Git",7,Synthetic demo data,Generated for SKILLYNTRA prototype; not live job-posting data.
SKL101018,Automation Engineer,Engineering & Automation,CloudSphere,Pune,Maharashtra,Contract,Senior,5.7,6.9,4,7,"Design and maintain industrial automation systems, PLC programs, sensors, and control workflows. The role is based in Pune and works with cross-functional teams.","IoT, Python, PLC, Industrial Automation, Sensors, SCADA",6,Synthetic demo data,Generated for SKILLYNTRA prototype; not live job-posting data.
SKL101019,Business Analyst,Business & Analytics,InnoSoft,Hyderabad,Telangana,Full-time,Senior,11.4,14.8,4,6,"Gather business requirements, analyze operational data, create reports, and support decision-making. The role is based in Hyderabad and works with cross-functional teams.","Excel, Power BI, REST API, Statistics, Deep Learning, Communication, SQL, Business Analysis",8,Synthetic demo data,Generated for SKILLYNTRA prototype; not live job-posting data.
SKL101020,Cybersecurity Analyst,Cybersecurity,TechNova Solutions,Kolkata,West Bengal,Contract,Mid Level,7.4,11.3,2,6,"Monitor security events, investigate incidents, assess risks, and support security controls. The role is based in Kolkata and works with cross-functional teams.","Linux, SIEM, Python, Networking, Incident Response, Cybersecurity",6,Synthetic demo data,Generated for SKILLYNTRA prototype; not live job-posting data.
SKL101021,HR Analyst,HR & Operations,DataBridge,Mumbai,Maharashtra,Full-time,Mid Level,4.8,6.0,3,4,"Analyze workforce data, prepare HR reports, and support evidence-based people and talent decisions. The role is based in Mumbai and works with cross-functional teams.","Excel, Data Analysis, Communication, HR Analytics, Power BI",5,Synthetic demo data,Generated for SKILLYNTRA prototype; not live job-posting data.
SKL101022,Machine Learning Engineer,AI & Machine Learning,TechNova Solutions,Kolkata,West Bengal,Contract,Senior,7.2,8.6,4,6,"Develop, test, deploy, and maintain machine-learning pipelines and production models. The role is based in Kolkata and works with cross-functional teams.","Docker, Python, Machine Learning, Scikit-learn, PyTorch, TensorFlow",6,Synthetic demo data,Generated for SKILLYNTRA prototype; not live job-posting data.
SKL101023,AI Engineer,AI & Machine Learning,IndusWorks,Gurugram,Haryana,Full-time,Mid Level,12.2,15.1,2,3,"Develop and deploy AI solutions, integrate machine-learning models into applications, and improve production performance. The role is based in Gurugram and works with cross-functional teams.","Deep Learning, Python, Machine Learning, TensorFlow, SQL, PyTorch",6,Synthetic demo data,Generated for SKILLYNTRA prototype; not live job-posting data.
SKL101024,Embedded Systems Engineer,Electronics & Embedded,MahaTech Industries,Kolkata,West Bengal,Contract,Senior,12.6,18.0,5,6,Develop firmware and embedded applications for microcontrollers and connected devices. The role is based in Kolkata and works with cross-functional teams.,"Deep Learning, Microcontrollers, RTOS, Git, C, Embedded Systems, C++, Product Management",8,Synthetic demo data,Generated for SKILLYNTRA prototype; not live job-posting data.
SKL101025,Data Analyst,Data & Analytics,MahaTech Industries,Noida,Uttar Pradesh,Full-time,Senior,6.3,10.8,4,8,"Analyze business data, build dashboards, identify trends, and communicate actionable insights to stakeholders. The role is based in Noida and works with cross-functional teams.","Excel, Statistics, SQL, Power BI, Python, Data Visualization",6,Synthetic demo data,Generated for SKILLYNTRA prototype; not live job-posting data.
SKL101026,Automation Engineer,Engineering & Automation,AutoNext,Jaipur,Rajasthan,Full-time,Senior,7.0,12.5,4,6,"Design and maintain industrial automation systems, PLC programs, sensors, and control workflows. The role is based in Jaipur and works with cross-functional teams.","Python, SCADA, PLC, IoT, Linux, Sensors, Kubernetes, Industrial Automation",8,Synthetic demo data,Generated for SKILLYNTRA prototype; not live job-posting data.
SKL101027,Automation Engineer,Engineering & Automation,FutureGrid,Thane,Maharashtra,Contract,Junior,9.4,12.4,1,5,"Design and maintain industrial automation systems, PLC programs, sensors, and control workflows. The role is based in Thane and works with cross-functional teams.","PLC, IoT, Azure, Sensors, SCADA, Industrial Automation, Python",7,Synthetic demo data,Generated for SKILLYNTRA prototype; not live job-posting data.
SKL101028,EV Data Analyst,Automotive & EV,Nova Mobility,Jaipur,Rajasthan,Full-time,Entry Level,8.1,13.3,0,3,"Analyze electric-vehicle data, create dashboards, and identify operational and market trends. The role is based in Jaipur and works with cross-functional teams.","Power BI, Statistics, Python, C++, SQL, Manufacturing, EV Analytics, Excel",8,Synthetic demo data,Generated for SKILLYNTRA prototype; not live job-posting data.
SKL101029,Mechanical Design Engineer,Engineering & Manufacturing,Apex Digital,Kolkata,West Bengal,Contract,Senior,6.9,10.8,4,5,"Create and validate mechanical designs, prepare CAD models and drawings, and support manufacturing. The role is based in Kolkata and works with cross-functional teams.","AutoCAD, CAD, GD&T, TensorFlow, SolidWorks, Mechanical Design, Manufacturing",7,Synthetic demo data,Generated for SKILLYNTRA prototype; not live job-posting data.
SKL101030,Machine Learning Engineer,AI & Machine Learning,Quantix Labs,Thane,Maharashtra,Full-time,Senior,13.3,18.4,5,9,"Develop, test, deploy, and maintain machine-learning pipelines and production models. The role is based in Thane and works with cross-functional teams.","Machine Learning, Python, Docker, TensorFlow, Scikit-learn, PyTorch",6,Synthetic demo data,Generated for SKILLYNTRA prototype; not live job-posting data.
SKL101031,Automation Engineer,Engineering & Automation,Vertex Systems,Nashik,Maharashtra,Full-time,Senior,11.1,17.0,5,6,"Design and maintain industrial automation systems, PLC programs, sensors, and control workflows. The role is based in Nashik and works with cross-functional teams.","Sensors, Python, Industrial Automation, PLC, SCADA, IoT",6,Synthetic demo data,Generated for SKILLYNTRA prototype; not live job-posting data.
SKL101032,Game Developer,Gaming & Interactive,Vertex Systems,Aurangabad,Maharashtra,Full-time,Senior,12.6,14.5,4,5,"Develop gameplay systems, implement mechanics, optimize performance, and collaborate with design teams. The role is based in Aurangabad and works with cross-functional teams.","Unity, Git, Game Development, 3D Mathematics, C#, C++",6,Synthetic demo data,Generated for SKILLYNTRA prototype; not live job-posting data.
SKL101033,AI Engineer,AI & Machine Learning,VisionEdge,Aurangabad,Maharashtra,Full-time,Junior,19.3,23.6,1,5,"Develop and deploy AI solutions, integrate machine-learning models into applications, and improve production performance. The role is based in Aurangabad and works with cross-functional teams.","Python, PyTorch, Machine Learning, Deep Learning, TensorFlow, SQL",6,Synthetic demo data,Generated for SKILLYNTRA prototype; not live job-posting data.
SKL101034,Cloud Engineer,Cloud & DevOps,Prime Automation,Aurangabad,Maharashtra,Contract,Senior,13.0,17.0,5,9,"Design and maintain cloud infrastructure, automate deployments, and improve reliability and scalability. The role is based in Aurangabad and works with cross-functional teams.","Kubernetes, Azure, Docker, CI/CD, AWS, JavaScript, Linux, Analytics",8,Synthetic demo data,Generated for SKILLYNTRA prototype; not live job-posting data.
SKL101035,EV Data Analyst,Automotive & EV,Apex Digital,Ahmedabad,Gujarat,Full-time,Mid Level,11.6,16.0,3,6,"Analyze electric-vehicle data, create dashboards, and identify operational and market trends. The role is based in Ahmedabad and works with cross-functional teams.","Power BI, SQL, EV Analytics, Excel, Python, Statistics",6,Synthetic demo data,Generated for SKILLYNTRA prototype; not live job-posting data.
SKL101036,EV Data Analyst,Automotive & EV,NextGen Analytics,Mumbai,Maharashtra,Contract,Junior,7.6,12.4,1,2,"Analyze electric-vehicle data, create dashboards, and identify operational and market trends. The role is based in Mumbai and works with cross-functional teams.","Excel, Power BI, SQL, Python, Statistics, EV Analytics",6,Synthetic demo data,Generated for SKILLYNTRA prototype; not live job-posting data.
SKL101037,Cloud Engineer,Cloud & DevOps,Prime Automation,Delhi,Delhi,Full-time,Junior,13.5,17.5,1,2,"Design and maintain cloud infrastructure, automate deployments, and improve reliability and scalability. The role is based in Delhi and works with cross-functional teams.","RTOS, Linux, CI/CD, Docker, Azure, Kubernetes, AWS, Agile",8,Synthetic demo data,Generated for SKILLYNTRA prototype; not live job-posting data.
SKL101038,Cybersecurity Analyst,Cybersecurity,Apex Digital,Delhi,Delhi,Full-time,Senior,5.6,8.8,5,9,"Monitor security events, investigate incidents, assess risks, and support security controls. The role is based in Delhi and works with cross-functional teams.","SIEM, Incident Response, Linux, Python, Networking, Cybersecurity",6,Synthetic demo data,Generated for SKILLYNTRA prototype; not live job-posting data.
SKL101039,AI Engineer,AI & Machine Learning,AutoNext,Nagpur,Maharashtra,Full-time,Senior,7.1,12.0,4,6,"Develop and deploy AI solutions, integrate machine-learning models into applications, and improve production performance. The role is based in Nagpur and works with cross-functional teams.","CI/CD, SQL, PyTorch, TensorFlow, Machine Learning, Deep Learning, Python, Sensors",8,Synthetic demo data,Generated for SKILLYNTRA prototype; not live job-posting data.
SKL101040,Automation Engineer,Engineering & Automation,Apex Digital,Ahmedabad,Gujarat,Full-time,Entry Level,5.1,9.8,0,2,"Design and maintain industrial automation systems, PLC programs, sensors, and control workflows. The role is based in Ahmedabad and works with cross-functional teams.","Python, SCADA, Sensors, PLC, MATLAB, Industrial Automation, IoT, AWS",8,Synthetic demo data,Generated for SKILLYNTRA prototype; not live job-posting data.
SKL101041,Mechanical Design Engineer,Engineering & Manufacturing,MahaTech Industries,Hyderabad,Telangana,Full-time,Mid Level,7.1,10.2,2,6,"Create and validate mechanical designs, prepare CAD models and drawings, and support manufacturing. The role is based in Hyderabad and works with cross-functional teams.","Mechanical Design, CAD, SolidWorks, Manufacturing, GD&T, AutoCAD",6,Synthetic demo data,Generated for SKILLYNTRA prototype; not live job-posting data.
SKL101042,Software Engineer,Software & IT,TechNova Solutions,Mumbai,Maharashtra,Full-time,Junior,10.7,15.0,1,2,"Design, develop, test, and maintain software services while collaborating with engineering teams. The role is based in Mumbai and works with cross-functional teams.","Git, Python, Java, Data Structures, Node.js, SQL, REST API",7,Synthetic demo data,Generated for SKILLYNTRA prototype; not live job-posting data.
SKL101043,Embedded Systems Engineer,Electronics & Embedded,Apex Digital,Bengaluru,Karnataka,Full-time,Senior,6.1,7.8,4,5,Develop firmware and embedded applications for microcontrollers and connected devices. The role is based in Bengaluru and works with cross-functional teams.,"Embedded Systems, RTOS, C++, C, Microcontrollers, Git",6,Synthetic demo data,Generated for SKILLYNTRA prototype; not live job-posting data.
SKL101044,Machine Learning Engineer,AI & Machine Learning,DataBridge,Chennai,Tamil Nadu,Contract,Senior,10.6,15.7,5,6,"Develop, test, deploy, and maintain machine-learning pipelines and production models. The role is based in Chennai and works with cross-functional teams.","Python, Docker, Scikit-learn, PyTorch, SolidWorks, TensorFlow, Machine Learning",7,Synthetic demo data,Generated for SKILLYNTRA prototype; not live job-posting data.
SKL101045,Industrial AI Engineer,Engineering & AI,Apex Digital,Nagpur,Maharashtra,Full-time,Mid Level,12.1,16.2,2,6,"Apply AI and computer vision to industrial processes, sensor data, and intelligent automation systems. The role is based in Nagpur and works with cross-functional teams.","IoT, Computer Vision, Python, Industrial AI, SQL, Machine Learning",6,Synthetic demo data,Generated for SKILLYNTRA prototype; not live job-posting data.
SKL101046,Embedded Systems Engineer,Electronics & Embedded,CloudSphere,Nashik,Maharashtra,Full-time,Senior,11.6,14.4,5,9,Develop firmware and embedded applications for microcontrollers and connected devices. The role is based in Nashik and works with cross-functional teams.,"Git, RTOS, C++, C, Microcontrollers, Embedded Systems",6,Synthetic demo data,Generated for SKILLYNTRA prototype; not live job-posting data.
SKL101047,Game Developer,Gaming & Interactive,Vertex Systems,Pune,Maharashtra,Full-time,Senior,7.5,11.5,5,8,"Develop gameplay systems, implement mechanics, optimize performance, and collaborate with design teams. The role is based in Pune and works with cross-functional teams.","C++, Git, C#, Game Development, Unity, 3D Mathematics",6,Synthetic demo data,Generated for SKILLYNTRA prototype; not live job-posting data.
SKL101048,DevOps Engineer,Cloud & DevOps,BluePeak Consulting,Delhi,Delhi,Full-time,Mid Level,15.3,18.4,3,7,"Automate software delivery, maintain CI/CD pipelines, monitor systems, and improve deployment reliability. The role is based in Delhi and works with cross-functional teams.","Docker, Git, Kubernetes, CI/CD, Linux, AWS",6,Synthetic demo data,Generated for SKILLYNTRA prototype; not live job-posting data.
SKL101049,HR Analyst,HR & Operations,InnoSoft,Aurangabad,Maharashtra,Contract,Mid Level,6.9,12.8,2,6,"Analyze workforce data, prepare HR reports, and support evidence-based people and talent decisions. The role is based in Aurangabad and works with cross-functional teams.","Excel, Communication, HR Analytics, Power BI, Docker, Data Analysis",6,Synthetic demo data,Generated for SKILLYNTRA prototype; not live job-posting data.
SKL101050,Game Developer,Gaming & Interactive,InsightWorks,Ahmedabad,Gujarat,Full-time,Senior,8.2,9.7,5,7,"Develop gameplay systems, implement mechanics, optimize performance, and collaborate with design teams. The role is based in Ahmedabad and works with cross-functional teams.","Game Development, C#, Unity, C++, 3D Mathematics, Excel, Git",7,Synthetic demo data,Generated for SKILLYNTRA prototype; not live job-posting data.
SKL101051,Product Manager,Product & Business,BluePeak Consulting,Delhi,Delhi,Full-time,Mid Level,19.0,21.7,3,6,"Define product priorities, analyze user and market needs, coordinate teams, and measure product outcomes. The role is based in Delhi and works with cross-functional teams.","SQL, Product Management, Communication, Agile, Market Research, Analytics",6,Synthetic demo data,Generated for SKILLYNTRA prototype; not live job-posting data.
SKL101052,Predictive Maintenance Engineer,Engineering & Manufacturing,Prime Automation,Noida,Uttar Pradesh,Full-time,Mid Level,10.2,14.5,2,5,Use machine and sensor data to identify failure patterns and improve maintenance planning. The role is based in Noida and works with cross-functional teams.,"Sensor Analytics, PLC, Python, Machine Learning, IoT, Predictive Maintenance",6,Synthetic demo data,Generated for SKILLYNTRA prototype; not live job-posting data.
SKL101053,Cloud Engineer,Cloud & DevOps,VisionEdge,Ahmedabad,Gujarat,Full-time,Senior,7.3,11.9,5,7,"Design and maintain cloud infrastructure, automate deployments, and improve reliability and scalability. The role is based in Ahmedabad and works with cross-functional teams.","Docker, CI/CD, AWS, Linux, Kubernetes, PCB Design, Azure",7,Synthetic demo data,Generated for SKILLYNTRA prototype; not live job-posting data.
SKL101054,DevOps Engineer,Cloud & DevOps,AutoNext,Bengaluru,Karnataka,Contract,Senior,17.2,20.5,6,9,"Automate software delivery, maintain CI/CD pipelines, monitor systems, and improve deployment reliability. The role is based in Bengaluru and works with cross-functional teams.","AWS, Docker, Git, CAD, Linux, CI/CD, Kubernetes",7,Synthetic demo data,Generated for SKILLYNTRA prototype; not live job-posting data.
SKL101055,Data Analyst,Data & Analytics,Vertex Systems,Mumbai,Maharashtra,Full-time,Mid Level,5.8,11.7,2,6,"Analyze business data, build dashboards, identify trends, and communicate actionable insights to stakeholders. The role is based in Mumbai and works with cross-functional teams.","Statistics, Data Analysis, Data Visualization, Excel, Python, Power BI, SQL, React",8,Synthetic demo data,Generated for SKILLYNTRA prototype; not live job-posting data.
SKL101056,Industrial AI Engineer,Engineering & AI,InnoSoft,Bengaluru,Karnataka,Full-time,Mid Level,7.5,9.2,3,4,"Apply AI and computer vision to industrial processes, sensor data, and intelligent automation systems. The role is based in Bengaluru and works with cross-functional teams.","Computer Vision, Machine Learning, Industrial AI, IoT, SQL, Python",6,Synthetic demo data,Generated for SKILLYNTRA prototype; not live job-posting data.
SKL101057,Machine Learning Engineer,AI & Machine Learning,Prime Automation,Kolkata,West Bengal,Full-time,Mid Level,17.7,21.5,2,3,"Develop, test, deploy, and maintain machine-learning pipelines and production models. The role is based in Kolkata and works with cross-functional teams.","Docker, TensorFlow, Machine Learning, PyTorch, Scikit-learn, Python",6,Synthetic demo data,Generated for SKILLYNTRA prototype; not live job-posting data.
SKL101058,DevOps Engineer,Cloud & DevOps,SkillTech,Nagpur,Maharashtra,Contract,Senior,17.1,19.9,5,8,"Automate software delivery, maintain CI/CD pipelines, monitor systems, and improve deployment reliability. The role is based in Nagpur and works with cross-functional teams.","Git, AWS, CI/CD, Kubernetes, Linux, Docker",6,Synthetic demo data,Generated for SKILLYNTRA prototype; not live job-posting data.
SKL101059,Cloud Engineer,Cloud & DevOps,SkillTech,Chennai,Tamil Nadu,Full-time,Junior,7.0,11.7,1,3,"Design and maintain cloud infrastructure, automate deployments, and improve reliability and scalability. The role is based in Chennai and works with cross-functional teams.","Linux, Kubernetes, SCADA, Azure, CI/CD, AWS, Docker",7,Synthetic demo data,Generated for SKILLYNTRA prototype; not live job-posting data.
SKL101060,Automation Engineer,Engineering & Automation,Nova Mobility,Delhi,Delhi,Contract,Junior,6.2,7.3,1,3,"Design and maintain industrial automation systems, PLC programs, sensors, and control workflows. The role is based in Delhi and works with cross-functional teams.","Industrial Automation, Python, Git, PLC, Sensors, SCADA, IoT, Data Visualization",8,Synthetic demo data,Generated for SKILLYNTRA prototype; not live job-posting data.
SKL101061,Automation Engineer,Engineering & Automation,InnoSoft,Nashik,Maharashtra,Full-time,Senior,4.2,9.0,4,8,"Design and maintain industrial automation systems, PLC programs, sensors, and control workflows. The role is based in Nashik and works with cross-functional teams.","PLC, SCADA, Industrial Automation, Python, IoT, Sensors",6,Synthetic demo data,Generated for SKILLYNTRA prototype; not live job-posting data.
SKL101062,Data Analyst,Data & Analytics,BluePeak Consulting,Hyderabad,Telangana,Full-time,Senior,7.7,11.7,4,8,"Analyze business data, build dashboards, identify trends, and communicate actionable insights to stakeholders. The role is based in Hyderabad and works with cross-functional teams.","Power BI, SQL, C++, Excel, Statistics, Python, Data Visualization",7,Synthetic demo data,Generated for SKILLYNTRA prototype; not live job-posting data.
SKL101063,Cloud Engineer,Cloud & DevOps,Quantix Labs,Thane,Maharashtra,Full-time,Senior,8.7,11.2,4,7,"Design and maintain cloud infrastructure, automate deployments, and improve reliability and scalability. The role is based in Thane and works with cross-functional teams.","Azure, Linux, AWS, CI/CD, Kubernetes, Docker",6,Synthetic demo data,Generated for SKILLYNTRA prototype; not live job-posting data.
SKL101064,Automation Engineer,Engineering & Automation,TechNova Solutions,Gurugram,Haryana,Full-time,Mid Level,6.9,8.0,3,6,"Design and maintain industrial automation systems, PLC programs, sensors, and control workflows. The role is based in Gurugram and works with cross-functional teams.","Python, Industrial Automation, SCADA, Sensors, PLC, Power BI, IoT",7,Synthetic demo data,Generated for SKILLYNTRA prototype; not live job-posting data.
SKL101065,Cybersecurity Analyst,Cybersecurity,DataBridge,Thane,Maharashtra,Full-time,Mid Level,5.5,10.8,3,5,"Monitor security events, investigate incidents, assess risks, and support security controls. The role is based in Thane and works with cross-functional teams.","Linux, Python, Incident Response, Networking, Market Research, Cybersecurity, JavaScript, SIEM",8,Synthetic demo data,Generated for SKILLYNTRA prototype; not live job-posting data.
SKL101066,Full Stack Developer,Software & IT,SkillTech,Mumbai,Maharashtra,Contract,Senior,6.9,10.5,5,6,Build responsive web applications across frontend and backend services and integrate APIs and databases. The role is based in Mumbai and works with cross-functional teams.,"CSS, HTML, JavaScript, Git, SQL, React, Industrial AI, Node.js",8,Synthetic demo data,Generated for SKILLYNTRA prototype; not live job-posting data.
SKL101067,Product Manager,Product & Business,BluePeak Consulting,Nashik,Maharashtra,Full-time,Mid Level,18.3,22.4,2,4,"Define product priorities, analyze user and market needs, coordinate teams, and measure product outcomes. The role is based in Nashik and works with cross-functional teams.","Market Research, Node.js, Product Management, Communication, SQL, Analytics, RTOS, Agile",8,Synthetic demo data,Generated for SKILLYNTRA prototype; not live job-posting data.
SKL101068,Cloud Engineer,Cloud & DevOps,NextGen Analytics,Delhi,Delhi,Full-time,Junior,9.0,13.9,1,2,"Design and maintain cloud infrastructure, automate deployments, and improve reliability and scalability. The role is based in Delhi and works with cross-functional teams.","Docker, AWS, CI/CD, C++, Azure, Linux, Kubernetes, RTOS",8,Synthetic demo data,Generated for SKILLYNTRA prototype; not live job-posting data.
SKL101069,Data Analyst,Data & Analytics,Nova Mobility,Thane,Maharashtra,Full-time,Mid Level,6.0,11.5,2,3,"Analyze business data, build dashboards, identify trends, and communicate actionable insights to stakeholders. The role is based in Thane and works with cross-functional teams.","Statistics, Power BI, Data Visualization, C#, Excel, Python, SQL",7,Synthetic demo data,Generated for SKILLYNTRA prototype; not live job-posting data.
SKL101070,Embedded Systems Engineer,Electronics & Embedded,DataBridge,Ahmedabad,Gujarat,Contract,Mid Level,8.1,12.6,3,5,Develop firmware and embedded applications for microcontrollers and connected devices. The role is based in Ahmedabad and works with cross-functional teams.,"Git, Embedded Systems, RTOS, Data Analysis, C++, Microcontrollers, CSS, C",8,Synthetic demo data,Generated for SKILLYNTRA prototype; not live job-posting data.
SKL101071,Game Developer,Gaming & Interactive,CoreStack,Chennai,Tamil Nadu,Full-time,Senior,12.0,15.3,5,9,"Develop gameplay systems, implement mechanics, optimize performance, and collaborate with design teams. The role is based in Chennai and works with cross-functional teams.","C++, C#, Unity, Game Development, MATLAB, Git, TensorFlow, 3D Mathematics",8,Synthetic demo data,Generated for SKILLYNTRA prototype; not live job-posting data.
SKL101072,Predictive Maintenance Engineer,Engineering & Manufacturing,AutoNext,Jaipur,Rajasthan,Full-time,Junior,6.5,10.5,1,2,Use machine and sensor data to identify failure patterns and improve maintenance planning. The role is based in Jaipur and works with cross-functional teams.,"PLC, SIEM, IoT, Sensor Analytics, Predictive Maintenance, Python, Machine Learning",7,Synthetic demo data,Generated for SKILLYNTRA prototype; not live job-posting data.
SKL101073,HR Analyst,HR & Operations,SmartFab Technologies,Pune,Maharashtra,Full-time,Mid Level,7.5,9.6,3,5,"Analyze workforce data, prepare HR reports, and support evidence-based people and talent decisions. The role is based in Pune and works with cross-functional teams.","C++, Excel, Python, Power BI, HR Analytics, Data Analysis, Communication",7,Synthetic demo data,Generated for SKILLYNTRA prototype; not live job-posting data.
SKL101074,Data Analyst,Data & Analytics,CloudSphere,Kolkata,West Bengal,Full-time,Mid Level,5.9,9.3,3,6,"Analyze business data, build dashboards, identify trends, and communicate actionable insights to stakeholders. The role is based in Kolkata and works with cross-functional teams.","Statistics, Power BI, Python, Data Visualization, GD&T, Excel, SQL",7,Synthetic demo data,Generated for SKILLYNTRA prototype; not live job-posting data.
SKL101075,Machine Learning Engineer,AI & Machine Learning,Quantix Labs,Aurangabad,Maharashtra,Full-time,Junior,12.6,15.5,1,4,"Develop, test, deploy, and maintain machine-learning pipelines and production models. The role is based in Aurangabad and works with cross-functional teams.","SQL, HR Analytics, Python, TensorFlow, Docker, Scikit-learn, PyTorch, Machine Learning",8,Synthetic demo data,Generated for SKILLYNTRA prototype; not live job-posting data.
SKL101076,HR Analyst,HR & Operations,Vertex Systems,Thane,Maharashtra,Full-time,Mid Level,3.1,4.6,2,4,"Analyze workforce data, prepare HR reports, and support evidence-based people and talent decisions. The role is based in Thane and works with cross-functional teams.","Data Analysis, Communication, Machine Learning, HR Analytics, Predictive Maintenance, Excel, Power BI",7,Synthetic demo data,Generated for SKILLYNTRA prototype; not live job-posting data.
SKL101077,Automation Engineer,Engineering & Automation,SmartFab Technologies,Bengaluru,Karnataka,Contract,Senior,6.8,9.4,4,8,"Design and maintain industrial automation systems, PLC programs, sensors, and control workflows. The role is based in Bengaluru and works with cross-functional teams.","IoT, Industrial Automation, SCADA, PLC, Sensors, Python, Analytics",7,Synthetic demo data,Generated for SKILLYNTRA prototype; not live job-posting data.
SKL101078,Predictive Maintenance Engineer,Engineering & Manufacturing,CoreStack,Pune,Maharashtra,Full-time,Senior,14.0,15.8,5,6,Use machine and sensor data to identify failure patterns and improve maintenance planning. The role is based in Pune and works with cross-functional teams.,"IoT, Predictive Maintenance, Python, Machine Learning, Sensor Analytics, Docker, PLC",7,Synthetic demo data,Generated for SKILLYNTRA prototype; not live job-posting data.
SKL101079,AI Engineer,AI & Machine Learning,InnoSoft,Delhi,Delhi,Contract,Mid Level,9.9,11.1,3,7,"Develop and deploy AI solutions, integrate machine-learning models into applications, and improve production performance. The role is based in Delhi and works with cross-functional teams.","TensorFlow, Python, Deep Learning, PyTorch, SQL, Machine Learning",6,Synthetic demo data,Generated for SKILLYNTRA prototype; not live job-posting data.
SKL101080,Software Engineer,Software & IT,CoreStack,Bengaluru,Karnataka,Full-time,Senior,14.9,17.0,4,7,"Design, develop, test, and maintain software services while collaborating with engineering teams. The role is based in Bengaluru and works with cross-functional teams.","REST API, Data Structures, Git, SQL, Python, Java",6,Synthetic demo data,Generated for SKILLYNTRA prototype; not live job-posting data.
SKL101081,DevOps Engineer,Cloud & DevOps,Nova Mobility,Hyderabad,Telangana,Full-time,Senior,7.4,11.7,6,10,"Automate software delivery, maintain CI/CD pipelines, monitor systems, and improve deployment reliability. The role is based in Hyderabad and works with cross-functional teams.","Linux, Docker, CI/CD, Node.js, AWS, Kubernetes, Git",7,Synthetic demo data,Generated for SKILLYNTRA prototype; not live job-posting data.
SKL101082,Predictive Maintenance Engineer,Engineering & Manufacturing,InsightWorks,Nashik,Maharashtra,Full-time,Senior,12.2,17.1,4,7,Use machine and sensor data to identify failure patterns and improve maintenance planning. The role is based in Nashik and works with cross-functional teams.,"Predictive Maintenance, Machine Learning, PLC, Sensor Analytics, Python, IoT",6,Synthetic demo data,Generated for SKILLYNTRA prototype; not live job-posting data.
SKL101083,Predictive Maintenance Engineer,Engineering & Manufacturing,AutoNext,Aurangabad,Maharashtra,Contract,Senior,5.0,8.9,5,9,Use machine and sensor data to identify failure patterns and improve maintenance planning. The role is based in Aurangabad and works with cross-functional teams.,"Sensor Analytics, Machine Learning, Python, PLC, Predictive Maintenance, IoT, Business Analysis",7,Synthetic demo data,Generated for SKILLYNTRA prototype; not live job-posting data.
SKL101084,Software Engineer,Software & IT,Apex Digital,Kolkata,West Bengal,Full-time,Senior,9.1,12.1,5,8,"Design, develop, test, and maintain software services while collaborating with engineering teams. The role is based in Kolkata and works with cross-functional teams.","Data Structures, Python, SQL, Git, REST API, EV Analytics, Deep Learning, Java",8,Synthetic demo data,Generated for SKILLYNTRA prototype; not live job-posting data.
SKL101085,Data Scientist,AI & Data,InnoSoft,Bengaluru,Karnataka,Contract,Senior,10.1,16.0,4,6,"Build statistical and machine-learning models, prepare datasets, evaluate model performance, and communicate findings. The role is based in Bengaluru and works with cross-functional teams.","Scikit-learn, Pandas, Statistics, SQL, Testing, Python, Machine Learning",7,Synthetic demo data,Generated for SKILLYNTRA prototype; not live job-posting data.
SKL101086,Embedded Systems Engineer,Electronics & Embedded,InnoSoft,Nagpur,Maharashtra,Full-time,Mid Level,6.6,10.6,3,5,Develop firmware and embedded applications for microcontrollers and connected devices. The role is based in Nagpur and works with cross-functional teams.,"C, RTOS, Microcontrollers, Git, C++, Embedded Systems",6,Synthetic demo data,Generated for SKILLYNTRA prototype; not live job-posting data.
SKL101087,Machine Learning Engineer,AI & Machine Learning,NextGen Analytics,Mumbai,Maharashtra,Full-time,Senior,8.8,11.9,6,7,"Develop, test, deploy, and maintain machine-learning pipelines and production models. The role is based in Mumbai and works with cross-functional teams.","Scikit-learn, PyTorch, TensorFlow, Python, Machine Learning, Docker",6,Synthetic demo data,Generated for SKILLYNTRA prototype; not live job-posting data.
SKL101088,Data Scientist,AI & Data,FutureGrid,Nashik,Maharashtra,Full-time,Mid Level,12.7,14.1,3,6,"Build statistical and machine-learning models, prepare datasets, evaluate model performance, and communicate findings. The role is based in Nashik and works with cross-functional teams.","SQL, Pandas, Statistics, Python, Scikit-learn, Machine Learning",6,Synthetic demo data,Generated for SKILLYNTRA prototype; not live job-posting data.
SKL101089,Electronics Engineer,Electronics & Embedded,Vertex Systems,Pune,Maharashtra,Full-time,Junior,8.9,12.3,1,5,"Design, test, and troubleshoot electronic systems, PCBs, and embedded hardware. The role is based in Pune and works with cross-functional teams.","MATLAB, Embedded Systems, Market Research, Circuit Design, Testing, C, PCB Design",7,Synthetic demo data,Generated for SKILLYNTRA prototype; not live job-posting data.
SKL101090,AI Engineer,AI & Machine Learning,SkillTech,Hyderabad,Telangana,Full-time,Mid Level,15.4,19.9,3,5,"Develop and deploy AI solutions, integrate machine-learning models into applications, and improve production performance. The role is based in Hyderabad and works with cross-functional teams.","Python, SQL, Deep Learning, Machine Learning, TensorFlow, PyTorch",6,Synthetic demo data,Generated for SKILLYNTRA prototype; not live job-posting data.
SKL101091,Game Developer,Gaming & Interactive,SmartFab Technologies,Jaipur,Rajasthan,Full-time,Senior,10.3,15.3,5,7,"Develop gameplay systems, implement mechanics, optimize performance, and collaborate with design teams. The role is based in Jaipur and works with cross-functional teams.","TensorFlow, C++, Unity, Game Development, 3D Mathematics, C#, Git",7,Synthetic demo data,Generated for SKILLYNTRA prototype; not live job-posting data.
SKL101092,Business Analyst,Business & Analytics,CloudSphere,Nagpur,Maharashtra,Full-time,Mid Level,9.6,10.8,3,5,"Gather business requirements, analyze operational data, create reports, and support decision-making. The role is based in Nagpur and works with cross-functional teams.","Power BI, Business Analysis, Statistics, Excel, SQL, Communication",6,Synthetic demo data,Generated for SKILLYNTRA prototype; not live job-posting data.
SKL101093,Software Engineer,Software & IT,NextGen Analytics,Gurugram,Haryana,Contract,Mid Level,11.9,15.8,2,5,"Design, develop, test, and maintain software services while collaborating with engineering teams. The role is based in Gurugram and works with cross-functional teams.","Java, HTML, Git, SQL, REST API, Data Structures, Python, Industrial Automation",8,Synthetic demo data,Generated for SKILLYNTRA prototype; not live job-posting data.
SKL101094,Data Scientist,AI & Data,Nova Mobility,Thane,Maharashtra,Contract,Senior,9.5,10.7,4,6,"Build statistical and machine-learning models, prepare datasets, evaluate model performance, and communicate findings. The role is based in Thane and works with cross-functional teams.","Python, Excel, Machine Learning, Pandas, Scikit-learn, Statistics, SQL",7,Synthetic demo data,Generated for SKILLYNTRA prototype; not live job-posting data.
SKL101095,Software Engineer,Software & IT,SmartFab Technologies,Jaipur,Rajasthan,Full-time,Senior,11.6,17.4,5,9,"Design, develop, test, and maintain software services while collaborating with engineering teams. The role is based in Jaipur and works with cross-functional teams.","REST API, Data Structures, Sensor Analytics, Git, PLC, Java, Python, SQL",8,Synthetic demo data,Generated for SKILLYNTRA prototype; not live job-posting data.
SKL101096,Software Engineer,Software & IT,IndusWorks,Pune,Maharashtra,Full-time,Junior,14.6,20.1,1,5,"Design, develop, test, and maintain software services while collaborating with engineering teams. The role is based in Pune and works with cross-functional teams.","Data Structures, Java, Git, REST API, SQL, HR Analytics, CI/CD, Python",8,Synthetic demo data,Generated for SKILLYNTRA prototype; not live job-posting data.
SKL101097,Data Analyst,Data & Analytics,AutoNext,Mumbai,Maharashtra,Contract,Senior,4.6,7.2,4,6,"Analyze business data, build dashboards, identify trends, and communicate actionable insights to stakeholders. The role is based in Mumbai and works with cross-functional teams.","Power BI, Python, Data Visualization, SQL, SIEM, Excel, Predictive Maintenance, Statistics",8,Synthetic demo data,Generated for SKILLYNTRA prototype; not live job-posting data.
SKL101098,Embedded Systems Engineer,Electronics & Embedded,FutureGrid,Chennai,Tamil Nadu,Full-time,Senior,4.4,7.1,4,8,Develop firmware and embedded applications for microcontrollers and connected devices. The role is based in Chennai and works with cross-functional teams.,"Embedded Systems, Market Research, C++, RTOS, Microcontrollers, C, Git",7,Synthetic demo data,Generated for SKILLYNTRA prototype; not live job-posting data.
SKL101099,Embedded Systems Engineer,Electronics & Embedded,VisionEdge,Nagpur,Maharashtra,Full-time,Mid Level,12.0,17.3,2,5,Develop firmware and embedded applications for microcontrollers and connected devices. The role is based in Nagpur and works with cross-functional teams.,"C, Microcontrollers, C++, Embedded Systems, RTOS, Git",6,Synthetic demo data,Generated for SKILLYNTRA prototype; not live job-posting data.
SKL101100,Predictive Maintenance Engineer,Engineering & Manufacturing,MahaTech Industries,Nagpur,Maharashtra,Full-time,Junior,6.8,7.8,1,5,Use machine and sensor data to identify failure patterns and improve maintenance planning. The role is based in Nagpur and works with cross-functional teams.,"Predictive Maintenance, IoT, PLC, Sensor Analytics, Machine Learning, Python",6,Synthetic demo data,Generated for SKILLYNTRA prototype; not live job-posting data.
SKL101101,Industrial AI Engineer,Engineering & AI,Vertex Systems,Delhi,Delhi,Full-time,Senior,14.6,19.9,5,8,"Apply AI and computer vision to industrial processes, sensor data, and intelligent automation systems. The role is based in Delhi and works with cross-functional teams.","MATLAB, Computer Vision, Python, Industrial AI, Machine Learning, IoT, SQL",7,Synthetic demo data,Generated for SKILLYNTRA prototype; not live job-posting data.
SKL101102,Business Analyst,Business & Analytics,CloudSphere,Noida,Uttar Pradesh,Full-time,Mid Level,4.8,10.5,3,4,"Gather business requirements, analyze operational data, create reports, and support decision-making. The role is based in Noida and works with cross-functional teams.","Data Structures, SQL, CI/CD, Excel, Business Analysis, Power BI, Statistics, Communication",8,Synthetic demo data,Generated for SKILLYNTRA prototype; not live job-posting data.
SKL101103,HR Analyst,HR & Operations,FutureGrid,Mumbai,Maharashtra,Full-time,Mid Level,3.5,5.2,2,3,"Analyze workforce data, prepare HR reports, and support evidence-based people and talent decisions. The role is based in Mumbai and works with cross-functional teams.","Power BI, Communication, Data Analysis, HR Analytics, Excel",5,Synthetic demo data,Generated for SKILLYNTRA prototype; not live job-posting data.
SKL101104,Machine Learning Engineer,AI & Machine Learning,VisionEdge,Ahmedabad,Gujarat,Full-time,Mid Level,13.0,18.2,3,4,"Develop, test, deploy, and maintain machine-learning pipelines and production models. The role is based in Ahmedabad and works with cross-functional teams.","Incident Response, IoT, Python, Scikit-learn, PyTorch, Docker, TensorFlow, Machine Learning",8,Synthetic demo data,Generated for SKILLYNTRA prototype; not live job-posting data.
SKL101105,HR Analyst,HR & Operations,InnoSoft,Nashik,Maharashtra,Full-time,Junior,7.4,12.9,1,4,"Analyze workforce data, prepare HR reports, and support evidence-based people and talent decisions. The role is based in Nashik and works with cross-functional teams.","Power BI, Communication, Data Analysis, HR Analytics, React, Excel, Unity",7,Synthetic demo data,Generated for SKILLYNTRA prototype; not live job-posting data.
SKL101106,Predictive Maintenance Engineer,Engineering & Manufacturing,CoreStack,Jaipur,Rajasthan,Full-time,Junior,13.9,18.7,1,5,Use machine and sensor data to identify failure patterns and improve maintenance planning. The role is based in Jaipur and works with cross-functional teams.,"Predictive Maintenance, IoT, AWS, Python, PLC, Sensor Analytics, Machine Learning",7,Synthetic demo data,Generated for SKILLYNTRA prototype; not live job-posting data.
SKL101107,Full Stack Developer,Software & IT,SkillTech,Nagpur,Maharashtra,Full-time,Senior,11.8,16.6,5,9,Build responsive web applications across frontend and backend services and integrate APIs and databases. The role is based in Nagpur and works with cross-functional teams.,"JavaScript, Node.js, Git, HTML, SQL, React, CSS",7,Synthetic demo data,Generated for SKILLYNTRA prototype; not live job-posting data.
SKL101108,Cloud Engineer,Cloud & DevOps,MahaTech Industries,Kolkata,West Bengal,Full-time,Junior,8.1,11.9,1,5,"Design and maintain cloud infrastructure, automate deployments, and improve reliability and scalability. The role is based in Kolkata and works with cross-functional teams.","Docker, AWS, Azure, Kubernetes, Linux, CI/CD",6,Synthetic demo data,Generated for SKILLYNTRA prototype; not live job-posting data.
SKL101109,Automation Engineer,Engineering & Automation,IndusWorks,Mumbai,Maharashtra,Contract,Entry Level,8.7,12.1,0,1,"Design and maintain industrial automation systems, PLC programs, sensors, and control workflows. The role is based in Mumbai and works with cross-functional teams.","IoT, SCADA, Power BI, Industrial Automation, Linux, Python, PLC, Sensors",8,Synthetic demo data,Generated for SKILLYNTRA prototype; not live job-posting data.
SKL101110,Product Manager,Product & Business,Apex Digital,Pune,Maharashtra,Full-time,Mid Level,15.6,21.6,2,5,"Define product priorities, analyze user and market needs, coordinate teams, and measure product outcomes. The role is based in Pune and works with cross-functional teams.","Analytics, SCADA, Product Management, SQL, Communication, Agile, Market Research, Data Visualization",8,Synthetic demo data,Generated for SKILLYNTRA prototype; not live job-posting data.
SKL101111,Industrial AI Engineer,Engineering & AI,FutureGrid,Aurangabad,Maharashtra,Full-time,Senior,6.3,8.7,4,5,"Apply AI and computer vision to industrial processes, sensor data, and intelligent automation systems. The role is based in Aurangabad and works with cross-functional teams.","Computer Vision, Industrial AI, IoT, Machine Learning, Python, SQL",6,Synthetic demo data,Generated for SKILLYNTRA prototype; not live job-posting data.
SKL101112,Machine Learning Engineer,AI & Machine Learning,DataBridge,Mumbai,Maharashtra,Full-time,Mid Level,17.7,19.6,3,6,"Develop, test, deploy, and maintain machine-learning pipelines and production models. The role is based in Mumbai and works with cross-functional teams.","Scikit-learn, TensorFlow, Docker, Machine Learning, Python, PyTorch",6,Synthetic demo data,Generated for SKILLYNTRA prototype; not live job-posting data.
SKL101113,EV Data Analyst,Automotive & EV,CoreStack,Ahmedabad,Gujarat,Full-time,Entry Level,11.3,15.5,0,3,"Analyze electric-vehicle data, create dashboards, and identify operational and market trends. The role is based in Ahmedabad and works with cross-functional teams.","Excel, EV Analytics, SQL, Power BI, Python, Statistics",6,Synthetic demo data,Generated for SKILLYNTRA prototype; not live job-posting data.
SKL101114,Cybersecurity Analyst,Cybersecurity,MahaTech Industries,Gurugram,Haryana,Contract,Junior,4.8,10.6,1,2,"Monitor security events, investigate incidents, assess risks, and support security controls. The role is based in Gurugram and works with cross-functional teams.","Python, Networking, Linux, Incident Response, SIEM, Cybersecurity",6,Synthetic demo data,Generated for SKILLYNTRA prototype; not live job-posting data.
SKL101115,EV Data Analyst,Automotive & EV,DataBridge,Mumbai,Maharashtra,Full-time,Junior,4.7,6.5,1,3,"Analyze electric-vehicle data, create dashboards, and identify operational and market trends. The role is based in Mumbai and works with cross-functional teams.","EV Analytics, SolidWorks, Power BI, MATLAB, Statistics, Python, Excel, SQL",8,Synthetic demo data,Generated for SKILLYNTRA prototype; not live job-posting data.
SKL101116,Predictive Maintenance Engineer,Engineering & Manufacturing,Prime Automation,Nagpur,Maharashtra,Full-time,Entry Level,10.0,14.6,0,3,Use machine and sensor data to identify failure patterns and improve maintenance planning. The role is based in Nagpur and works with cross-functional teams.,"Machine Learning, PLC, Python, IoT, Predictive Maintenance, Sensor Analytics",6,Synthetic demo data,Generated for SKILLYNTRA prototype; not live job-posting data.
SKL101117,Electronics Engineer,Electronics & Embedded,InnoSoft,Noida,Uttar Pradesh,Full-time,Junior,5.7,8.8,1,4,"Design, test, and troubleshoot electronic systems, PCBs, and embedded hardware. The role is based in Noida and works with cross-functional teams.","MATLAB, Testing, HTML, Circuit Design, SolidWorks, Embedded Systems, PCB Design, C",8,Synthetic demo data,Generated for SKILLYNTRA prototype; not live job-posting data.
SKL101118,Electronics Engineer,Electronics & Embedded,TechNova Solutions,Hyderabad,Telangana,Full-time,Entry Level,7.3,12.1,0,4,"Design, test, and troubleshoot electronic systems, PCBs, and embedded hardware. The role is based in Hyderabad and works with cross-functional teams.","Embedded Systems, MATLAB, Manufacturing, Circuit Design, C, Testing, C++, PCB Design",8,Synthetic demo data,Generated for SKILLYNTRA prototype; not live job-posting data.
SKL101119,Data Scientist,AI & Data,CloudSphere,Nagpur,Maharashtra,Full-time,Junior,12.8,14.5,1,2,"Build statistical and machine-learning models, prepare datasets, evaluate model performance, and communicate findings. The role is based in Nagpur and works with cross-functional teams.","SQL, Statistics, Scikit-learn, Pandas, Python, Machine Learning",6,Synthetic demo data,Generated for SKILLYNTRA prototype; not live job-posting data.
SKL101120,Data Analyst,Data & Analytics,Apex Digital,Bengaluru,Karnataka,Full-time,Mid Level,5.7,7.5,2,4,"Analyze business data, build dashboards, identify trends, and communicate actionable insights to stakeholders. The role is based in Bengaluru and works with cross-functional teams.","Statistics, Python, SQL, REST API, C, Excel, Power BI, Data Visualization",8,Synthetic demo data,Generated for SKILLYNTRA prototype; not live job-posting data.
SKL101121,Cloud Engineer,Cloud & DevOps,Quantix Labs,Bengaluru,Karnataka,Full-time,Mid Level,11.4,17.1,2,4,"Design and maintain cloud infrastructure, automate deployments, and improve reliability and scalability. The role is based in Bengaluru and works with cross-functional teams.","Azure, AutoCAD, CI/CD, Kubernetes, Docker, AWS, Linux",7,Synthetic demo data,Generated for SKILLYNTRA prototype; not live job-posting data.
SKL101122,Automation Engineer,Engineering & Automation,FutureGrid,Chennai,Tamil Nadu,Contract,Junior,4.9,7.3,1,5,"Design and maintain industrial automation systems, PLC programs, sensors, and control workflows. The role is based in Chennai and works with cross-functional teams.","Data Analysis, Python, Industrial Automation, Sensors, PLC, IoT, SCADA",7,Synthetic demo data,Generated for SKILLYNTRA prototype; not live job-posting data.
SKL101123,HR Analyst,HR & Operations,CloudSphere,Aurangabad,Maharashtra,Contract,Mid Level,7.1,9.5,3,5,"Analyze workforce data, prepare HR reports, and support evidence-based people and talent decisions. The role is based in Aurangabad and works with cross-functional teams.","Data Analysis, Excel, Testing, HR Analytics, Power BI, Communication",6,Synthetic demo data,Generated for SKILLYNTRA prototype; not live job-posting data.
SKL101124,Software Engineer,Software & IT,CloudSphere,Pune,Maharashtra,Full-time,Senior,8.8,14.8,5,9,"Design, develop, test, and maintain software services while collaborating with engineering teams. The role is based in Pune and works with cross-functional teams.","Java, JavaScript, Git, REST API, Data Structures, Networking, Python, SQL",8,Synthetic demo data,Generated for SKILLYNTRA prototype; not live job-posting data.
SKL101125,Predictive Maintenance Engineer,Engineering & Manufacturing,FutureGrid,Ahmedabad,Gujarat,Contract,Senior,4.7,8.5,5,9,Use machine and sensor data to identify failure patterns and improve maintenance planning. The role is based in Ahmedabad and works with cross-functional teams.,"PLC, Sensor Analytics, Python, Predictive Maintenance, Machine Learning, IoT",6,Synthetic demo data,Generated for SKILLYNTRA prototype; not live job-posting data.
SKL101126,Predictive Maintenance Engineer,Engineering & Manufacturing,IndusWorks,Pune,Maharashtra,Full-time,Entry Level,11.8,16.6,0,3,Use machine and sensor data to identify failure patterns and improve maintenance planning. The role is based in Pune and works with cross-functional teams.,"Predictive Maintenance, Linux, PLC, IoT, Sensor Analytics, Python, Machine Learning",7,Synthetic demo data,Generated for SKILLYNTRA prototype; not live job-posting data.
SKL101127,Mechanical Design Engineer,Engineering & Manufacturing,DataBridge,Aurangabad,Maharashtra,Full-time,Senior,7.6,11.9,4,6,"Create and validate mechanical designs, prepare CAD models and drawings, and support manufacturing. The role is based in Aurangabad and works with cross-functional teams.","GD&T, Mechanical Design, AutoCAD, Excel, Manufacturing, Machine Learning, CAD, SolidWorks",8,Synthetic demo data,Generated for SKILLYNTRA prototype; not live job-posting data.
SKL101128,Business Analyst,Business & Analytics,AutoNext,Thane,Maharashtra,Full-time,Junior,7.9,11.1,1,4,"Gather business requirements, analyze operational data, create reports, and support decision-making. The role is based in Thane and works with cross-functional teams.","Power BI, AWS, Business Analysis, Statistics, PLC, Communication, SQL, Excel",8,Synthetic demo data,Generated for SKILLYNTRA prototype; not live job-posting data.
SKL101129,Automation Engineer,Engineering & Automation,CoreStack,Bengaluru,Karnataka,Full-time,Senior,4.8,10.8,5,6,"Design and maintain industrial automation systems, PLC programs, sensors, and control workflows. The role is based in Bengaluru and works with cross-functional teams.","Pandas, PLC, IoT, Python, HR Analytics, Sensors, SCADA, Industrial Automation",8,Synthetic demo data,Generated for SKILLYNTRA prototype; not live job-posting data.
SKL101130,Cybersecurity Analyst,Cybersecurity,InsightWorks,Pune,Maharashtra,Full-time,Mid Level,12.9,17.1,3,4,"Monitor security events, investigate incidents, assess risks, and support security controls. The role is based in Pune and works with cross-functional teams.","SIEM, Incident Response, Python, SolidWorks, Networking, Cybersecurity, Linux",7,Synthetic demo data,Generated for SKILLYNTRA prototype; not live job-posting data.
SKL101131,Cybersecurity Analyst,Cybersecurity,SkillTech,Ahmedabad,Gujarat,Full-time,Senior,4.4,8.8,4,6,"Monitor security events, investigate incidents, assess risks, and support security controls. The role is based in Ahmedabad and works with cross-functional teams.","Networking, PCB Design, Python, Incident Response, Linux, SIEM, CAD, Cybersecurity",8,Synthetic demo data,Generated for SKILLYNTRA prototype; not live job-posting data.
SKL101132,Predictive Maintenance Engineer,Engineering & Manufacturing,CloudSphere,Delhi,Delhi,Full-time,Senior,4.5,9.0,4,7,Use machine and sensor data to identify failure patterns and improve maintenance planning. The role is based in Delhi and works with cross-functional teams.,"PLC, PyTorch, Machine Learning, Python, IoT, Predictive Maintenance, Sensor Analytics",7,Synthetic demo data,Generated for SKILLYNTRA prototype; not live job-posting data.
SKL101133,Cybersecurity Analyst,Cybersecurity,Nova Mobility,Nagpur,Maharashtra,Full-time,Junior,10.6,15.3,1,3,"Monitor security events, investigate incidents, assess risks, and support security controls. The role is based in Nagpur and works with cross-functional teams.","Cybersecurity, Networking, SIEM, Python, Incident Response, Linux",6,Synthetic demo data,Generated for SKILLYNTRA prototype; not live job-posting data.
SKL101134,Automation Engineer,Engineering & Automation,SkillTech,Nagpur,Maharashtra,Full-time,Junior,4.9,10.5,1,2,"Design and maintain industrial automation systems, PLC programs, sensors, and control workflows. The role is based in Nagpur and works with cross-functional teams.","SCADA, Python, PLC, IoT, Sensors, Industrial Automation",6,Synthetic demo data,Generated for SKILLYNTRA prototype; not live job-posting data.
SKL101135,Industrial AI Engineer,Engineering & AI,TechNova Solutions,Bengaluru,Karnataka,Full-time,Mid Level,6.4,8.3,2,5,"Apply AI and computer vision to industrial processes, sensor data, and intelligent automation systems. The role is based in Bengaluru and works with cross-functional teams.","IoT, Industrial AI, Computer Vision, Business Analysis, SQL, Machine Learning, Python",7,Synthetic demo data,Generated for SKILLYNTRA prototype; not live job-posting data.
SKL101136,Mechanical Design Engineer,Engineering & Manufacturing,Nova Mobility,Nagpur,Maharashtra,Full-time,Mid Level,9.3,11.0,2,5,"Create and validate mechanical designs, prepare CAD models and drawings, and support manufacturing. The role is based in Nagpur and works with cross-functional teams.","AutoCAD, GD&T, Manufacturing, Mechanical Design, SolidWorks, Linux, PLC, CAD",8,Synthetic demo data,Generated for SKILLYNTRA prototype; not live job-posting data.
SKL101137,Electronics Engineer,Electronics & Embedded,TechNova Solutions,Nagpur,Maharashtra,Full-time,Junior,5.4,10.3,1,5,"Design, test, and troubleshoot electronic systems, PCBs, and embedded hardware. The role is based in Nagpur and works with cross-functional teams.","MATLAB, PCB Design, Testing, Embedded Systems, Statistics, C, Circuit Design",7,Synthetic demo data,Generated for SKILLYNTRA prototype; not live job-posting data.
SKL101138,EV Data Analyst,Automotive & EV,InnoSoft,Hyderabad,Telangana,Full-time,Senior,4.4,6.3,5,7,"Analyze electric-vehicle data, create dashboards, and identify operational and market trends. The role is based in Hyderabad and works with cross-functional teams.","EV Analytics, Statistics, Power BI, Python, Excel, SQL",6,Synthetic demo data,Generated for SKILLYNTRA prototype; not live job-posting data.
SKL101139,EV Data Analyst,Automotive & EV,NextGen Analytics,Chennai,Tamil Nadu,Full-time,Mid Level,6.1,8.7,2,3,"Analyze electric-vehicle data, create dashboards, and identify operational and market trends. The role is based in Chennai and works with cross-functional teams.","Power BI, EV Analytics, Excel, Statistics, Python, SQL",6,Synthetic demo data,Generated for SKILLYNTRA prototype; not live job-posting data.
SKL101140,DevOps Engineer,Cloud & DevOps,NextGen Analytics,Gurugram,Haryana,Full-time,Senior,13.5,14.9,5,7,"Automate software delivery, maintain CI/CD pipelines, monitor systems, and improve deployment reliability. The role is based in Gurugram and works with cross-functional teams.","Linux, CI/CD, PCB Design, Manufacturing, AWS, Kubernetes, Git, Docker",8,Synthetic demo data,Generated for SKILLYNTRA prototype; not live job-posting data.
SKL101141,Data Analyst,Data & Analytics,TechNova Solutions,Pune,Maharashtra,Contract,Entry Level,7.8,12.4,0,1,"Analyze business data, build dashboards, identify trends, and communicate actionable insights to stakeholders. The role is based in Pune and works with cross-functional teams.","Statistics, Data Visualization, Excel, Python, SQL, Power BI",6,Synthetic demo data,Generated for SKILLYNTRA prototype; not live job-posting data.
SKL101142,Machine Learning Engineer,AI & Machine Learning,CoreStack,Hyderabad,Telangana,Full-time,Senior,7.7,11.8,6,9,"Develop, test, deploy, and maintain machine-learning pipelines and production models. The role is based in Hyderabad and works with cross-functional teams.","PyTorch, Machine Learning, Docker, Python, TensorFlow, AWS, Pandas, Scikit-learn",8,Synthetic demo data,Generated for SKILLYNTRA prototype; not live job-posting data.
SKL101143,Cybersecurity Analyst,Cybersecurity,NextGen Analytics,Nashik,Maharashtra,Full-time,Senior,9.4,13.3,4,6,"Monitor security events, investigate incidents, assess risks, and support security controls. The role is based in Nashik and works with cross-functional teams.","Networking, Data Visualization, Incident Response, Linux, Cybersecurity, Python, SIEM",7,Synthetic demo data,Generated for SKILLYNTRA prototype; not live job-posting data.
SKL101144,Business Analyst,Business & Analytics,AutoNext,Bengaluru,Karnataka,Full-time,Entry Level,7.7,9.0,0,4,"Gather business requirements, analyze operational data, create reports, and support decision-making. The role is based in Bengaluru and works with cross-functional teams.","Statistics, Communication, Business Analysis, Excel, Power BI, SQL",6,Synthetic demo data,Generated for SKILLYNTRA prototype; not live job-posting data.
SKL101145,AI Engineer,AI & Machine Learning,BluePeak Consulting,Thane,Maharashtra,Full-time,Mid Level,12.3,16.1,3,5,"Develop and deploy AI solutions, integrate machine-learning models into applications, and improve production performance. The role is based in Thane and works with cross-functional teams.","TensorFlow, Python, SQL, Deep Learning, Machine Learning, PyTorch",6,Synthetic demo data,Generated for SKILLYNTRA prototype; not live job-posting data.
SKL101146,HR Analyst,HR & Operations,MahaTech Industries,Noida,Uttar Pradesh,Full-time,Mid Level,7.9,12.9,2,5,"Analyze workforce data, prepare HR reports, and support evidence-based people and talent decisions. The role is based in Noida and works with cross-functional teams.","Communication, HR Analytics, Power BI, Product Management, Data Analysis, Excel",6,Synthetic demo data,Generated for SKILLYNTRA prototype; not live job-posting data.
SKL101147,Mechanical Design Engineer,Engineering & Manufacturing,CloudSphere,Nagpur,Maharashtra,Full-time,Mid Level,7.5,12.5,3,7,"Create and validate mechanical designs, prepare CAD models and drawings, and support manufacturing. The role is based in Nagpur and works with cross-functional teams.","CAD, GD&T, AutoCAD, SolidWorks, Mechanical Design, Manufacturing",6,Synthetic demo data,Generated for SKILLYNTRA prototype; not live job-posting data.
SKL101148,Cybersecurity Analyst,Cybersecurity,MahaTech Industries,Ahmedabad,Gujarat,Contract,Entry Level,6.3,9.9,0,4,"Monitor security events, investigate incidents, assess risks, and support security controls. The role is based in Ahmedabad and works with cross-functional teams.","JavaScript, SIEM, Python, Linux, Statistics, Incident Response, Networking, Cybersecurity",8,Synthetic demo data,Generated for SKILLYNTRA prototype; not live job-posting data.
SKL101149,DevOps Engineer,Cloud & DevOps,Vertex Systems,Chennai,Tamil Nadu,Full-time,Senior,12.3,13.7,4,6,"Automate software delivery, maintain CI/CD pipelines, monitor systems, and improve deployment reliability. The role is based in Chennai and works with cross-functional teams.","CI/CD, AWS, Kubernetes, Data Analysis, Linux, Git, Docker",7,Synthetic demo data,Generated for SKILLYNTRA prototype; not live job-posting data.
SKL101150,Full Stack Developer,Software & IT,InsightWorks,Chennai,Tamil Nadu,Full-time,Senior,8.4,10.2,5,8,Build responsive web applications across frontend and backend services and integrate APIs and databases. The role is based in Chennai and works with cross-functional teams.,"JavaScript, HTML, Git, Node.js, React, CSS, SQL",7,Synthetic demo data,Generated for SKILLYNTRA prototype; not live job-posting data.
SKL101151,Machine Learning Engineer,AI & Machine Learning,DataBridge,Aurangabad,Maharashtra,Full-time,Junior,17.5,22.6,1,5,"Develop, test, deploy, and maintain machine-learning pipelines and production models. The role is based in Aurangabad and works with cross-functional teams.","Python, Testing, PyTorch, Scikit-learn, Machine Learning, TensorFlow, Docker",7,Synthetic demo data,Generated for SKILLYNTRA prototype; not live job-posting data.
SKL101152,Full Stack Developer,Software & IT,CloudSphere,Bengaluru,Karnataka,Full-time,Senior,7.7,12.1,5,8,Build responsive web applications across frontend and backend services and integrate APIs and databases. The role is based in Bengaluru and works with cross-functional teams.,"Git, Node.js, React, HTML, SQL, Circuit Design, CSS, JavaScript",8,Synthetic demo data,Generated for SKILLYNTRA prototype; not live job-posting data.
SKL101153,Product Manager,Product & Business,InsightWorks,Chennai,Tamil Nadu,Full-time,Senior,17.0,21.7,6,7,"Define product priorities, analyze user and market needs, coordinate teams, and measure product outcomes. The role is based in Chennai and works with cross-functional teams.","Product Management, Agile, SQL, Market Research, Data Structures, Communication, Analytics",7,Synthetic demo data,Generated for SKILLYNTRA prototype; not live job-posting data.
SKL101154,Automation Engineer,Engineering & Automation,MahaTech Industries,Delhi,Delhi,Full-time,Senior,4.3,8.7,5,8,"Design and maintain industrial automation systems, PLC programs, sensors, and control workflows. The role is based in Delhi and works with cross-functional teams.","IoT, Sensors, PLC, Python, SCADA, Industrial Automation",6,Synthetic demo data,Generated for SKILLYNTRA prototype; not live job-posting data.
SKL101155,Cloud Engineer,Cloud & DevOps,BluePeak Consulting,Jaipur,Rajasthan,Contract,Mid Level,15.7,17.3,3,6,"Design and maintain cloud infrastructure, automate deployments, and improve reliability and scalability. The role is based in Jaipur and works with cross-functional teams.","Docker, Azure, SCADA, Kubernetes, CI/CD, AWS, Data Analysis, Linux",8,Synthetic demo data,Generated for SKILLYNTRA prototype; not live job-posting data.
SKL101156,Machine Learning Engineer,AI & Machine Learning,MahaTech Industries,Chennai,Tamil Nadu,Full-time,Senior,9.9,11.4,5,7,"Develop, test, deploy, and maintain machine-learning pipelines and production models. The role is based in Chennai and works with cross-functional teams.","PyTorch, Docker, Python, CSS, Scikit-learn, Industrial Automation, Machine Learning, TensorFlow",8,Synthetic demo data,Generated for SKILLYNTRA prototype; not live job-posting data.
SKL101157,AI Engineer,AI & Machine Learning,SkillTech,Mumbai,Maharashtra,Full-time,Senior,16.9,19.5,5,9,"Develop and deploy AI solutions, integrate machine-learning models into applications, and improve production performance. The role is based in Mumbai and works with cross-functional teams.","Machine Learning, Deep Learning, SQL, Python, Business Analysis, TensorFlow, PyTorch",7,Synthetic demo data,Generated for SKILLYNTRA prototype; not live job-posting data.
SKL101158,Data Analyst,Data & Analytics,TechNova Solutions,Ahmedabad,Gujarat,Full-time,Senior,5.2,8.2,4,5,"Analyze business data, build dashboards, identify trends, and communicate actionable insights to stakeholders. The role is based in Ahmedabad and works with cross-functional teams.","SCADA, Statistics, C#, Power BI, Excel, Data Visualization, SQL, Python",8,Synthetic demo data,Generated for SKILLYNTRA prototype; not live job-posting data.
SKL101159,Product Manager,Product & Business,SkillTech,Jaipur,Rajasthan,Full-time,Mid Level,18.9,24.3,2,6,"Define product priorities, analyze user and market needs, coordinate teams, and measure product outcomes. The role is based in Jaipur and works with cross-functional teams.","HR Analytics, Cybersecurity, SQL, Product Management, Market Research, Agile, Analytics, Communication",8,Synthetic demo data,Generated for SKILLYNTRA prototype; not live job-posting data.
SKL101160,Machine Learning Engineer,AI & Machine Learning,BluePeak Consulting,Jaipur,Rajasthan,Full-time,Senior,8.3,10.8,6,9,"Develop, test, deploy, and maintain machine-learning pipelines and production models. The role is based in Jaipur and works with cross-functional teams.","Scikit-learn, Python, Machine Learning, Docker, PyTorch, TensorFlow",6,Synthetic demo data,Generated for SKILLYNTRA prototype; not live job-posting data.
SKL101161,Mechanical Design Engineer,Engineering & Manufacturing,Nova Mobility,Nagpur,Maharashtra,Full-time,Senior,9.6,13.7,5,7,"Create and validate mechanical designs, prepare CAD models and drawings, and support manufacturing. The role is based in Nagpur and works with cross-functional teams.","CI/CD, AutoCAD, SolidWorks, Manufacturing, Mechanical Design, GD&T, Azure, CAD",8,Synthetic demo data,Generated for SKILLYNTRA prototype; not live job-posting data.
SKL101162,Cybersecurity Analyst,Cybersecurity,MahaTech Industries,Kolkata,West Bengal,Contract,Senior,5.2,8.9,5,8,"Monitor security events, investigate incidents, assess risks, and support security controls. The role is based in Kolkata and works with cross-functional teams.","Agile, Python, SIEM, Linux, Networking, Cybersecurity, SQL, Incident Response",8,Synthetic demo data,Generated for SKILLYNTRA prototype; not live job-posting data.
SKL101163,Mechanical Design Engineer,Engineering & Manufacturing,MahaTech Industries,Ahmedabad,Gujarat,Full-time,Senior,4.3,5.9,4,5,"Create and validate mechanical designs, prepare CAD models and drawings, and support manufacturing. The role is based in Ahmedabad and works with cross-functional teams.","Manufacturing, CAD, GD&T, Mechanical Design, SolidWorks, AutoCAD",6,Synthetic demo data,Generated for SKILLYNTRA prototype; not live job-posting data.
SKL101164,Game Developer,Gaming & Interactive,SkillTech,Bengaluru,Karnataka,Full-time,Entry Level,7.5,11.9,0,1,"Develop gameplay systems, implement mechanics, optimize performance, and collaborate with design teams. The role is based in Bengaluru and works with cross-functional teams.","Git, 3D Mathematics, Game Development, C++, Unity, C#",6,Synthetic demo data,Generated for SKILLYNTRA prototype; not live job-posting data.
SKL101165,Business Analyst,Business & Analytics,MahaTech Industries,Thane,Maharashtra,Full-time,Mid Level,7.5,9.0,3,5,"Gather business requirements, analyze operational data, create reports, and support decision-making. The role is based in Thane and works with cross-functional teams.","SQL, Business Analysis, Power BI, Statistics, Excel, Communication, Java, SIEM",8,Synthetic demo data,Generated for SKILLYNTRA prototype; not live job-posting data.
SKL101166,Data Scientist,AI & Data,CloudSphere,Mumbai,Maharashtra,Contract,Mid Level,13.9,19.9,3,4,"Build statistical and machine-learning models, prepare datasets, evaluate model performance, and communicate findings. The role is based in Mumbai and works with cross-functional teams.","Pandas, Python, Statistics, SQL, Scikit-learn, Machine Learning",6,Synthetic demo data,Generated for SKILLYNTRA prototype; not live job-posting data.
SKL101167,Data Scientist,AI & Data,CloudSphere,Nagpur,Maharashtra,Full-time,Mid Level,6.5,10.9,3,4,"Build statistical and machine-learning models, prepare datasets, evaluate model performance, and communicate findings. The role is based in Nagpur and works with cross-functional teams.","Statistics, SQL, Machine Learning, Node.js, Pandas, Python, Scikit-learn",7,Synthetic demo data,Generated for SKILLYNTRA prototype; not live job-posting data.
SKL101168,Product Manager,Product & Business,InsightWorks,Aurangabad,Maharashtra,Full-time,Mid Level,16.3,19.6,3,4,"Define product priorities, analyze user and market needs, coordinate teams, and measure product outcomes. The role is based in Aurangabad and works with cross-functional teams.","Product Management, Communication, Agile, Analytics, SQL, Market Research, Manufacturing",7,Synthetic demo data,Generated for SKILLYNTRA prototype; not live job-posting data.
SKL101169,EV Data Analyst,Automotive & EV,SkillTech,Noida,Uttar Pradesh,Full-time,Senior,4.7,8.3,4,8,"Analyze electric-vehicle data, create dashboards, and identify operational and market trends. The role is based in Noida and works with cross-functional teams.","SQL, Python, Excel, Statistics, Power BI, EV Analytics",6,Synthetic demo data,Generated for SKILLYNTRA prototype; not live job-posting data.
SKL101170,Business Analyst,Business & Analytics,Apex Digital,Delhi,Delhi,Full-time,Mid Level,10.2,15.6,2,3,"Gather business requirements, analyze operational data, create reports, and support decision-making. The role is based in Delhi and works with cross-functional teams.","Power BI, REST API, Communication, Statistics, SQL, Mechanical Design, Excel, Business Analysis",8,Synthetic demo data,Generated for SKILLYNTRA prototype; not live job-posting data.
SKL101171,Mechanical Design Engineer,Engineering & Manufacturing,InsightWorks,Bengaluru,Karnataka,Full-time,Senior,6.2,10.6,4,5,"Create and validate mechanical designs, prepare CAD models and drawings, and support manufacturing. The role is based in Bengaluru and works with cross-functional teams.","GD&T, SolidWorks, CI/CD, Manufacturing, CAD, AutoCAD, Mechanical Design, IoT",8,Synthetic demo data,Generated for SKILLYNTRA prototype; not live job-posting data.
SKL101172,Cloud Engineer,Cloud & DevOps,CoreStack,Aurangabad,Maharashtra,Full-time,Senior,11.7,13.8,6,8,"Design and maintain cloud infrastructure, automate deployments, and improve reliability and scalability. The role is based in Aurangabad and works with cross-functional teams.","Docker, AWS, Linux, Pandas, Kubernetes, Azure, Networking, CI/CD",8,Synthetic demo data,Generated for SKILLYNTRA prototype; not live job-posting data.
SKL101173,Data Analyst,Data & Analytics,Quantix Labs,Kolkata,West Bengal,Full-time,Mid Level,8.4,13.9,3,4,"Analyze business data, build dashboards, identify trends, and communicate actionable insights to stakeholders. The role is based in Kolkata and works with cross-functional teams.","Market Research, HTML, Power BI, Excel, SQL, Statistics, Python, Data Visualization",8,Synthetic demo data,Generated for SKILLYNTRA prototype; not live job-posting data.
SKL101174,Mechanical Design Engineer,Engineering & Manufacturing,DataBridge,Noida,Uttar Pradesh,Full-time,Entry Level,7.2,9.9,0,4,"Create and validate mechanical designs, prepare CAD models and drawings, and support manufacturing. The role is based in Noida and works with cross-functional teams.","SolidWorks, GD&T, Azure, Mechanical Design, TensorFlow, Manufacturing, AutoCAD, CAD",8,Synthetic demo data,Generated for SKILLYNTRA prototype; not live job-posting data.
SKL101175,Predictive Maintenance Engineer,Engineering & Manufacturing,InsightWorks,Thane,Maharashtra,Full-time,Mid Level,6.9,8.9,2,3,Use machine and sensor data to identify failure patterns and improve maintenance planning. The role is based in Thane and works with cross-functional teams.,"Python, GD&T, Sensor Analytics, Machine Learning, PLC, IoT, Predictive Maintenance",7,Synthetic demo data,Generated for SKILLYNTRA prototype; not live job-posting data.
SKL101176,Data Analyst,Data & Analytics,Nova Mobility,Jaipur,Rajasthan,Full-time,Mid Level,3.5,7.8,3,5,"Analyze business data, build dashboards, identify trends, and communicate actionable insights to stakeholders. The role is based in Jaipur and works with cross-functional teams.","Power BI, Manufacturing, SQL, Statistics, Data Visualization, Python, Excel, HTML",8,Synthetic demo data,Generated for SKILLYNTRA prototype; not live job-posting data.
SKL101177,AI Engineer,AI & Machine Learning,Vertex Systems,Noida,Uttar Pradesh,Full-time,Senior,17.7,22.8,5,8,"Develop and deploy AI solutions, integrate machine-learning models into applications, and improve production performance. The role is based in Noida and works with cross-functional teams.","Machine Learning, TensorFlow, Deep Learning, PyTorch, SQL, Python",6,Synthetic demo data,Generated for SKILLYNTRA prototype; not live job-posting data.
SKL101178,AI Engineer,AI & Machine Learning,SkillTech,Aurangabad,Maharashtra,Contract,Junior,7.7,10.7,1,4,"Develop and deploy AI solutions, integrate machine-learning models into applications, and improve production performance. The role is based in Aurangabad and works with cross-functional teams.","Python, PyTorch, Deep Learning, Machine Learning, TensorFlow, SQL",6,Synthetic demo data,Generated for SKILLYNTRA prototype; not live job-posting data.
SKL101179,Software Engineer,Software & IT,Quantix Labs,Pune,Maharashtra,Full-time,Junior,7.7,13.2,1,4,"Design, develop, test, and maintain software services while collaborating with engineering teams. The role is based in Pune and works with cross-functional teams.","Data Structures, Incident Response, Python, Java, Git, SQL, REST API",7,Synthetic demo data,Generated for SKILLYNTRA prototype; not live job-posting data.
SKL101180,Game Developer,Gaming & Interactive,Prime Automation,Ahmedabad,Gujarat,Full-time,Senior,9.4,12.1,5,7,"Develop gameplay systems, implement mechanics, optimize performance, and collaborate with design teams. The role is based in Ahmedabad and works with cross-functional teams.","Unity, C#, C++, Git, Game Development, React, 3D Mathematics, Business Analysis",8,Synthetic demo data,Generated for SKILLYNTRA prototype; not live job-posting data.
SKL101181,Cybersecurity Analyst,Cybersecurity,InnoSoft,Pune,Maharashtra,Full-time,Senior,4.6,6.6,4,7,"Monitor security events, investigate incidents, assess risks, and support security controls. The role is based in Pune and works with cross-functional teams.","Networking, Python, Incident Response, Cybersecurity, Linux, SIEM",6,Synthetic demo data,Generated for SKILLYNTRA prototype; not live job-posting data.
SKL101182,Full Stack Developer,Software & IT,Quantix Labs,Nagpur,Maharashtra,Full-time,Mid Level,8.9,14.6,3,4,Build responsive web applications across frontend and backend services and integrate APIs and databases. The role is based in Nagpur and works with cross-functional teams.,"CSS, 3D Mathematics, Node.js, HTML, JavaScript, React, Git, SQL",8,Synthetic demo data,Generated for SKILLYNTRA prototype; not live job-posting data.
SKL101183,Game Developer,Gaming & Interactive,CloudSphere,Mumbai,Maharashtra,Full-time,Mid Level,11.4,17.3,3,5,"Develop gameplay systems, implement mechanics, optimize performance, and collaborate with design teams. The role is based in Mumbai and works with cross-functional teams.","3D Mathematics, C++, Unity, C#, Git, CI/CD, Game Development",7,Synthetic demo data,Generated for SKILLYNTRA prototype; not live job-posting data.
SKL101184,Cloud Engineer,Cloud & DevOps,NextGen Analytics,Hyderabad,Telangana,Full-time,Senior,9.4,13.3,6,9,"Design and maintain cloud infrastructure, automate deployments, and improve reliability and scalability. The role is based in Hyderabad and works with cross-functional teams.","Circuit Design, Unity, Kubernetes, Linux, Docker, Azure, AWS, CI/CD",8,Synthetic demo data,Generated for SKILLYNTRA prototype; not live job-posting data.
SKL101185,Mechanical Design Engineer,Engineering & Manufacturing,FutureGrid,Aurangabad,Maharashtra,Contract,Entry Level,6.4,10.8,0,2,"Create and validate mechanical designs, prepare CAD models and drawings, and support manufacturing. The role is based in Aurangabad and works with cross-functional teams.","GD&T, SolidWorks, Manufacturing, AutoCAD, Mechanical Design, CAD",6,Synthetic demo data,Generated for SKILLYNTRA prototype; not live job-posting data.
SKL101186,Predictive Maintenance Engineer,Engineering & Manufacturing,Nova Mobility,Nashik,Maharashtra,Full-time,Entry Level,12.4,16.6,0,1,Use machine and sensor data to identify failure patterns and improve maintenance planning. The role is based in Nashik and works with cross-functional teams.,"Sensor Analytics, Machine Learning, Python, IoT, PLC, Predictive Maintenance, SolidWorks",7,Synthetic demo data,Generated for SKILLYNTRA prototype; not live job-posting data.
SKL101187,Predictive Maintenance Engineer,Engineering & Manufacturing,Prime Automation,Kolkata,West Bengal,Full-time,Junior,11.5,14.9,1,4,Use machine and sensor data to identify failure patterns and improve maintenance planning. The role is based in Kolkata and works with cross-functional teams.,"PLC, Machine Learning, Python, Predictive Maintenance, Node.js, Sensor Analytics, IoT, Manufacturing",8,Synthetic demo data,Generated for SKILLYNTRA prototype; not live job-posting data.
SKL101188,Mechanical Design Engineer,Engineering & Manufacturing,SmartFab Technologies,Pune,Maharashtra,Contract,Junior,9.7,10.9,1,5,"Create and validate mechanical designs, prepare CAD models and drawings, and support manufacturing. The role is based in Pune and works with cross-functional teams.","GD&T, Manufacturing, SolidWorks, Linux, AutoCAD, Mechanical Design, CAD, Market Research",8,Synthetic demo data,Generated for SKILLYNTRA prototype; not live job-posting data.
SKL101189,Industrial AI Engineer,Engineering & AI,InnoSoft,Nagpur,Maharashtra,Full-time,Senior,15.5,16.5,5,7,"Apply AI and computer vision to industrial processes, sensor data, and intelligent automation systems. The role is based in Nagpur and works with cross-functional teams.","SQL, IoT, Python, Machine Learning, Industrial AI, Computer Vision",6,Synthetic demo data,Generated for SKILLYNTRA prototype; not live job-posting data.
SKL101190,DevOps Engineer,Cloud & DevOps,Quantix Labs,Noida,Uttar Pradesh,Full-time,Mid Level,7.0,10.0,3,5,"Automate software delivery, maintain CI/CD pipelines, monitor systems, and improve deployment reliability. The role is based in Noida and works with cross-functional teams.","3D Mathematics, Game Development, Docker, Kubernetes, Linux, AWS, CI/CD, Git",8,Synthetic demo data,Generated for SKILLYNTRA prototype; not live job-posting data.
SKL101191,Predictive Maintenance Engineer,Engineering & Manufacturing,Nova Mobility,Noida,Uttar Pradesh,Full-time,Entry Level,7.6,10.6,0,2,Use machine and sensor data to identify failure patterns and improve maintenance planning. The role is based in Noida and works with cross-functional teams.,"Sensor Analytics, IoT, PLC, Machine Learning, PyTorch, Python, Predictive Maintenance",7,Synthetic demo data,Generated for SKILLYNTRA prototype; not live job-posting data.
SKL101192,EV Data Analyst,Automotive & EV,TechNova Solutions,Jaipur,Rajasthan,Full-time,Junior,11.1,12.3,1,3,"Analyze electric-vehicle data, create dashboards, and identify operational and market trends. The role is based in Jaipur and works with cross-functional teams.","RTOS, Excel, Power BI, Statistics, SQL, EV Analytics, Python",7,Synthetic demo data,Generated for SKILLYNTRA prototype; not live job-posting data.
SKL101193,Software Engineer,Software & IT,SkillTech,Aurangabad,Maharashtra,Full-time,Mid Level,11.5,13.9,2,3,"Design, develop, test, and maintain software services while collaborating with engineering teams. The role is based in Aurangabad and works with cross-functional teams.","Data Structures, Java, SQL, Python, Git, Microcontrollers, REST API",7,Synthetic demo data,Generated for SKILLYNTRA prototype; not live job-posting data.
SKL101194,HR Analyst,HR & Operations,Nova Mobility,Kolkata,West Bengal,Full-time,Junior,5.7,9.1,1,5,"Analyze workforce data, prepare HR reports, and support evidence-based people and talent decisions. The role is based in Kolkata and works with cross-functional teams.","Data Analysis, Power BI, Unity, Communication, Excel, HR Analytics, REST API",7,Synthetic demo data,Generated for SKILLYNTRA prototype; not live job-posting data.
SKL101195,Electronics Engineer,Electronics & Embedded,VisionEdge,Mumbai,Maharashtra,Contract,Mid Level,6.0,7.7,3,7,"Design, test, and troubleshoot electronic systems, PCBs, and embedded hardware. The role is based in Mumbai and works with cross-functional teams.","PCB Design, Circuit Design, Testing, SolidWorks, Embedded Systems, MATLAB, C, Manufacturing",8,Synthetic demo data,Generated for SKILLYNTRA prototype; not live job-posting data.
SKL101196,Data Scientist,AI & Data,CoreStack,Ahmedabad,Gujarat,Contract,Mid Level,10.0,11.9,3,4,"Build statistical and machine-learning models, prepare datasets, evaluate model performance, and communicate findings. The role is based in Ahmedabad and works with cross-functional teams.","Statistics, SQL, Pandas, PyTorch, Machine Learning, Computer Vision, Python, Scikit-learn",8,Synthetic demo data,Generated for SKILLYNTRA prototype; not live job-posting data.
SKL101197,Game Developer,Gaming & Interactive,SkillTech,Gurugram,Haryana,Full-time,Mid Level,9.1,10.3,2,6,"Develop gameplay systems, implement mechanics, optimize performance, and collaborate with design teams. The role is based in Gurugram and works with cross-functional teams.","C++, Game Development, Git, 3D Mathematics, C#, Unity",6,Synthetic demo data,Generated for SKILLYNTRA prototype; not live job-posting data.
SKL101198,Cybersecurity Analyst,Cybersecurity,Nova Mobility,Aurangabad,Maharashtra,Full-time,Senior,8.1,11.1,4,8,"Monitor security events, investigate incidents, assess risks, and support security controls. The role is based in Aurangabad and works with cross-functional teams.","Linux, SIEM, Cybersecurity, Incident Response, Python, Networking",6,Synthetic demo data,Generated for SKILLYNTRA prototype; not live job-posting data.
SKL101199,EV Data Analyst,Automotive & EV,InsightWorks,Gurugram,Haryana,Full-time,Mid Level,10.6,12.8,2,6,"Analyze electric-vehicle data, create dashboards, and identify operational and market trends. The role is based in Gurugram and works with cross-functional teams.","Statistics, Power BI, SQL, Python, Excel, EV Analytics",6,Synthetic demo data,Generated for SKILLYNTRA prototype; not live job-posting data.
SKL101200,Cybersecurity Analyst,Cybersecurity,SmartFab Technologies,Mumbai,Maharashtra,Contract,Junior,10.5,16.2,1,4,"Monitor security events, investigate incidents, assess risks, and support security controls. The role is based in Mumbai and works with cross-functional teams.","Python, Cybersecurity, Incident Response, Linux, SIEM, Networking",6,Synthetic demo data,Generated for SKILLYNTRA prototype; not live job-posting data.
